-80.40336, 25.68519, Ashley Furniture HomeStore, USA-United States, 12955 SW 88th St
-73.61720, 40.74613, Ashley Furniture HomeStore, USA-United States, 164 Glen Cove Rd
-74.04470, 40.78235, Ashley Furniture HomeStore, USA-United States, 925 Paterson Plank Rd
-96.30677, 30.63761, Ashley Furniture HomeStore, USA-United States, 1201 Earl Rudder Frwy S
-88.43520, 33.51965, Ashley Furniture HomeStore, USA-United States, 1721 Hwy 45 N
-89.92402, 38.57149, Ashley Furniture HomeStore, USA-United States, 3700 Green Mt Crossing Dr
-111.82758, 33.39333, Ashley Furniture HomeStore, USA-United States, 6233 E Southern Ave
-79.51975, 36.06821, Ashley Furniture HomeStore, USA-United States, 1439 University Dr
-119.23198, 46.23190, Ashley Furniture HomeStore, USA-United States, 1340 Tapteal Dr
-106.76850, 32.35488, Ashley Furniture HomeStore, USA-United States, 3299 Del Rey Blvd
-111.17478, 45.67102, Ashley Furniture HomeStore, USA-United States, 8247 Huffine Lane
-111.92586, 33.61467, Ashley Furniture HomeStore, USA-United States, 14202 N Scottsdale Rd
-108.14432, 36.76901, Ashley Furniture HomeStore, USA-United States, 5200 E Main St
-90.47389, 31.26063, Ashley Furniture HomeStore, USA-United States, 1722 Veterans Blvd
-86.39957, 39.76237, Ashley Furniture HomeStore, USA-United States, 9841 East US Hwy 36
-75.87128, 39.60819, Ashley Furniture HomeStore, USA-United States, 801 E Pulaski Hwy
-82.82924, 39.92417, Ashley Furniture HomeStore, USA-United States, 2800 Brice Rd
-84.56964, 39.05360, Ashley Furniture HomeStore, USA-United States, 520 Clock Tower Way
-82.91899, 40.05140, Ashley Furniture HomeStore, USA-United States, 3883 Gramercy St
-117.67723, 35.62255, Ashley Furniture HomeStore, USA-United States, 414 W Ridgecrest Blvd
-122.33549, 48.44697, Ashley Furniture HomeStore, USA-United States, 1955 S Burlington Blvd
-98.58944, 29.55981, Ashley Furniture HomeStore, USA-United States, 12493 W I-10
-116.38806, 33.79724, Ashley Furniture HomeStore, USA-United States, 34740 Monterey Ave
-97.61292, 38.79381, Ashley Furniture HomeStore, USA-United States, 2534 S 9th St
-87.94989, 42.92114, Ashley Furniture HomeStore, USA-United States, 6801 S 27th St
-95.71535, 29.55334, Ashley Furniture HomeStore, USA-United States, 16762 Hwy 59 S
-84.14238, 33.95107, Ashley Furniture HomeStore, USA-United States, 3875-B Venture Dr
-88.66845, 32.35923, Ashley Furniture HomeStore, USA-United States, 1187 Bonita Lakes Cir
-86.48056, 31.30807, Ashley Furniture HomeStore, USA-United States, 212 E Three Notch Rd
-80.69750, 28.07901, Ashley Furniture HomeStore, USA-United States, 4360 W New Haven Ave
-81.80316, 26.30076, Ashley Furniture HomeStore, USA-United States, 14250 Tamiami Trail N
-95.16448, 29.64958, Ashley Furniture HomeStore, USA-United States, 5130 Fairmont Pkwy
-81.52533, 30.25945, Ashley Furniture HomeStore, USA-United States, 4621 River City Dr
-88.33566, 42.15970, Ashley Furniture HomeStore, USA-United States, 2451 S Randall Rd
-103.22174, 44.10975, Ashley Furniture HomeStore, USA-United States, 2525 Haines Ave
-111.98299, 33.31970, Ashley Furniture HomeStore, USA-United States, 4711 E Ray Rd
-88.48550, 44.26048, Ashley Furniture HomeStore, USA-United States, 4729 W Lawrence St
-94.09819, 33.44651, Ashley Furniture HomeStore, USA-United States, 602 Walton Dr
-77.63454, 37.42310, Ashley Furniture HomeStore, USA-United States, 10921 Hull St Rd
-87.97863, 42.10970, Ashley Furniture HomeStore, USA-United States, 345 E Palatine Rd
-84.76241, 33.37633, Ashley Furniture HomeStore, USA-United States, 211 Newman Crossing Bypass
-83.83368, 39.94641, Ashley Furniture HomeStore, USA-United States, 1690 N Bechtle Ave
-73.42369, 40.72374, Ashley Furniture HomeStore, USA-United States, 1821 Route 110
-100.78484, 46.80100, Ashley Furniture HomeStore, USA-United States, 613 Kirkwood Mall
-92.90867, 44.94690, Ashley Furniture HomeStore, USA-United States, 9737 Hudson Rd
-117.39991, 47.75185, Ashley Furniture HomeStore, USA-United States, 10425 N Newport Hwy
-79.88964, 36.05357, Ashley Furniture HomeStore, USA-United States, 1705 South 40 Dr
-97.66242, 30.44755, Ashely Furniture HomeStead, USA-United States, 15424 FM 1825
-80.30053, 36.08055, Ashley Furniture HomeStore, USA-United States, 1150 Hanes Mall Blvd
-81.41670, 28.66522, Ashley Furniture HomeStore, USA-United States, 880 W State Rd 436
-96.61600, 32.80970, Ashley Furniture HomeStore, USA-United States, 1330 Town East Blvd
-80.94357, 32.29389, Ashley Furniture HomeStore, USA-United States, 101 Okatie Center Blvd
-81.20687, 28.55642, Ashley Furniture HomeStore, USA-United States, 829 N Alafaya Trl
-80.40513, 33.96447, Ashley Furniture HomeStore, USA-United States, 2850 Broad St
-116.34972, 43.60594, Ashley Furniture HomeStore, USA-United States, 3530 E. Franklin
-95.39089, 29.56786, Ashley Furniture HomeStore, USA-United States, 2806 Business Center Dr
-97.71864, 31.10391, Ashley Furniture HomeStore, USA-United States, 1101 S W S Young Dr
-98.38116, 40.93065, Ashely Furniture HomeStead, USA-United States, 1215 Allen Dr
-89.20567, 37.72809, Ashley Furniture HomeStore, USA-United States, 715 E Main St
-97.20153, 32.83415, Ashley Furniture HomeStore, USA-United States, 8555 Airport Freeway
-103.33834, 34.18310, Ashley Furniture HomeStore, USA-United States, 312 South Ave C
-87.46946, 41.51176, Ashley Furniture HomeStore, USA-United States, 1516 US Hwy 41
-98.44227, 45.45913, Ashley Furniture HomeStore, USA-United States, 3315 6th Ave
-84.45634, 39.29302, Ashley Furniture HomeStore, USA-United States, 11755 Commons Dr
-93.26397, 37.14229, Ashley Furniture HomeStore, USA-United States, 1715 E Independence
-101.29620, 48.23635, Ashley Furniture HomeStore, USA-United States, 10S Broadway
-85.43836, 31.26196, Ashley Furniture HomeStore, USA-United States, 4162 Montgomery Hwy
-78.95791, 35.06661, Ashley Furniture HomeStore, USA-United States, 191 Glensford Dr
-122.71567, 38.35200, Ashley Furniture HomeStore, USA-United States, 6001 Redwood Dr
-90.92990, 30.21085, Ashley Furniture HomeStore, USA-United States, 810 Hwy 30 W
-90.33349, 38.50043, Ashley Furniture HomeStore, USA-United States, 4432 Lemay Ferry Rd
-111.72843, 32.87938, Ashley Furniture HomeStore, USA-United States, 1375 E Florence Blvd
-117.15568, 32.88295, Ashley Furniture HomeStore, USA-United States, 7310 Miramar Rd
-93.85175, 31.34166, Ashley Furniture HomeStore, USA-United States, 350 Sabine St Hwy 87 N
-87.83030, 42.05469, Ashley Furniture HomeStore, USA-United States, 8251 W Golf Rd
-77.94972, 35.37282, Ashley Furniture HomeStore, USA-United States, 301 N Berkeley Blvd
-83.69741, 41.61479, Ashley Furniture HomeStore, USA-United States, 1520 Spring Meadows Dr
-82.68043, 34.55313, Ashley Furniture HomeStore, USA-United States, 3523 Clemson Blvd
-88.03033, 41.72671, Ashley Furniture HomeStore, USA-United States, 875 E Boughton Rd
-89.69644, 39.74040, Ashley Furniture HomeStore, USA-United States, 2325 Chuckwagon Dr
-123.04255, 44.07309, Ashley Furniture HomeStore, USA-United States, 2800 Gateway St
-93.72037, 32.55518, Ashley Furniture HomeStore, USA-United States, 2561 Viking Dr
-82.68508, 27.84014, Ashley Furniture HomeStore, USA-United States, 7900 US Hwy 19 N
-117.74118, 33.87558, Ashley Furniture HomeStore, USA-United States, 22705 Savi Ranch Pkwy
-88.17388, 30.69700, Ashley Furniture HomeStore, USA-United States, 314 S University Blvd
-94.73340, 31.30727, Ashley Furniture HomeStore, USA-United States, 2949 S John Redditt Dr
-89.79266, 35.19046, Ashley Furniture HomeStore, USA-United States, 2385 N Germantown Pkwy
-90.69996, 38.77677, Ashley Furniture HomeStore, USA-United States, 2331 Hwy K
-114.62509, 32.67670, Ashley Furniture HomeStore, USA-United States, 450 W 28th St
-114.02895, 46.84280, Ashley Furniture HomeStore, USA-United States, 3025 Paxson
-76.01504, 40.98944, Ashley Furniture HomeStore, USA-United States, 124 Airport Beltway
-84.06029, 39.77996, Ashley Furniture HomeStore, USA-United States, 2850 E Center Dr
-122.57894, 45.48317, Ashley Furniture HomeStore, USA-United States, 11421 SE 82nd Ave
-98.33323, 29.56294, Ashley Furniture HomeStore, USA-United States, 7919 Pat Booker Rd
-97.00178, 28.83623, Ashley Furniture HomeStore, USA-United States, 4501 N Navarro
-98.20479, 26.19424, Ashley Furniture HomeStore, USA-United States, 401 N Jackson Rd
-78.39252, 35.56658, Ashley Furniture HomeStore, USA-United States, 9257 US 70 Bus Hwy W
-109.84632, 32.90517, Ashley Furniture HomeStore, USA-United States, 2281 Hwy 70
-99.08401, 40.71704, Ashley Furniture HomeStore, USA-United States, 4318 2nd Ave
-77.42091, 39.43022, Ashley Furniture HomeStore, USA-United States, 1305 W Seventh St
-122.34948, 40.58743, Ashley Furniture HomeStore, USA-United States, 1345 Churn Creek Rd
-100.47758, 28.71514, Ashley Furniture HomeStore, USA-United States, 101 Aztec Dr
-82.31298, 34.83590, Ashley Furniture HomeStore, USA-United States, 1017 Woodruff Rd
-85.40652, 32.61615, Ashley Furniture HomeStore, USA-United States, 2401 Interstate Dr
-87.54678, 33.16518, Ashley Furniture HomeStore, USA-United States, 701-Skyland Blvd
-84.61707, 37.08361, Ashley Furniture HomeStore, USA-United States, 645 S Hwy 27
-80.87596, 35.59593, Ashley Furniture HomeStore, USA-United States, 649 River Hwy
-97.39186, 27.71870, Ashley Furniture HomeStore, USA-United States, 4340 S Padre Island
-77.70172, 39.66092, Ashley Furniture HomeStore, USA-United States, 1505 Potomac Ave
-84.09011, 33.69128, Ashley Furniture HomeStore, USA-United States, 2900 Stonecrest Circle
-74.25546, 40.61198, Ashley Furniture HomeStore, USA-United States, 1015 Edward St
-93.02588, 45.03578, Ashley Furniture HomeStore, USA-United States, 1770 County Rd D
-88.61313, 37.07562, Ashley Furniture HomeStore, USA-United States, 451 S 16th St
-115.20661, 36.27710, Ashley Furniture HomeStore, USA-United States, 6425 N Decatur Blvd
-103.67928, 41.87374, Ashley Furniture HomeStore, USA-United States, 1310 W 27th St
-119.78617, 36.84523, Ashley Furniture HomeStore, USA-United States, 7502 N. Blackstone Ave
-74.65227, 40.87359, Ashley Furniture HomeStore, USA-United States, 461 State Rte 10
-86.43041, 35.85455, Ashley Furniture HomeStore, USA-United States, 460 N Thompson Lane
-75.04814, 39.76261, Ashley Furniture HomeStore, USA-United States, 5851 Rte 42 S
-122.14022, 38.21252, Ashley Furniture HomeStore, USA-United States, 4865 Auto Plaza Ct
-82.52035, 35.45663, Ashley Furniture HomeStore, USA-United States, 233 Airport Rd
-117.33905, 34.48016, Ashley Furniture HomeStore, USA-United States, 12703 Armargosa Rd
-82.36102, 31.21167, Ashley Furniture HomeStore, USA-United States, 513 Tebeau St
-87.94331, 42.23442, Ashley Furniture HomeStore, USA-United States, 413 N Milwaukee Ave
-78.57703, 35.87032, Ashley Furniture HomeStore, USA-United States, 6401 Town Center Dr
-90.43965, 42.73303, Ashley Furniture HomeStore, USA-United States, 1525 E Hwy 151
-99.31785, 38.88556, Ashley Furniture HomeStore, USA-United States, 2702 Vine St
-81.63807, 30.47885, Ashley Furniture HomeStore, USA-United States, 13265 City Square Dr
-80.75675, 35.30359, Ashley Furniture HomeStore, USA-United States, 430 E Mccullough Dr
-84.41942, 38.01367, Ashley Furniture HomeStore, USA-United States, 1750 Bryant Rd
-82.35563, 36.31716, Ashley Furniture HomeStore, USA-United States, 155 Market Place
-97.13113, 32.67520, Ashley Furniture HomeStore, USA-United States, 1530 W I-20
-74.07530, 40.85239, Ashley Furniture HomeStore, USA-United States, 69 Rte 17 S
-76.75029, 39.98067, Ashley Furniture HomeStore, USA-United States, 905 Loucks Rd
-86.60656, 30.42829, Ashley Furniture HomeStore, USA-United States, 224C Eglin Pkwy
-102.75234, 46.88152, Ashley Furniture HomeStore, USA-United States, 2234 I-94 Business Loop E
-98.53304, 29.35730, Ashley Furniture HomeStore, USA-United States, 7010 S Zarzamora St
-98.02565, 43.72378, Ashley Furniture HomeStore, USA-United States, 1500 N Main
-122.85337, 45.53445, Ashley Furniture HomeStore, USA-United States, 17275 NW Cornell Rd
-91.17023, 30.57688, Ashley Furniture HomeStore, USA-United States, 250 Main St
-75.04010, 39.41373, Ashley Furniture HomeStore, USA-United States, 1601 N High St
-93.25911, 44.16898, Ashley Furniture HomeStore, USA-United States, 6500 W Frontage Rd
-96.70900, 33.01648, Ashley Furniture HomeStore, USA-United States, 1201 N Central Expressway
-113.52896, 37.12585, Ashley Furniture HomeStore, USA-United States, 2376 E Red Cliffs Dr
-90.74908, 29.60951, Ashley Furniture HomeStore, USA-United States, 1620 Martin Luther King
-110.97073, 31.86987, Ashely Furniture HomeStead, USA-United States, 100 W Duval Mine Rd
-117.19889, 33.55579, Ashley Furniture HomeStore, USA-United States, 25125 Madison St
-75.02078, 39.94198, Ashley Furniture HomeStore, USA-United States, 2100 Rte 38
-119.78620, 39.49291, Ashley Furniture HomeStore, USA-United States, 750 E Moana Lane
-149.86116, 61.18220, Ashley Furniture HomeStore, USA-United States, 3146 New Seward Hwy
-78.90339, 33.71226, Ashley Furniture HomeStore, USA-United States, 906 Frontage Rd
-116.95528, 32.65447, Ashley Furniture HomeStore, USA-United States, 881 Showroom Pl
-77.89602, 34.14277, Ashley Furniture HomeStore, USA-United States, 5309 Carolina Beach Rd
-77.68007, 43.20739, Ashley Furniture HomeStore, USA-United States, 1960 W Ridge Rd
-112.02249, 46.61741, Ashley Furniture HomeStore, USA-United States, 3297 Dredge Dr
-72.99976, 40.77995, Ashley Furniture HomeStore, USA-United States, 700 S Service Rd
-86.80319, 35.96582, Ashley Furniture HomeStore, USA-United States, 8099 Moores Lane
-87.85166, 41.54648, Ashley Furniture HomeStore, USA-United States, 19800 Lagrange Rd
-74.45035, 40.46396, Ashley Furniture HomeStore, USA-United States, 3730 Rte 1 N
-74.89420, 44.93215, Ashley Furniture HomeStore, USA-United States, 28 Andrews St
-80.82157, 27.24381, Ashley Furniture HomeStore, USA-United States, 804 E.N. Park St
-117.26418, 34.01547, Ashley Furniture HomeStore, USA-United States, 855 Ashley Way
-95.71409, 29.78659, Ashley Furniture HomeStore, USA-United States, 19660 Restaurant Row
-112.46054, 42.90971, Ashley Furniture HomeStore, USA-United States, 1950 Hurley Dr
-92.47285, 31.28031, Ashley Furniture HomeStore, USA-United States, 1804-B Macarthur Dr
-73.87518, 40.73455, Ashley Furniture HomeStore, USA-United States, 88-12 Queens Blvd
-84.99182, 33.03755, Ashley Furniture HomeStore, USA-United States, 90 Durand Rd
-97.46691, 37.72168, Ashley Furniture HomeStore, USA-United States, 10711 W 21 St
-74.27798, 40.88860, Ashley Furniture HomeStore, USA-United States, 561 Rte 46
-117.08297, 47.66486, Ashley Furniture HomeStore, USA-United States, 21605 E. Country Vista Dr
-85.82262, 31.30595, Ashley Furniture HomeStore, USA-United States, 1510 East Park Ave
-73.92896, 40.61587, Ashley Furniture HomeStore, USA-United States, 2233 Flatbush Ave
-111.23063, 47.49383, Ashley Furniture HomeStore, USA-United States, 4500 10th Ave S
-106.58407, 35.17151, Ashley Furniture HomeStore, USA-United States, 7912 Pan American Frwy NE
-82.35349, 28.18155, Ashely Furniture HomeStore, USA-United States, 26222 Golden Maple Loop
-74.99903, 44.66734, Ashley Furniture HomeStore, USA-United States, 6826 US Hwy 11
-95.30482, 32.29521, Ashley Furniture HomeStore, USA-United States, 5007 Old Bullard Rd
-118.38659, 34.03017, Ashley Furniture HomeStore, USA-United States, 8850 Venice Blvd
-90.44043, 36.73227, Ashley Furniture HomeStore, USA-United States, 3418 S Westwood Blvd
-76.83006, 42.15894, Ashley Furniture HomeStore, USA-United States, 901 Lackawanna Ave
-87.19039, 30.49444, Ashley Furniture HomeStore, USA-United States, 6863 North 9th Ave
-83.00089, 43.81895, Ashley Furniture HomeStore, USA-United States, 850 N Van Dyke
-96.82127, 33.09184, Ashley Furniture HomeStore, USA-United States, 7780 TX 121
-78.96140, 35.96601, Ashley Furniture HomeStore, USA-United States, 3400 Westgate Dr
-75.30642, 40.83033, Ashley Furniture HomeStore, USA-United States, 487 E Moorestown Rd
-85.52147, 36.15540, Ashley Furniture HomeStore, USA-United States, 620 W Jackson St
-86.12451, 39.63057, Ashley Furniture HomeStore, USA-United States, 733 Loews Blvd
-118.14639, 34.60249, Ashley Furniture HomeStore, USA-United States, 39626 1-th St W
-88.97829, 42.26920, Ashley Furniture HomeStore, USA-United States, 7131 East State St
-111.89824, 40.73142, Ashley Furniture HomeStore, USA-United States, 1773 S 300 West
-88.05851, 44.48437, Ashley Furniture HomeStore, USA-United States, 700 Willard Dr
-80.65143, 41.02432, Ashley Furniture HomeStore, USA-United States, 340 Boardman Poland Rd
-105.59098, 41.31066, Ashley Furniture HomeStore, USA-United States, 320 S Fifth St
-89.61712, 37.35635, Ashley Furniture HomeStore, USA-United States, 4700 E Jackson Blvd
-100.90207, 29.37502, Ashley Furniture HomeStore, USA-United States, 504 East 10th St
-111.83386, 41.78045, Ashely Furniture HomeStead, USA-United States, 2650 N Main St
-77.39037, 37.25423, Ashley Furniture HomeStore, USA-United States, 1899 Southpark Blvd
-76.74178, 39.26568, Ashley Furniture HomeStore, USA-United States, 6610 Baltimore Natl Pike
-87.85766, 42.56379, Ashley Furniture HomeStore, USA-United States, 12185 77th St
-100.31749, 44.36943, Ashley Furniture HomeStore, USA-United States, 540 Garfield St
-93.46651, 44.78415, Ashley Furniture HomeStore, USA-United States, 4250 12th Ave E
-84.22741, 39.64188, Ashley Furniture HomeStore, USA-United States, 161 Mall Woods Dr
-92.06735, 32.49728, Ashley Furniture HomeStore, USA-United States, 3551 Pecanland Mall Dr
-83.07303, 40.58149, Ashley Furniture HomeStore, USA-United States, 2074 Marion Mt Gilead Rd
-83.94934, 30.85068, Ashley Furniture HomeStore, USA-United States, 2621 E Pinetree Blvd
-86.56618, 30.73345, Ashley Furniture HomeStore, USA-United States, 2499 S Ferdon Blvd
-88.72035, 34.25304, Ashley Furniture HomeStore, USA-United States, 910 Common Wealth
-84.13763, 34.20688, Ashley Furniture HomeStore, USA-United States, 2475 Marketplace Blvd
-104.77194, 41.13507, Ashley Furniture HomeStore, USA-United States, 3151 Nationway
-89.78276, 33.72259, Ashley Furniture HomeStore, USA-United States, 1250 Hwy 51
-92.33426, 38.93784, Ashley Furniture HomeStore, USA-United States, 5710 Bull Run Rd
-98.55710, 33.87653, Ashley Furniture HomeStore, USA-United States, 4400 Kell Blvd
-80.23037, 27.17133, Ashley Furniture HomeStore, USA-United States, 2671 N Federal Hwy
-122.67833, 47.65709, Ashley Furniture HomeStore, USA-United States, 9577 Ridgetop Blvd NW
-80.69743, 35.11551, Ashley Furniture HomeStore, USA-United States, 11416 E Independence Blvd
-78.38654, 33.97249, Ashley Furniture HomeStore, USA-United States, 25 Naber Dr
-89.51002, 44.49579, Ashley Furniture HomeStore, USA-United States, 1015 Commons Circle
-76.14584, 43.10906, Ashley Furniture HomeStore, USA-United States, 154 Northern Lights Plz
-122.05546, 37.97881, Ashley Furniture HomeStore, USA-United States, 2201 John Glenn Dr
-117.20043, 33.14955, Ashley Furniture HomeStore, USA-United States, 1730 Descanso Ave
-97.41236, 32.68112, Ashley Furniture HomeStore, USA-United States, 4851 Citylake Blvd W
-81.11093, 35.25721, Ashley Furniture HomeStore, USA-United States, 3932 E Franklin Blvd
-114.10242, 35.59182, Ashley Furniture HomeStore, USA-United States, 4290 Stockton Hill Rd
-77.33734, 35.59724, Ashley Furniture HomeStore, USA-United States, 1975 E Greenville Blvd
-110.00539, 34.16185, Ashley Furniture HomeStore, USA-United States, 3512 Lockwood Dr
-87.49251, 37.98904, Ashley Furniture HomeStore, USA-United States, 1441 N Green River Rd
-84.57293, 34.00694, Ashley Furniture HomeStore, USA-United States, 800 Barrett Parkway
-96.55561, 39.18393, Ashley Furniture HomeStore, USA-United States, 200 Sarber Lane
-94.52432, 36.17276, Ashley Furniture HomeStore, USA-United States, 1400 Hwy 412 E
-85.14375, 41.11797, Ashley Furniture HomeStore, USA-United States, 311 E Coliseum Blvd
-81.49401, 31.21854, Ashley Furniture HomeStore, USA-United States, 651 Scranton Rd
-82.07836, 33.49089, Ashley Furniture HomeStore, USA-United States, 216 Robert C Daniel Pkwy
-93.72012, 32.44582, Ashley Furniture HomeStore, USA-United States, 6586 Youree Dr
-93.96376, 44.16680, Ashley Furniture HomeStore, USA-United States, 1621 E Madison St
-112.33868, 33.45422, Ashley Furniture HomeStore, USA-United States, 1479 N Dysart Rd
-76.02372, 38.77378, Ashley Furniture HomeStore, USA-United States, 29602 Dover Rd
-76.98045, 42.87132, Ashley Furniture HomeStore, USA-United States, 258 Exchange St
-73.45259, 44.69756, Ashley Furniture HomeStore, USA-United States, 84 Margaret St
-96.87374, 46.86140, Ashley Furniture HomeStore, USA-United States, 1601 E 13th Ave
-83.59389, 41.05986, Ashley Furniture HomeStore, USA-United States, 7450 Timberstone Dr
-71.21438, 42.75803, Ashley Furniture HomeStore, USA-United States, 14 Kelly Rd
-82.59032, 40.77336, Ashley Furniture HomeStore, USA-United States, 919 Lexington Springmill
-80.35889, 26.02954, Ashley Furniture HomeStore, USA-United States, 15451 Sheridan St
-121.65485, 36.71542, Ashley Furniture HomeStore, USA-United States, 1690 North Main St
-83.76121, 40.32796, Ashley Furniture HomeStore, USA-United States, 2400 Rt 68 S
-81.08056, 29.17939, Ashley Furniture HomeStore, USA-United States, 2400 W Intl Speedway Blvd
-78.38191, 42.06503, Ashley Furniture HomeStore, USA-United States, 1429 Olean Portville Rd
-94.16144, 30.12542, Ashley Furniture HomeStore, USA-United States, 6155 Eastex Freeway
-84.08151, 36.96429, Ashley Furniture HomeStore, USA-United States, 236 E Cumberland Gap Pkwy
-114.34762, 34.47371, Ashley Furniture HomeStore, USA-United States, 1607 Mesquite Ave
-86.80633, 33.60040, Ashley Furniture HomeStore, USA-United States, 3321 Lowery Parkway
-76.82284, 40.27853, Ashley Furniture HomeStore, USA-United States, 3880 Union Deposit Rd
-99.78589, 32.40712, Ashley Furniture HomeStore, USA-United States, 4597 Southwest Dr
-93.15730, 30.15822, Ashley Furniture HomeStore, USA-United States, 3625 Hwy 14
-81.99075, 34.94109, Ashley Furniture HomeStore, USA-United States, 300 W Blackstock Rd
-78.40018, 40.50795, Ashley Furniture HomeStore, USA-United States, 221 Falon Lane
-84.16424, 40.76991, Ashley Furniture HomeStore, USA-United States, 3223 Elida Rd
-78.78213, 42.79194, Ashley Furniture HomeStore, USA-United States, 3405 Amelia Dr
-91.34619, 39.93511, Ashley Furniture HomeStore, USA-United States, 4303 Broadway St
-88.18941, 43.28374, Ashley Furniture HomeStore, USA-United States, 2515 Cabela Dr
-93.28028, 45.06540, Ashley Furniture HomeStore, USA-United States, 5353 E River Rd
-81.97454, 28.10324, Ashley Furniture HomeStore, USA-United States, 4025 US Hwy 98 N
-107.88102, 37.27270, Ashley Furniture HomeStore, USA-United States, 835 Main Ave
-122.98209, 44.91207, Ashley Furniture HomeStore, USA-United States, 3850 Hager's Grove Rd
-77.51130, 38.30726, Ashley Furniture HomeStore, USA-United States, 1845 Carl D Silver Pkwy
-75.56868, 38.45586, Ashley Furniture HomeStore, USA-United States, 3 Gerald Court
-103.14069, 32.74020, Ashley Furniture HomeStore, USA-United States, 401 W Navajo Rd
-97.79086, 30.15679, Ashley Furniture HomeStore, USA-United States, 9900 S I H 35
-95.88916, 30.97218, Ashley Furniture HomeStore, USA-United States, 2804 I-45 N
-85.67848, 38.14957, Ashley Furniture HomeStore, USA-United States, 7375 Jefferson Blvd
-75.85459, 41.24436, Ashley Furniture HomeStore, USA-United States, 251 Mundy St
-88.25262, 40.13560, Ashley Furniture HomeStore, USA-United States, 602 W Anthony Dr
-77.51086, 37.59668, Ashley Furniture HomeStore, USA-United States, 6312 W Broad St
-86.69975, 36.29437, Ashley Furniture HomeStore, USA-United States, 2160 Gallatin Pike N
-83.08512, 40.09641, Ashley Furniture HomeStore, USA-United States, 3622 Dublin Granville Rd
-90.44147, 30.43879, Ashley Furniture HomeStore, USA-United States, 42774 Merchant Court
-86.45223, 36.98107, Ashley Furniture HomeStore, USA-United States, 1730 W Park Dr
-81.71129, 38.32283, Ashley Furniture HomeStore, USA-United States, 2650 Mountaineer Blvd
-97.07426, 47.88937, Ashley Furniture HomeStore, USA-United States, 3201 32nd Ave S
-74.38740, 41.45568, Ashley Furniture HomeStore, USA-United States, 400 Route 211 E
-77.02033, 40.24703, Ashley Furniture HomeStore, USA-United States, 6484 Carlisle Pike
-80.20787, 26.65102, Ashley Furniture HomeStore, USA-United States, 10312 W Forest Hill Blvd
-81.41674, 28.34231, Ashley Furniture HomeStore, USA-United States, 1301 W Osceola Pkwy
-101.88387, 35.15215, Ashley Furniture HomeStore, USA-United States, 5220 S Western St
-94.34621, 35.35069, Ashley Furniture HomeStore, USA-United States, 7800 Rogers Ave
-122.86728, 42.33174, Ashley Furniture HomeStore, USA-United States, 851 Medford Ctr
-80.08983, 26.70657, Ashley Furniture HomeStore, USA-United States, 2471 Okeechobee Blvd
-78.81723, 42.98735, Ashley Furniture HomeStore, USA-United States, 575 Alberta Dr
-108.57088, 39.07293, Ashley Furniture HomeStore, USA-United States, 655 N 1st St
-89.82232, 35.04951, Ashley Furniture HomeStore, USA-United States, 7200 Winchester Rd
-107.88114, 38.47655, Ashley Furniture HomeStore, USA-United States, 15 W Main St
-112.20795, 33.63961, Ashley Furniture HomeStore, USA-United States, 6910 W Bell Rd
-92.06712, 30.51834, Ashley Furniture HomeStore, USA-United States, 1608 Creswell Lane
-114.31511, 48.20213, Ashley Furniture HomeStore, USA-United States, 105 Bando Lane
-92.99399, 45.50603, Ashley Furniture HomeStore, USA-United States, 38404 Tanger Dr
-89.30835, 43.11895, Ashley Furniture HomeStore, USA-United States, 4279 Lien Rd
-86.81341, 33.37451, Ashely Furniture HomeStore, USA-United States, 4535 Galleria Blvd
-79.42668, 36.59479, Ashley Furniture HomeStore, USA-United States, 143 Crown Dr
-87.08119, 45.77054, Ashley Furniture HomeStore, USA-United States, 2222 North Lincoln Rd
-94.14397, 36.15019, Ashley Furniture HomeStore, USA-United States, 3932 S Thompson Rd
-80.31606, 26.15130, Ashley Furniture HomeStore, USA-United States, 1960 Sawgrass Mills Cir
-82.53203, 35.59445, Ashley Furniture HomeStore, USA-United States, 89 Tunnel Rd
-95.39828, 29.54522, Ashley Furniture HomeStore, USA-United States, 206 Hwy 77-A
-83.44463, 33.91639, Ashley Furniture HomeStore, USA-United States, 1850 Epps Bridge Pkwy
-88.85690, 35.66694, Ashley Furniture HomeStore, USA-United States, 1096 Vann Dr
-108.57903, 45.77126, Ashley Furniture HomeStore, USA-United States, 2914 Millennium Circle
-74.55595, 39.38617, Ashley Furniture HomeStore, USA-United States, 331 Tilton Rd
-89.65327, 41.81244, Ashley Furniture HomeStore, USA-United States, 3614 E Lincolnway
-92.49275, 34.62300, Ashley Furniture HomeStore, USA-United States, 3020 Market Place at I-30
-100.47332, 31.42158, Ashley Furniture HomeStore, USA-United States, 2639 Sunset Dr
-96.75487, 43.51385, Ashley Furniture HomeStore, USA-United States, 2101 W 41st St
-88.99201, 30.38919, Ashley Furniture HomeStore, USA-United States, 2650 Beach Blvd
-121.63567, 39.12728, Ashley Furniture HomeStore, USA-United States, 1320 Franklin Rd
-117.93609, 33.70087, Ashley Furniture HomeStore, USA-United States, 18060 Euclid St
-94.51328, 37.08423, Ashley Furniture HomeStore, USA-United States, 530A S. Rangeline Rd
-99.50434, 27.54030, Ashley Furniture HomeStore, USA-United States, 4520 San Bernardo Ave
-81.78927, 26.49116, Ashley Furniture HomeStore, USA-United States, 9951 Interstate Commerce
-85.54209, 38.21821, Ashley Furniture HomeStore, USA-United States, 11521 Bluegrass Pkwy
-92.33698, 43.93526, Ashely Furniture HomeStore, USA-United States, 3900 N Hwy 52
-84.32810, 33.56852, Ashley Furniture HomeStore, USA-United States, 1930 Mt Zion Rd
-84.21929, 33.46440, Ashley Furniture HomeStore, USA-United States, 1891 Jonesboro Rd
-101.93978, 33.54617, Ashley Furniture HomeStore, USA-United States, 5026 Frankford Ave
-79.82094, 34.18768, Ashley Furniture HomeStore, USA-United States, 2361 David Mcleod Blvd
-90.65178, 35.82103, Ashley Furniture HomeStore, USA-United States, 18430 E Highland Dr
-87.84888, 30.66569, Ashley Furniture HomeStore, USA-United States, 10200 Eastern Shore Blvd
-90.97047, 38.43127, Ashley Furniture HomeStore, USA-United States, 1550 Denmark Rd
-82.31263, 27.95605, Ashley Furniture HomeStore, USA-United States, 2615 Vildibil Dr
-121.97503, 37.50230, Ashley Furniture HomeStore, USA-United States, 43519 Boscell Rd
-121.81516, 39.75900, Ashley Furniture HomeStore, USA-United States, 2101 Dr Mlk Jr Parkway
-97.03682, 32.97214, Ashley Furniture HomeStore, USA-United States, 3400 Grapevine Mills Pkwy
-106.39686, 31.78730, Ashley Furniture HomeStore, USA-United States, 1411 Airway Blvd
-84.15126, 35.90319, Ashley Furniture HomeStore, USA-United States, 11051 Turkey Dr
-80.67608, 35.42010, Ashley Furniture HomeStore, USA-United States, 6060 Bayfield Pkwy
-75.37047, 40.47049, Ashley Furniture HomeStore, USA-United States, 1025 N West End Blvd
-76.55342, 34.77112, Ashley Furniture HomeStore, USA-United States, 5160 US Hwy 70
-90.95646, 30.46188, Ashley Furniture HomeStore, USA-United States, 1820 South Range Ave
-95.26642, 30.00719, Ashley Furniture HomeStore, USA-United States, 20050 Hwy 59 N
-91.47381, 44.24371, Ashley Furniture HomeStore, USA-United States, 343 Detloff Dr
-77.29932, 38.63914, Ashley Furniture HomeStore, USA-United States, 14270 Smoketown Rd
-78.83295, 40.30317, Ashley Furniture HomeStore, USA-United States, 630 Galleria Dr
-80.87992, 35.07852, Ashley Furniture HomeStore, USA-United States, 11320 Carolina Place Pkwy
-77.39864, 34.78692, Ashley Furniture HomeStore, USA-United States, 1250-A Western Blvd
-79.96481, 37.31078, Ashley Furniture HomeStore, USA-United States, 5004 Valley View Blvd NW
-90.01881, 32.41113, Ashley Furniture HomeStore, USA-United States, 233 Grandview Blvd
-111.98332, 41.07661, Ashley Furniture HomeStore, USA-United States, 1080 N Main St
-96.74695, 40.28844, Ashley Furniture HomeStore, USA-United States, 2205 N 6th St
-97.16337, 31.49990, Ashley Furniture HomeStore, USA-United States, 5600 Bagby Ave
-93.66334, 45.25155, Ashley Furniture HomeStore, USA-United States, 6947 Labeaux Ave
-80.02114, 32.87325, Ashley Furniture HomeStore, USA-United States, 4950 Center Pointe Dr
-86.58854, 34.70481, Ashley Furniture HomeStore, USA-United States, 3020 S Memorial Pkwy
-102.15595, 32.00883, Ashley Furniture HomeStore, USA-United States, 5210 Preston Dr
-92.66537, 33.24306, Ashley Furniture HomeStore, USA-United States, 2702 N West Ave
-116.96408, 44.02299, Ashley Furniture HomeStore, USA-United States, 410 S Oregon St
-85.14990, 35.03394, Ashley Furniture HomeStore, USA-United States, 2132 Gunbarrel Rd
-89.38484, 31.32116, Ashley Furniture HomeStore, USA-United States, 6143 US Hwy 98
-121.06302, 39.21772, Ashely Furniture HomeStore, USA-United States, 161 Mill St
-81.16826, 34.06643, Ashley Furniture HomeStore, USA-United States, 108 Harbison Blvd
-84.22681, 30.43159, Ashley Furniture HomeStore, USA-United States, 1190 Capital Circle SE
-74.07569, 40.95730, Ashley Furniture HomeStore, USA-United States, 545 Rte 17S
-94.00882, 30.90714, Ashley Furniture HomeStore, USA-United States, 425 W Gibson
-89.99129, 34.94978, Ashley Furniture HomeStore, USA-United States, 6129 Airways Blvd
-77.62963, 43.08327, Ashley Furniture HomeStore, USA-United States, 650 Hylan Dr
-73.79700, 40.89641, Ashley Furniture HomeStore, USA-United States, 80 Nardozzi Place
-119.10142, 35.38242, Ashley Furniture HomeStore, USA-United States, 8915 Rosedale Hwy
-115.03629, 36.06677, Ashley Furniture HomeStore, USA-United States, 681 Marks St
