-117.26509, 32.96053, Banana Republic, USA-United States, 1555 Camino Del Mar, +1 (858) 350-0847
-117.53458, 34.11070, Banana Republic, USA-United States, 12427 S Mainstreet, +1 (909) 646-8494
-110.86736, 32.22131, Banana Republic, USA-United States, 5870 E Broadway Blvd, +1 (520) 790-0072
-118.15329, 34.14562, Banana Republic, USA-United States, 150 W Colorado Blvd, +1 (626) 449-1125
-119.06193, 34.21794, Banana Republic, USA-United States, 690 Ventura Blvd, +1 (805) 484-6817
-117.06868, 33.06916, Banana Republic, USA-United States, 200 E Via Rancho Pky, +1 (760) 839-3161
-119.69880, 34.41908, Banana Republic, USA-United States, 735 State St, +1 (805) 564-7084
-117.21063, 32.87327, Banana Republic, USA-United States, 4505 La Jolla Village Dr, +1 (858) 554-0180
-111.92839, 33.62556, Banana Republic, USA-United States, 15215 N Kierland Blvd, +1 (480) 948-4005
-118.41976, 34.05999, Banana Republic, USA-United States, 10250 Santa Monica Blvd, +1 (310) 286-2754
-118.44126, 34.05655, Banana Republic, USA-United States, 10861 Rochester Ave, +1 (310) 441-5486
-120.66101, 35.28115, Banana Republic, USA-United States, 990 Higuera St, +1 (805) 541-2318
-117.04135, 32.54528, Banana Republic, USA-United States, 4345 Camino De La Plz, +1 (619) 934-7244
-111.96595, 33.31967, Banana Republic, USA-United States, 7131 W Ray Rd, +1 (480) 763-9557
-118.35284, 33.87075, Banana Republic, USA-United States, 1815 Hawthorne Blvd, +1 (310) 371-1717
-118.25907, 34.14632, Banana Republic, USA-United States, 1118 Glendale Galleria, +1 (818) 543-1455
-118.35908, 34.07127, Banana Republic, USA-United States, 6301 W 3rd St, +1 (323) 692-5020
-118.15315, 34.14562, Banana Republic, USA-United States, 140 W Colorado Blvd, +1 (626) 683-8286
-117.16901, 32.76941, Banana Republic, USA-United States, 7007 Friars Rd, +1 (619) 220-4901
-118.13637, 33.76112, Banana Republic, USA-United States, 5019 E 2nd St, +1 (562) 439-9633
-118.38826, 33.90425, Banana Republic, USA-United States, 2004 Park Pl, +1 (310) 322-2155
-111.89652, 33.30557, Banana Republic, USA-United States, 3111 W Chandler Blvd, +1 (480) 726-6474
-118.37450, 33.77269, Banana Republic, USA-United States, 550 Deep Valley Dr, +1 (310) 265-2537
-112.02733, 33.50966, Banana Republic, USA-United States, 2502 E Camelback Rd, +1 (602) 955-9108
-110.96673, 32.26294, Banana Republic, USA-United States, 344 E Delano St, +1 (520) 790-0072
-117.50647, 33.81254, Banana Republic, USA-United States, 2785 Cabot Dr, +1 (951) 277-7416
-111.92890, 33.50235, Banana Republic, USA-United States, 7014 E Camelback Rd, +1 (480) 970-7653
-117.16122, 32.71418, Banana Republic, USA-United States, 344 Horton Plz, +1 (619) 238-0080
-118.55369, 34.23929, Banana Republic, USA-United States, 9301 Tampa Ave, +1 (818) 993-3195
-117.88575, 33.69035, Banana Republic, USA-United States, 3333 Bristol St, +1 (714) 327-8400
-117.66974, 33.56135, Banana Republic, USA-United States, 27000 Crown Valley Pky, +1 (949) 347-0019
-118.43790, 34.15744, Banana Republic, USA-United States, 14006 Riverside Dr, +1 (818) 905-9157
-115.38947, 35.60937, Banana Republic, USA-United States, 32100 S Las Vegas Blvd, +1 (702) 874-1295
-118.68530, 34.03635, Banana Republic, USA-United States, 3844 Cross Creek Rd, +1 (310) 317-0509
-119.69849, 34.41896, Banana Republic, USA-United States, 101 Paseo Nuevo, +1 (805) 966-5553
-118.37668, 34.07426, Banana Republic, USA-United States, 131 N La Cienega Blvd, +1 (310) 652-0759
-116.96753, 32.62126, Banana Republic, USA-United States, 2015 Birch Rd, +1 (619) 397-5365
-118.42760, 34.04045, Banana Republic, USA-United States, 10800 W Pico Blvd, +1 (310) 441-5975
-118.15291, 34.00499, Banana Republic, USA-United States, 100 Citadel Dr, +1 (323) 727-2086
-117.27402, 32.84579, Banana Republic, USA-United States, 7841 Girard Ave, +1 (858) 456-2996
-118.39695, 34.14355, Banana Republic, USA-United States, 12155 Ventura Blvd, +1 (818) 752-0024
-118.33882, 34.10166, Banana Republic, USA-United States, 6801 Hollywood Blvd, +1 (323) 465-5119
-117.83347, 33.56919, Banana Republic, USA-United States, 7912 Pacific Coast Hwy, +1 (949) 494-4626
-116.38181, 33.71956, Banana Republic, USA-United States, 73515 El Paseo, +1 (760) 341-5682
-118.60576, 34.19039, Banana Republic, USA-United States, 6600 Topanga Canyon Blvd, +1 (818) 887-4050
-118.40148, 34.06922, Banana Republic, USA-United States, 357 N Beverly Dr, +1 (310) 858-7900
-110.97798, 32.28895, Banana Republic, USA-United States, 4500 N Oracle Rd, +1 (520) 696-3211
-117.88592, 33.91298, Banana Republic, USA-United States, 2016 Brea Mall, +1 (714) 256-9395
-117.32279, 33.12651, Banana Republic, USA-United States, 5610 Paseo Del Norte, +1 (760) 804-0138
-118.88786, 34.18708, Banana Republic, USA-United States, 234 W Hillcrest Dr, +1 (805) 557-0277
-118.49921, 34.01806, Banana Republic, USA-United States, 1202 3rd St Prom, +1 (310) 394-7740
-118.09278, 33.86304, Banana Republic, USA-United States, 221 Los Cerritos Mall, +1 (562) 924-5875
-117.16121, 32.71391, Banana Republic, USA-United States, 149 Horton Plz, +1 (619) 231-9798
