-114.046217,51.106538,Cabela's Calgary,851 64th Ave NE • Calgary AB T2E 3B8 • 403-910-0200
-113.400439,53.615367,Cabela's Edmonton (North),15320 37 St NW • Edmonton AB T5Y 0S5 • 780-670-6100
-113.602867,53.438356,Cabela's Edmonton (South),6150 Currents Dr NW • Edmonton AB T6W 0L8 • 780-628-9200
-149.881607,61.126722,Cabela's Anchorage,155 W 104th Ave • Anchorage AK 99515 • 907-341-3400
-86.681255,34.707186,Cabela's Huntsville,7090 Cabela Dr • Huntsville AL 35801 • 256-517-7200
-94.174453,36.300434,Cabela's Rogers,2300 Promenade Blvd • Rogers AR 72758 • 479-616-1925
-112.26354,33.538663,Cabela's Glendale,9380 W. Glendale Ave • Glendale AZ 85305 • 623-872-6700
-122.292703,49.035403,Cabela's Abbotsford,1818 McCallum Rd • Abbotsford BC V2S 0H9 • 604-425-1800
-124.051625,49.239589,Cabela's Nanaimo,6902 Island Highway N • Nanaimo BC V9V 1P6 • 250-390-7800
-108.603817,39.090332,Cabela's Grand Junction,2424 US-6 • Grand Junction CO 81505 • 970-683-5000
-104.873134,39.522333,Cabela's Lone Tree,10670 Cabela Dr • Lone Tree CO 80124 • 303-625-9920
-104.986258,39.952452,Cabela's Thornton,14050 Lincoln St • Thornton CO 80023 • 303-625-6100
-72.621393,41.756259,Cabela's East Hartford,475 East Hartford Blvd N • East Hartford CT 06118 • 860-290-6200
-75.653419,39.682104,Cabela's Christiana,1100 Christiana Mall • Newark DE 19702 • 302-266-2300
-84.650693,34.081691,Cabela's Acworth,152 Northpoint Pkwy • Acworth GA 30102 • 470-315-7500
-82.01786,33.525137,Cabela's Augusta,833 Cabela Dr • Augusta GA 30909 • 762-444-6500
-85.194935,34.970543,Cabela's Fort Oglethorpe,350 Cobb Pkwy • Ringgold GA 30736 • 706-956-2800
-111.982954,43.464138,Cabela's Ammon,3693 S 25th E • Ammon ID 83406 • 208-932-2900
-116.283247,43.604816,Cabela's Boise,8109 W Franklin Rd • Boise ID 83709 • 208-672-7900
-117.035841,47.700557,Cabela's Post Falls,101 N Cabela Way • Post Falls ID 83854 • 208-777-6300
-88.207232,42.073419,Cabela's Hoffman Estates,5225 Prairie Stone Pkwy • Hoffman Estates IL 60192 • 847-645-0400
-87.481264,41.571515,Cabela's Hammond,7700 Cabela Dr • Hammond IN 46324 • 219-845-9040
-85.934676,39.988872,Cabela's Noblesville,13725 Cabela Pkwy • Noblesville IN 46060 • 317-565-6400
-94.816593,39.11912,Cabela's Kansas City,10300 Cabela Dr • Kansas City KS 66111 • 913-328-0322
-97.208146,37.727168,Cabela's Wichita,2427 N Greenwich Rd • Wichita KS 67226 • 316-854-3130
-86.417078,36.938201,Cabela's Bowling Green,3395 Nell O'Bryan Ct • Bowling Green KY 42103 • 270-936-8300
-84.409689,38.027707,Cabela's Lexington,1510 Conservation Way • Lexington KY 40509 • 859-286-5300
-85.57213,38.313306,Cabela's Louisville,5100 Norton Healthcare Blvd • Louisville KY 40241 • 502-365-9020
-90.948385,30.206253,Cabela's Gonzales,2200 W. Cabela's Pkwy • Gonzales LA 70737 • 225-743-3400
-71.596625,42.39301,Cabela's Berlin,44 Highland Common • Hudson MA 01749 • 978-212-6200
-97.220094,49.840169,Cabela's Winnipeg,580 Sterling Lyon Pkwy • Winnipeg MB R3P 1E9 • 204-786-8966
-70.367975,43.601557,Cabela's Scarborough,100 Cabela's Blvd • Scarborough ME 04074 • 207-883-7400
-83.674093,41.963324,Cabela's Dundee,110 Cabela Blvd E • Dundee MI 48131 • 734-529-4700
-85.74119,42.88435,Cabela's Grandville,3000 44th St SW • Grandville MI 49418 • 616-682-6700
-83.975134,43.481082,Cabela's Saginaw,5202 Bay Rd • Saginaw MI 48604 • 989-321-5700
-97.026567,47.928228,Cabela's East Grand Forks,210 DeMers Ave NW • East Grand Forks MN 56721 • 218-773-0282
-93.250128,44.136898,Cabela's Owatonna,3900 Cabela Dr • Owatonna MN 55060 • 507-451-4545
-93.536349,45.186123,Cabela's Rogers,20200 Rogers Dr • Rogers MN 55374 • 763-493-8600
-92.937522,44.94583,Cabela's Woodbury,8400 Hudson Rd • Woodbury MN 55125 • 612-255-0000
-90.416877,38.786443,Cabela's Hazelwood,5555 St. Louis Mills Blvd • Hazelwood MO 63042 • 314-225-0100
-108.529146,45.75423,Cabela's Billings,4550 King Ave E • Billings MT 59101 • 406-373-7300
-114.33322,48.237401,Cabela's Kalispell,125 Treeline Rd • Kalispell MT 59901 • 406-203-5200
-114.038035,46.836866,Cabela's Missoula,3650 Brooks St • Missoula MT 59801 • 406-203-5400
-64.834281,46.12712,Cabela's Moncton,100 Cabela's Ct • Moncton NB E1G 5V7 • 506-804-2400
-78.584265,35.697629,Cabela's Garner,201 Cabela Dr • Garner NC 27529 • 984-204-2200
-99.031435,40.706851,Cabela's Kearney,3600 Hwy 30 E • Kearney NE 68847 • 308-234-3933
-96.10851,41.179431,Cabela's La Vista,12703 Westport Pkwy • La Vista NE 68138 • 402-861-4800
-102.960635,41.115481,Cabela's Sidney,115 Cabela Dr • Sidney NE 69160 • 308-254-7889
-119.968661,39.515101,Cabela's Reno,8650 Boomtown Rd • Verdi NV 89439 • 775-829-4100
-78.762203,42.906899,Cabela's Cheektowaga,2003 Walden Ave • Cheektowaga NY 14225 • 716-608-4770
-82.011854,41.467548,Cabela's Avon,35685 Chester Rd • Avon OH 44011 • 440-723-5600
-84.102053,39.660829,Cabela's Centerville,5500 Cornerstone N Blvd • Centerville OH 45440 • 937-949-2000
-82.974876,40.149355,Cabela's Columbus,1650 Gemini Pl • Columbus OH 43240 • 614-702-2300
-84.369902,39.368171,Cabela's West Chester,7250 Cabela Dr • West Chester OH 45069 • 513-342-5300
-97.534403,35.60583,Cabela's Oklahoma City,1200 W Memorial Rd • Oklahoma City OK 73114 • 405-546-3500
-79.680833,44.341303,Cabela's Barrie,50 Concert Way • Barrie ON L4N 6N5 • 705-735-8900
-75.940385,45.297877,Cabela's Ottawa,3065 Palladium Dr • Ottawa ON K2T 0N2 • 613-319-8600
-123.042783,44.072438,Cabela's Springfield,2800 Gateway St • Springfield OR 97477 • 541-349-5760
-122.755963,45.382857,Cabela's Tualatin,7555 SW Nyberg St • Tualatin OR 97062 • 503-822-2000
-76.005896,40.558185,Cabela's Hamburg,100 Cabela Dr • Hamburg PA 19526 • 610-929-7000
-80.934927,35.099357,Cabela's Fort Mills,1000 Cabela Dr • Fort Mill SC 29708 • 980-337-2600
-82.3073,34.83345,Cabela's Greenville,1025 Woodruff Rd  Ste H101 • Greenville SC 29607 • 864-516-8100
-98.014951,43.690883,Cabela's Mitchell,601 Cabela Dr • Mitchell SD 57301 • 605-996-0337
-103.162757,44.102495,Cabela's Rapid City,3231 East Mall Dr • Rapid City SD 57701 • 605-388-5600
-104.651048,50.405311,Cabela's Regina,4901 Gordon Rd • Regina SK S4W 0B7 • 306-523-5900
-106.62097,52.150565,Cabela's Saskatoon,1714 Preston Ave N • Saskatoon SK S7N 4Y1 • 306-343-4868
-96.663416,33.122754,Cabela's Allen,1 Cabela Dr • Allen TX 75002 • 214-383-0502
-97.823301,30.081949,Cabela's Buda,15570 IH 35 • Buda TX 78610 • 512-295-1100
-97.305607,32.963106,Cabela's Fort Worth,12901 Cabelas Dr • Fort Worth TX 76177 • 817-337-2400
-95.097967,29.475056,Cabela's League City,2421 S Gulf Fwy • League City TX 77573 • 346-231-0200
-101.948727,33.56621,Cabela's Lubbock,3030 W Loop 289 • Lubbock TX 79407 • 806-472-4300
-97.15222,31.498142,Cabela's Waco,2700 Market Place Dr • Waco TX 76711 • 254-870-4300
-111.910923,40.988144,Cabela's Farmington,391 North Cabela Dr • Farmington UT 84025 • 801-939-3700
-111.89206,40.43774,Cabela's Lehi,2502 Cabela's Blvd • Lehi UT 84043 • 801-766-2500
-112.351056,40.533007,Cabela's Tooele (for order pickup),2000 W Cabela's Way • Tooele UT 84074 • 435-728-0370
-82.148430,36.628355,Cabela's Bristol,361 Cabela Dr • Bristol VA 24202 • 276-285-5700
-77.600634,38.796301,Cabela's Gainesville,5291 Wellington Branch Dr • Gainesville VA 20155 • 571-222-9000
-77.638392,37.66293,Cabela's Short Pump,5000 Cabela Dr • Henrico VA 23233 • 804-340-7300
-122.785207,47.063876,Cabela's Lacey,1600 Gateway Blvd NE • Lacey WA 98516 • 360-252-3500
-122.185684,48.084324,Cabela's Tulalip,9810 Quil Ceda Blvd • Tulalip WA 98271 • 360-474-4880
-120.480675,46.5703,Cabela's Union Gap,1400 E Washington Ave • Union Gap WA 98903 • 509-941-2100
-88.07757,44.50749,Cabela's Green Bay,1499 Lombardi Ave • Ashwaubenon WI 54304 • 920-264-0140
-91.136634,43.073469,Cabela's Prairie du Chien,33901 St. Hwy 35 • Prairie du Chien WI 53821 • 608-326-5600
-88.18907,43.280761,Cabela's Richfield,One Cabela Way • Richfield WI 53076 • 262-628-5700
-89.271609,43.165759,Cabela's Sun Prairie,1350 Cabela Dr • Sun Prairie WI 53590 • 608-478-4100
-81.717891,38.315349,Cabela's Charleston,200 Cross Terrace Blvd • Charleston WV 25309 • 304-400-6000
-80.59912,40.060866,Cabela's Wheeling,One Cabela Dr • Triadelphia WV 26059 • 304-238-0120
