-82.57994, 27.99457, Denny's, USA-United States
-97.16390, 34.18748, Denny's, USA-United States
-118.12502, 33.80799, Denny's, USA-United States
-83.54983, 35.78119, Denny's, USA-United States
-122.21232, 39.52327, Denny's, USA-United States
-104.43567, 36.88512, Denny's, USA-United States
-92.39410, 34.75214, Denny's, USA-United States
-122.43421, 47.15925, Denny's, USA-United States
-122.51311, 37.92474, Denny's, USA-United States
-81.89634, 28.84284, Denny's, USA-United States
-112.46610, 42.91138, Denny's, USA-United States
-83.13303, 41.36395, Denny's, USA-United States
-81.89742, 39.96517, Denny's, USA-United States
-95.84065, 34.83138, Denny's, USA-United States
-70.93612, 42.54891, Denny's, USA-United States
-122.40472, 37.78433, Denny's, USA-United States
-111.96958, 33.37845, Denny's, USA-United States
-88.00922, 43.17759, Denny's, USA-United States
-117.99252, 33.77439, Denny's, USA-United States
-82.73369, 28.22380, Denny's, USA-United States
-74.38633, 41.45587, Denny's, USA-United States
-71.49506, 42.76664, Denny's, USA-United States
-95.57589, 29.78246, Denny's, USA-United States
-96.83963, 32.80764, Denny's, USA-United States
-95.52814, 29.69032, Denny's, USA-United States
-81.31059, 28.53758, Denny's, USA-United States
-101.85509, 33.59000, Denny's, USA-United States
-122.25637, 38.13616, Denny's, USA-United States
-71.50021, 41.68273, Denny's, USA-United States
-119.62896, 36.57437, Denny's, USA-United States
-102.11235, 31.97992, Denny's, USA-United States
-81.64855, 41.39554, Denny's, USA-United States
-81.57321, 30.22013, Denny's, USA-United States
-118.37555, 33.91660, Denny's, USA-United States
-124.15304, 40.57765, Denny's, USA-United States
-122.27377, 38.28062, Denny's, USA-United States
-97.69348, 30.21704, Denny's, USA-United States
-121.26660, 38.74345, Denny's, USA-United States
-82.50365, 28.06249, Denny's, USA-United States
-118.47085, 34.22125, Denny's, USA-United States
-119.78364, 39.50575, Denny's, USA-United States
-110.13678, 34.93265, Denny's, USA-United States
-86.89386, 41.66711, Denny's, USA-United States
-97.97248, 35.50549, Denny's, USA-United States
-75.21819, 43.10991, Denny's, USA-United States
-80.09414, 36.10904, Denny's, USA-United States
-117.39834, 34.10657, Denny's, USA-United States
-117.79820, 34.04091, Denny's, USA-United States
-121.91948, 37.37446, Denny's, USA-United States
-95.81798, 29.53222, Denny's, USA-United States
-115.12613, 36.21881, Denny's, USA-United States
-83.74681, 31.95923, Denny's, USA-United States
-82.44859, 35.33235, Denny's, USA-United States
-77.37807, 39.40407, Denny's, USA-United States
-96.33410, 30.62724, Denny's, USA-United States
-117.29026, 34.55985, Denny's, USA-United States
-156.45378, 20.88707, Denny's, USA-United States
-95.16224, 36.18963, Denny's, USA-United States
-81.05779, 29.19648, Denny's, USA-United States
-98.62597, 29.46396, Denny's, USA-United States
-119.65005, 35.61222, Denny's, USA-United States
-109.56042, 31.34132, Denny's, USA-United States
-116.38038, 33.72155, Denny's, USA-United States
-115.19787, 36.23931, Denny's, USA-United States
-119.04906, 34.21850, Denny's, USA-United States
-82.20913, 41.41746, Denny's, USA-United States
-122.06532, 38.25683, Denny's, USA-United States
-122.72843, 38.45980, Denny's, USA-United States
-87.84860, 41.54343, Denny's, USA-United States
-95.90438, 36.16158, Denny's, USA-United States
-78.98332, 42.63721, Denny's, USA-United States
-122.36200, 40.57118, Denny's, USA-United States
-78.43460, 36.33250, Denny's, USA-United States
-122.23601, 47.88181, Denny's, USA-United States
-120.62176, 35.13544, Denny's, USA-United States
-80.12015, 26.31793, Denny's, USA-United States
-76.18176, 36.88461, Denny's, USA-United States
-81.47097, 28.45270, Denny's, USA-United States
-111.80491, 33.41536, Denny's, USA-United States
-77.30645, 38.85841, Denny's, USA-United States
-109.08917, 35.65553, Denny's, USA-United States
-81.21204, 29.55572, Denny's, USA-United States
-90.15312, 38.35890, Denny's, USA-United States
-82.14036, 29.18625, Denny's, USA-United States
-115.17215, 36.05838, Denny's, USA-United States
-80.09920, 26.26453, Denny's, USA-United States
-85.98811, 39.77520, Denny's, USA-United States
-85.53205, 42.26258, Denny's, USA-United States
-87.49246, 37.97916, Denny's, USA-United States
-104.80379, 38.94915, Denny's, USA-United States
-121.29580, 37.93708, Denny's, USA-United States
-110.93156, 31.34420, Denny's, USA-United States
-74.14447, 40.01949, Denny's, USA-United States
-119.31358, 36.30919, Denny's, USA-United States
-83.18941, 42.17118, Denny's, USA-United States
-121.87415, 37.31681, Denny's, USA-United States
-112.15193, 33.53830, Denny's, USA-United States
-74.90521, 40.16351, Denny's, USA-United States
-110.02327, 34.20920, Denny's, USA-United States
-122.46336, 47.17877, Denny's, USA-United States
-81.74177, 28.54303, Denny's, USA-United States
-118.04510, 34.55479, Denny's, USA-United States
-75.62164, 43.03782, Denny's, USA-United States
-72.97427, 41.27090, Denny's, USA-United States
-107.82697, 35.12508, Denny's, USA-United States
-80.29131, 25.80775, Denny's, USA-United States
-89.67221, 39.17540, Denny's, USA-United States
-120.36646, 37.97579, Denny's, USA-United States
-116.35522, 43.61929, Denny's, USA-United States
-117.74371, 33.87240, Denny's, USA-United States
-121.57900, 38.57229, Denny's, USA-United States
-75.43044, 40.64133, Denny's, USA-United States
-108.56645, 45.75426, Denny's, USA-United States
-80.16413, 25.88760, Denny's, USA-United States
-80.84784, 28.55351, Denny's, USA-United States
-117.22041, 32.75483, Denny's, USA-United States
-93.35665, 45.20762, Denny's, USA-United States
-117.95834, 34.10352, Denny's, USA-United States
-86.98866, 38.17645, Denny's, USA-United States
-95.29231, 29.94949, Denny's, USA-United States
-118.26407, 33.84530, Denny's, USA-United States
-118.29183, 34.06236, Denny's, USA-United States
-95.37627, 29.72156, Denny's, USA-United States
-84.20671, 33.90918, Denny's, USA-United States
-111.97368, 41.07451, Denny's, USA-United States
-89.79262, 43.60228, Denny's, USA-United States
-94.18830, 36.33529, Denny's, USA-United States
-84.94329, 32.48046, Denny's, USA-United States
-80.31157, 26.14573, Denny's, USA-United States
-76.86078, 40.79264, Denny's, USA-United States
-95.54542, 29.95542, Denny's, USA-United States
-120.32505, 47.44154, Denny's, USA-United States
-94.43881, 39.04457, Denny's, USA-United States
-118.08159, 33.91652, Denny's, USA-United States
-112.30000, 33.60540, Denny's, USA-United States
-104.52322, 33.41877, Denny's, USA-United States
-106.39692, 31.78938, Denny's, USA-United States
-80.66716, 41.02450, Denny's, USA-United States
-84.96433, 42.29110, Denny's, USA-United States
-96.89113, 32.66162, Denny's, USA-United States
-75.30468, 39.86708, Denny's, USA-United States
-112.05111, 43.50282, Denny's, USA-United States
-111.96979, 41.24347, Denny's, USA-United States
-88.02139, 42.13898, Denny's, USA-United States
-80.86756, 40.07535, Denny's, USA-United States
-121.38296, 38.64696, Denny's, USA-United States
-81.32756, 31.93068, Denny's, USA-United States
-99.14501, 30.04304, Denny's, USA-United States
-87.90990, 42.95514, Denny's, USA-United States
-117.66978, 35.62279, Denny's, USA-United States
-122.34671, 47.77794, Denny's, USA-United States
-95.63274, 30.08955, Denny's, USA-United States
-122.21461, 37.48697, Denny's, USA-United States
-82.73402, 28.01259, Denny's, USA-United States
-122.21695, 47.79080, Denny's, USA-United States
-98.00642, 26.17313, Denny's, USA-United States
-118.60672, 34.17209, Denny's, USA-United States
-122.99698, 44.91989, Denny's, USA-United States
-122.32893, 47.57907, Denny's, USA-United States
-121.91344, 37.42637, Denny's, USA-United States
-89.92641, 38.58840, Denny's, USA-United States
-122.30652, 47.31525, Denny's, USA-United States
-82.10438, 34.91123, Denny's, USA-United States
-80.11209, 26.35119, Denny's, USA-United States
-120.68634, 35.64195, Denny's, USA-United States
-82.37586, 27.71212, Denny's, USA-United States
-117.07558, 33.02759, Denny's, USA-United States
-96.89644, 32.88127, Denny's, USA-United States
-95.56409, 29.56547, Denny's, USA-United States
-119.78918, 36.83769, Denny's, USA-United States
-105.13213, 39.72426, Denny's, USA-United States
-117.88123, 33.91096, Denny's, USA-United States
-95.84623, 36.14778, Denny's, USA-United States
-115.13703, 36.13403, Denny's, USA-United States
-117.94134, 33.83098, Denny's, USA-United States
-78.68636, 33.82327, Denny's, USA-United States
-88.99577, 40.53033, Denny's, USA-United States
-122.21697, 47.48229, Denny's, USA-United States
-117.20514, 32.75523, Denny's, USA-United States
-97.27407, 32.66095, Denny's, USA-United States
-86.12090, 39.71441, Denny's, USA-United States
-118.12609, 34.03264, Denny's, USA-United States
-80.29143, 25.88995, Denny's, USA-United States
-117.56259, 33.90154, Denny's, USA-United States
-122.34694, 47.74157, Denny's, USA-United States
-121.86144, 36.59654, Denny's, USA-United States
-81.41397, 29.91784, Denny's, USA-United States
-79.75220, 40.59232, Denny's, USA-United States
-80.22629, 26.16455, Denny's, USA-United States
-88.10314, 41.89381, Denny's, USA-United States
-122.19597, 47.53369, Denny's, USA-United States
-81.90897, 41.42094, Denny's, USA-United States
-117.13827, 32.75505, Denny's, USA-United States
-77.51811, 38.29409, Denny's, USA-United States
-80.09549, 26.70682, Denny's, USA-United States
-74.55705, 39.38766, Denny's, USA-United States
-94.79639, 39.77685, Denny's, USA-United States
-76.54492, 39.39913, Denny's, USA-United States
-117.91912, 33.68563, Denny's, USA-United States
-82.23336, 28.52335, Denny's, USA-United States
-121.29401, 37.81012, Denny's, USA-United States
-76.93874, 38.89106, Denny's, USA-United States
-97.40917, 32.81473, Denny's, USA-United States
-95.69567, 29.97296, Denny's, USA-United States
-75.65382, 41.46275, Denny's, USA-United States
-80.16499, 26.03411, Denny's, USA-United States
-118.13546, 33.90392, Denny's, USA-United States
-117.07958, 32.66126, Denny's, USA-United States
-78.69671, 43.14849, Denny's, USA-United States
-118.57213, 34.17070, Denny's, USA-United States
-99.62993, 32.43639, Denny's, USA-United States
-111.92629, 33.58052, Denny's, USA-United States
-82.71726, 28.28100, Denny's, USA-United States
-97.73029, 30.27613, Denny's, USA-United States
-98.47601, 29.51931, Denny's, USA-United States
-105.96047, 32.88137, Denny's, USA-United States
-97.63230, 27.84320, Denny's, USA-United States
-94.66783, 38.93899, Denny's, USA-United States
-80.07192, 26.69101, Denny's, USA-United States
-118.03089, 34.14018, Denny's, USA-United States
-117.18288, 34.05717, Denny's, USA-United States
-72.44486, 41.28992, Denny's, USA-United States
-116.90136, 32.82630, Denny's, USA-United States
-118.44739, 34.20133, Denny's, USA-United States
-79.84287, 40.13762, Denny's, USA-United States
-116.94519, 33.92762, Denny's, USA-United States
-122.28497, 37.54578, Denny's, USA-United States
-118.39514, 37.37157, Denny's, USA-United States
-78.97285, 33.62116, Denny's, USA-United States
-115.21002, 36.10064, Denny's, USA-United States
-121.65440, 37.15197, Denny's, USA-United States
-95.41117, 29.92995, Denny's, USA-United States
-69.79237, 44.33819, Denny's, USA-United States
-121.96835, 38.36299, Denny's, USA-United States
-80.39306, 25.68586, Denny's, USA-United States
-122.29616, 47.44824, Denny's, USA-United States
-80.20766, 26.00707, Denny's, USA-United States
-94.29832, 37.48785, Denny's, USA-United States
-111.70601, 32.87950, Denny's, USA-United States
-87.85785, 41.16244, Denny's, USA-United States
-117.15767, 32.77257, Denny's, USA-United States
-88.06616, 41.68690, Denny's, USA-United States
-89.61241, 40.74468, Denny's, USA-United States
-118.93617, 34.19047, Denny's, USA-United States
-80.64807, 28.03504, Denny's, USA-United States
-92.59168, 34.57292, Denny's, USA-United States
-122.63547, 41.73165, Denny's, USA-United States
-88.05226, 43.05949, Denny's, USA-United States
-117.08310, 34.84928, Denny's, USA-United States
-77.20396, 39.17233, Denny's, USA-United States
-80.09270, 37.28809, Denny's, USA-United States
-97.33202, 31.07908, Denny's, USA-United States
-111.47443, 36.92447, Denny's, USA-United States
-119.33727, 36.22568, Denny's, USA-United States
-72.96755, 43.58250, Denny's, USA-United States
-118.46633, 34.17082, Denny's, USA-United States
-96.79554, 33.01716, Denny's, USA-United States
-119.76943, 36.80902, Denny's, USA-United States
-117.90799, 34.08213, Denny's, USA-United States
-110.30722, 31.98094, Denny's, USA-United States
-78.71530, 42.93489, Denny's, USA-United States
-79.77247, 40.43824, Denny's, USA-United States
-96.70932, 33.02523, Denny's, USA-United States
-112.29833, 40.54890, Denny's, USA-United States
-82.98633, 42.62644, Denny's, USA-United States
-95.25481, 30.04296, Denny's, USA-United States
-119.24748, 47.10122, Denny's, USA-United States
-117.92448, 33.86090, Denny's, USA-United States
-101.81984, 35.19188, Denny's, USA-United States
-89.70599, 39.76416, Denny's, USA-United States
-118.18519, 33.81776, Denny's, USA-United States
-110.91234, 32.16291, Denny's, USA-United States
-90.40740, 38.70663, Denny's, USA-United States
-80.11453, 26.57222, Denny's, USA-United States
-98.27934, 29.59918, Denny's, USA-United States
-104.82032, 39.72548, Denny's, USA-United States
-76.16592, 42.61040, Denny's, USA-United States
-122.19870, 48.18786, Denny's, USA-United States
-114.60632, 33.60657, Denny's, USA-United States
-88.07685, 44.47074, Denny's, USA-United States
-70.28478, 43.65513, Denny's, USA-United States
-97.48560, 35.43501, Denny's, USA-United States
-118.42833, 34.31065, Denny's, USA-United States
-80.25028, 26.26930, Denny's, USA-United States
-117.07193, 34.03420, Denny's, USA-United States
-82.69948, 28.33296, Denny's, USA-United States
-117.81766, 34.10399, Denny's, USA-United States
-95.42960, 29.67850, Denny's, USA-United States
-117.60193, 33.87945, Denny's, USA-United States
-117.43596, 34.01075, Denny's, USA-United States
-77.15303, 42.18583, Denny's, USA-United States
-86.65533, 34.73795, Denny's, USA-United States
-81.37469, 28.38945, Denny's, USA-United States
-122.56904, 45.40866, Denny's, USA-United States
-79.83637, 36.00838, Denny's, USA-United States
-75.77611, 41.05600, Denny's, USA-United States
-111.68505, 33.39142, Denny's, USA-United States
-97.24866, 34.73899, Denny's, USA-United States
-117.13865, 32.83423, Denny's, USA-United States
-123.19799, 39.15144, Denny's, USA-United States
-77.95582, 35.73863, Denny's, USA-United States
-94.48128, 38.99996, Denny's, USA-United States
-98.46348, 29.46845, Denny's, USA-United States
-80.27767, 39.28046, Denny's, USA-United States
-122.36036, 47.24296, Denny's, USA-United States
-94.68972, 39.01413, Denny's, USA-United States
-97.45257, 27.80323, Denny's, USA-United States
-75.58095, 39.69035, Denny's, USA-United States
-81.28641, 28.75774, Denny's, USA-United States
-88.25571, 43.04281, Denny's, USA-United States
-117.59295, 34.02949, Denny's, USA-United States
-89.57415, 37.35098, Denny's, USA-United States
-121.80300, 36.69592, Denny's, USA-United States
-117.04417, 32.55031, Denny's, USA-United States
-108.18960, 36.73042, Denny's, USA-United States
-99.40489, 35.39545, Denny's, USA-United States
-81.64669, 30.48238, Denny's, USA-United States
-90.66300, 38.50465, Denny's, USA-United States
-90.46728, 38.54218, Denny's, USA-United States
-118.14856, 34.70382, Denny's, USA-United States
-117.81363, 33.73322, Denny's, USA-United States
-117.19772, 33.55460, Denny's, USA-United States
-118.34102, 33.82429, Denny's, USA-United States
-119.74634, 39.57350, Denny's, USA-United States
-88.84162, 30.45049, Denny's, USA-United States
-111.89822, 40.75866, Denny's, USA-United States
-82.42727, 28.03249, Denny's, USA-United States
-116.88323, 33.03292, Denny's, USA-United States
-81.49216, 40.99171, Denny's, USA-United States
-82.67263, 34.54812, Denny's, USA-United States
-83.36429, 41.92552, Denny's, USA-United States
-80.25187, 26.19546, Denny's, USA-United States
-122.48523, 48.78423, Denny's, USA-United States
-111.91730, 33.46555, Denny's, USA-United States
-80.15474, 26.16697, Denny's, USA-United States
-90.40458, 38.55581, Denny's, USA-United States
-87.55899, 41.59610, Denny's, USA-United States
-157.83138, 21.27845, Denny's, USA-United States
-117.27503, 34.07990, Denny's, USA-United States
-111.71325, 33.57207, Denny's, USA-United States
-95.64374, 29.70273, Denny's, USA-United States
-89.50260, 43.05837, Denny's, USA-United States
-117.68971, 34.03252, Denny's, USA-United States
-81.99295, 34.92081, Denny's, USA-United States
-77.61305, 43.08697, Denny's, USA-United States
-115.24984, 36.24036, Denny's, USA-United States
-111.66221, 40.23910, Denny's, USA-United States
-81.28348, 28.91116, Denny's, USA-United States
-75.04461, 39.48690, Denny's, USA-United States
-115.56828, 32.77654, Denny's, USA-United States
-81.02456, 29.11546, Denny's, USA-United States
-81.59222, 28.33642, Denny's, USA-United States
-117.25579, 32.97944, Denny's, USA-United States
-112.17000, 33.61059, Denny's, USA-United States
-112.22028, 33.46352, Denny's, USA-United States
-121.43767, 44.22965, Denny's, USA-United States
-117.37601, 34.42654, Denny's, USA-United States
-89.07295, 42.22322, Denny's, USA-United States
-80.30376, 25.86644, Denny's, USA-United States
-93.30493, 45.07174, Denny's, USA-United States
-114.61203, 34.83901, Denny's, USA-United States
-118.30797, 34.06160, Denny's, USA-United States
-104.99078, 39.65337, Denny's, USA-United States
-90.25607, 29.98195, Denny's, USA-United States
-119.78956, 36.74405, Denny's, USA-United States
-82.78748, 27.92526, Denny's, USA-United States
-120.24951, 36.25439, Denny's, USA-United States
-112.16904, 33.49551, Denny's, USA-United States
-92.98552, 44.94703, Denny's, USA-United States
-111.95973, 33.40727, Denny's, USA-United States
-82.43996, 28.05474, Denny's, USA-United States
-84.12262, 33.35187, Denny's, USA-United States
-73.70094, 42.62332, Denny's, USA-United States
-119.80315, 39.53553, Denny's, USA-United States
-117.62557, 34.07782, Denny's, USA-United States
-120.99412, 37.66615, Denny's, USA-United States
-109.56074, 38.58850, Denny's, USA-United States
-82.58238, 35.59110, Denny's, USA-United States
-112.00080, 34.72123, Denny's, USA-United States
-120.66588, 35.48682, Denny's, USA-United States
-97.37061, 35.43449, Denny's, USA-United States
-117.09195, 33.12841, Denny's, USA-United States
-96.53748, 32.64824, Denny's, USA-United States
-98.79081, 26.36442, Denny's, USA-United States
-95.03047, 29.65511, Denny's, USA-United States
-76.93259, 39.39870, Denny's, USA-United States
-95.68737, 39.01011, Denny's, USA-United States
-114.02518, 46.84370, Denny's, USA-United States
-88.92605, 38.30165, Denny's, USA-United States
-80.13703, 26.10095, Denny's, USA-United States
-117.27208, 34.13606, Denny's, USA-United States
-87.88420, 41.92337, Denny's, USA-United States
-85.63687, 43.01929, Denny's, USA-United States
-86.41297, 36.92981, Denny's, USA-United States
-122.03533, 37.37493, Denny's, USA-United States
-124.19515, 41.75544, Denny's, USA-United States
-94.77985, 29.29667, Denny's, USA-United States
-97.16470, 26.09055, Denny's, USA-United States
-123.80599, 39.45195, Denny's, USA-United States
-72.49708, 41.82652, Denny's, USA-United States
-75.03921, 39.80328, Denny's, USA-United States
-80.47044, 41.23354, Denny's, USA-United States
-77.45321, 37.84734, Denny's, USA-United States
-87.41415, 39.46403, Denny's, USA-United States
-90.30087, 38.80831, Denny's, USA-United States
-97.02827, 32.75738, Denny's, USA-United States
-121.87055, 37.25065, Denny's, USA-United States
-80.15826, 40.44859, Denny's, USA-United States
-83.47585, 42.48984, Denny's, USA-United States
-104.23570, 32.43587, Denny's, USA-United States
-122.12437, 37.70913, Denny's, USA-United States
-117.51635, 33.88484, Denny's, USA-United States
-80.32606, 27.42035, Denny's, USA-United States
-81.79938, 24.55143, Denny's, USA-United States
-74.70113, 40.14829, Denny's, USA-United States
-116.94336, 44.02538, Denny's, USA-United States
-118.44296, 34.06081, Denny's, USA-United States
-95.40984, 29.87132, Denny's, USA-United States
-100.78153, 46.80187, Denny's, USA-United States
-80.11458, 26.18974, Denny's, USA-United States
-103.71197, 39.27026, Denny's, USA-United States
-76.98422, 40.24049, Denny's, USA-United States
-121.95646, 37.35251, Denny's, USA-United States
-93.26242, 44.86172, Denny's, USA-United States
-74.52799, 39.44561, Denny's, USA-United States
-157.82536, 21.27853, Denny's, USA-United States
-120.77245, 38.34664, Denny's, USA-United States
-122.17037, 37.70881, Denny's, USA-United States
-120.96742, 38.65802, Denny's, USA-United States
-111.88352, 33.53857, Denny's, USA-United States
-117.55855, 34.07022, Denny's, USA-United States
-78.62089, 35.82661, Denny's, USA-United States
-117.29336, 33.65792, Denny's, USA-United States
-96.86025, 46.86203, Denny's, USA-United States
-111.85544, 40.62318, Denny's, USA-United States
-81.73208, 41.41879, Denny's, USA-United States
-90.21917, 38.77011, Denny's, USA-United States
-111.62386, 35.19277, Denny's, USA-United States
-116.23175, 33.71500, Denny's, USA-United States
-81.15456, 34.07535, Denny's, USA-United States
-88.03198, 41.94964, Denny's, USA-United States
-78.75423, 42.86391, Denny's, USA-United States
-121.89219, 36.59520, Denny's, USA-United States
-80.71096, 28.23015, Denny's, USA-United States
-122.02793, 37.39623, Denny's, USA-United States
-77.44705, 43.00861, Denny's, USA-United States
-117.88861, 33.76021, Denny's, USA-United States
-118.41911, 34.20104, Denny's, USA-United States
-87.57525, 37.86079, Denny's, USA-United States
-95.88595, 36.06553, Denny's, USA-United States
-94.98204, 29.80551, Denny's, USA-United States
-108.50787, 45.78629, Denny's, USA-United States
-95.56897, 30.71824, Denny's, USA-United States
-85.70098, 37.99367, Denny's, USA-United States
-76.50702, 39.37561, Denny's, USA-United States
-86.82576, 40.41787, Denny's, USA-United States
-111.32323, 34.23832, Denny's, USA-United States
-106.30205, 31.76955, Denny's, USA-United States
-123.82097, 46.97160, Denny's, USA-United States
-105.02540, 39.74339, Denny's, USA-United States
-118.16596, 34.67513, Denny's, USA-United States
-83.46108, 34.25129, Denny's, USA-United States
-110.97809, 32.29769, Denny's, USA-United States
-81.52868, 30.32402, Denny's, USA-United States
-94.47769, 37.07409, Denny's, USA-United States
-117.84127, 33.98416, Denny's, USA-United States
-156.44646, 20.71857, Denny's, USA-United States
-82.33522, 26.93799, Denny's, USA-United States
-118.47820, 34.30311, Denny's, USA-United States
-117.50720, 47.62093, Denny's, USA-United States
-82.42486, 27.07490, Denny's, USA-United States
-95.49358, 29.84272, Denny's, USA-United States
-157.94016, 21.38186, Denny's, USA-United States
-117.32080, 34.50980, Denny's, USA-United States
-93.26317, 36.64153, Denny's, USA-United States
-80.18952, 25.81071, Denny's, USA-United States
-118.02458, 34.07201, Denny's, USA-United States
-105.99277, 35.65441, Denny's, USA-United States
-111.93984, 41.15780, Denny's, USA-United States
-117.18000, 33.13667, Denny's, USA-United States
-100.44132, 31.44841, Denny's, USA-United States
-76.61428, 39.20434, Denny's, USA-United States
-121.22483, 38.78834, Denny's, USA-United States
-107.86539, 38.45585, Denny's, USA-United States
-105.00735, 40.58292, Denny's, USA-United States
-117.88901, 33.85512, Denny's, USA-United States
-80.25726, 26.14720, Denny's, USA-United States
-75.65136, 39.68539, Denny's, USA-United States
-85.63320, 38.23392, Denny's, USA-United States
-111.90018, 40.55825, Denny's, USA-United States
-110.85535, 32.22079, Denny's, USA-United States
-87.53894, 38.01483, Denny's, USA-United States
-91.76976, 37.95986, Denny's, USA-United States
-108.67576, 35.53055, Denny's, USA-United States
-98.28851, 26.19602, Denny's, USA-United States
-82.91516, 42.53095, Denny's, USA-United States
-80.69928, 28.35676, Denny's, USA-United States
-121.42888, 38.47444, Denny's, USA-United States
-118.24527, 34.11414, Denny's, USA-United States
-121.62203, 36.66076, Denny's, USA-United States
-81.36421, 28.45249, Denny's, USA-United States
-112.21230, 35.24514, Denny's, USA-United States
-121.83872, 38.00275, Denny's, USA-United States
-118.40025, 33.98685, Denny's, USA-United States
-72.57717, 42.17065, Denny's, USA-United States
-121.43498, 37.76366, Denny's, USA-United States
-71.58971, 41.70090, Denny's, USA-United States
-77.32468, 37.26212, Denny's, USA-United States
-118.16061, 33.83224, Denny's, USA-United States
-119.04333, 35.38414, Denny's, USA-United States
-97.17527, 33.23187, Denny's, USA-United States
-94.36209, 38.91455, Denny's, USA-United States
-119.34946, 36.32907, Denny's, USA-United States
-116.78064, 47.69828, Denny's, USA-United States
-119.82460, 36.80850, Denny's, USA-United States
-117.87920, 33.87787, Denny's, USA-United States
-80.31538, 25.80957, Denny's, USA-United States
-82.14435, 27.01231, Denny's, USA-United States
-94.41484, 39.04931, Denny's, USA-United States
-118.36132, 33.90176, Denny's, USA-United States
-118.23178, 34.05470, Denny's, USA-United States
-95.43016, 29.77845, Denny's, USA-United States
-81.45517, 41.53915, Denny's, USA-United States
-112.04720, 33.50910, Denny's, USA-United States
-122.23074, 38.12415, Denny's, USA-United States
-112.23103, 33.63794, Denny's, USA-United States
-117.29011, 33.04857, Denny's, USA-United States
-95.09212, 29.50447, Denny's, USA-United States
-95.59849, 29.73605, Denny's, USA-United States
-122.47090, 37.67495, Denny's, USA-United States
-155.98906, 19.64655, Denny's, USA-United States
-87.86178, 41.96657, Denny's, USA-United States
-95.64354, 29.67709, Denny's, USA-United States
-86.00986, 39.80380, Denny's, USA-United States
-106.51635, 35.10908, Denny's, USA-United States
-117.21888, 33.78245, Denny's, USA-United States
-116.97803, 32.79504, Denny's, USA-United States
-81.20530, 28.56681, Denny's, USA-United States
-98.56068, 29.52922, Denny's, USA-United States
-120.97435, 37.60898, Denny's, USA-United States
-87.95108, 41.84678, Denny's, USA-United States
-81.57590, 40.00578, Denny's, USA-United States
-81.50582, 28.38510, Denny's, USA-United States
-78.75163, 42.79795, Denny's, USA-United States
-122.89562, 46.14501, Denny's, USA-United States
-90.28835, 38.62381, Denny's, USA-United States
-81.46196, 28.42499, Denny's, USA-United States
-76.05998, 38.78203, Denny's, USA-United States
-122.29592, 47.43610, Denny's, USA-United States
-81.42907, 28.30472, Denny's, USA-United States
-78.81740, 42.99104, Denny's, USA-United States
-98.18700, 26.30513, Denny's, USA-United States
-121.31320, 37.99177, Denny's, USA-United States
-76.43216, 41.02656, Denny's, USA-United States
-121.13748, 36.20530, Denny's, USA-United States
-112.11908, 33.63970, Denny's, USA-United States
-117.16775, 32.87848, Denny's, USA-United States
-115.50053, 32.69384, Denny's, USA-United States
-116.92111, 47.71199, Denny's, USA-United States
-121.74861, 38.67709, Denny's, USA-United States
-90.05118, 35.14269, Denny's, USA-United States
-89.52491, 43.09034, Denny's, USA-United States
-121.01255, 37.25298, Denny's, USA-United States
-117.04867, 32.77440, Denny's, USA-United States
-116.54683, 33.83954, Denny's, USA-United States
-79.74677, 39.91148, Denny's, USA-United States
-120.87726, 37.05664, Denny's, USA-United States
-119.24967, 35.79061, Denny's, USA-United States
-117.66473, 33.67997, Denny's, USA-United States
-76.83797, 42.15855, Denny's, USA-United States
-81.38446, 28.60557, Denny's, USA-United States
-120.82952, 37.77316, Denny's, USA-United States
-76.50471, 39.27801, Denny's, USA-United States
-122.17971, 47.70937, Denny's, USA-United States
-83.54460, 42.21651, Denny's, USA-United States
-80.25521, 25.74992, Denny's, USA-United States
-112.50387, 45.98443, Denny's, USA-United States
-115.10109, 36.08595, Denny's, USA-United States
-97.06394, 32.75547, Denny's, USA-United States
-89.98404, 38.50218, Denny's, USA-United States
-95.55662, 29.70602, Denny's, USA-United States
-83.67058, 41.05962, Denny's, USA-United States
-112.32640, 34.58580, Denny's, USA-United States
-118.74358, 34.27987, Denny's, USA-United States
-72.58145, 41.99818, Denny's, USA-United States
-90.49306, 38.77121, Denny's, USA-United States
-95.26979, 29.99962, Denny's, USA-United States
-118.39337, 34.00385, Denny's, USA-United States
-116.90334, 34.24367, Denny's, USA-United States
-79.78029, 40.36828, Denny's, USA-United States
-118.06983, 45.33282, Denny's, USA-United States
-90.50042, 41.46429, Denny's, USA-United States
-116.55010, 33.90565, Denny's, USA-United States
-80.24877, 26.01978, Denny's, USA-United States
-81.88849, 26.52307, Denny's, USA-United States
-76.17736, 36.85508, Denny's, USA-United States
-97.13423, 32.66672, Denny's, USA-United States
-122.19235, 47.97680, Denny's, USA-United States
-74.94876, 39.92344, Denny's, USA-United States
-87.12295, 37.72634, Denny's, USA-United States
-115.17158, 36.12149, Denny's, USA-United States
-121.20568, 45.60990, Denny's, USA-United States
-98.51901, 33.93632, Denny's, USA-United States
-81.11317, 32.01454, Denny's, USA-United States
-117.91509, 33.80846, Denny's, USA-United States
-75.42414, 39.91426, Denny's, USA-United States
-96.04248, 41.22601, Denny's, USA-United States
-81.28089, 32.00485, Denny's, USA-United States
-80.70202, 28.07911, Denny's, USA-United States
-90.01136, 38.67898, Denny's, USA-United States
-97.39366, 32.67978, Denny's, USA-United States
-117.99747, 33.72995, Denny's, USA-United States
-78.51101, 40.05057, Denny's, USA-United States
-82.26565, 40.85801, Denny's, USA-United States
-96.62498, 32.81144, Denny's, USA-United States
-86.60016, 30.43926, Denny's, USA-United States
-121.17615, 37.46657, Denny's, USA-United States
-87.41560, 39.42599, Denny's, USA-United States
-111.69905, 40.30596, Denny's, USA-United States
-75.54157, 38.36636, Denny's, USA-United States
-122.31527, 37.92117, Denny's, USA-United States
-111.84020, 33.39439, Denny's, USA-United States
-118.80552, 45.66092, Denny's, USA-United States
-84.65829, 42.74122, Denny's, USA-United States
-87.35353, 38.34333, Denny's, USA-United States
-87.96220, 42.38497, Denny's, USA-United States
-78.86795, 42.94431, Denny's, USA-United States
-104.98250, 39.88498, Denny's, USA-United States
-106.70551, 35.10346, Denny's, USA-United States
-118.23891, 33.92733, Denny's, USA-United States
-122.25424, 47.46220, Denny's, USA-United States
-97.74188, 30.23347, Denny's, USA-United States
-117.35439, 33.16353, Denny's, USA-United States
-117.68960, 33.60762, Denny's, USA-United States
-94.37924, 39.07464, Denny's, USA-United States
-117.67030, 34.08904, Denny's, USA-United States
-117.71906, 34.08048, Denny's, USA-United States
-88.26506, 42.99108, Denny's, USA-United States
-121.59373, 39.14539, Denny's, USA-United States
-117.95488, 33.72736, Denny's, USA-United States
-117.92713, 33.80312, Denny's, USA-United States
-80.41427, 25.62578, Denny's, USA-United States
-123.04076, 44.03427, Denny's, USA-United States
-111.06983, 32.33771, Denny's, USA-United States
-96.83717, 32.95451, Denny's, USA-United States
-112.15170, 33.58215, Denny's, USA-United States
-122.34001, 48.43573, Denny's, USA-United States
-113.56228, 37.11098, Denny's, USA-United States
-76.08801, 36.84160, Denny's, USA-United States
-86.05904, 39.90556, Denny's, USA-United States
-97.71356, 26.18183, Denny's, USA-United States
-74.99237, 43.01867, Denny's, USA-United States
-98.21016, 26.23789, Denny's, USA-United States
-96.71855, 32.89916, Denny's, USA-United States
-80.27503, 25.71575, Denny's, USA-United States
-73.80834, 42.71761, Denny's, USA-United States
-87.83246, 41.90829, Denny's, USA-United States
-110.98312, 32.22972, Denny's, USA-United States
-94.55863, 39.14591, Denny's, USA-United States
-77.70529, 43.21045, Denny's, USA-United States
-122.22785, 47.39518, Denny's, USA-United States
-118.33486, 34.01840, Denny's, USA-United States
-95.53019, 30.01765, Denny's, USA-United States
-118.37747, 33.94553, Denny's, USA-United States
-117.38978, 33.20713, Denny's, USA-United States
-118.26254, 34.04630, Denny's, USA-United States
-81.69473, 35.71758, Denny's, USA-United States
-121.88084, 37.27461, Denny's, USA-United States
-78.24035, 39.99932, Denny's, USA-United States
-81.42732, 28.44552, Denny's, USA-United States
-98.53573, 33.86574, Denny's, USA-United States
-81.62463, 27.96463, Denny's, USA-United States
-121.22078, 37.90301, Denny's, USA-United States
-104.83114, 38.83683, Denny's, USA-United States
-85.75133, 38.21156, Denny's, USA-United States
-121.56536, 37.02378, Denny's, USA-United States
-112.11250, 33.47955, Denny's, USA-United States
-118.28358, 33.79060, Denny's, USA-United States
-117.33879, 33.97590, Denny's, USA-United States
-76.18254, 43.05220, Denny's, USA-United States
-97.32081, 32.56292, Denny's, USA-United States
-118.31298, 34.16314, Denny's, USA-United States
-117.88220, 33.66692, Denny's, USA-United States
-122.05226, 37.96881, Denny's, USA-United States
-96.82468, 32.79777, Denny's, USA-United States
-111.90339, 40.67462, Denny's, USA-United States
-104.68842, 34.94129, Denny's, USA-United States
-112.63022, 34.58630, Denny's, USA-United States
-106.89301, 34.06682, Denny's, USA-United States
-119.39754, 35.40102, Denny's, USA-United States
-87.80502, 41.89243, Denny's, USA-United States
-122.06642, 37.60945, Denny's, USA-United States
-96.91180, 35.38507, Denny's, USA-United States
-122.82285, 47.04853, Denny's, USA-United States
-95.14450, 29.54278, Denny's, USA-United States
-120.47510, 46.56272, Denny's, USA-United States
-103.68273, 35.17179, Denny's, USA-United States
-122.22892, 40.17914, Denny's, USA-United States
-115.26570, 36.14401, Denny's, USA-United States
-81.45515, 28.47672, Denny's, USA-United States
-104.79964, 38.79616, Denny's, USA-United States
-116.46817, 33.78093, Denny's, USA-United States
-81.95708, 27.98711, Denny's, USA-United States
-82.26492, 27.93753, Denny's, USA-United States
-107.88402, 37.27138, Denny's, USA-United States
-94.95171, 29.39429, Denny's, USA-United States
-86.24873, 39.73158, Denny's, USA-United States
-118.07377, 34.10131, Denny's, USA-United States
-115.16409, 36.13299, Denny's, USA-United States
-116.21283, 43.56968, Denny's, USA-United States
-105.08200, 39.84092, Denny's, USA-United States
-115.18011, 36.26107, Denny's, USA-United States
-120.61391, 37.34591, Denny's, USA-United States
-81.88835, 26.66526, Denny's, USA-United States
-94.18400, 36.17518, Denny's, USA-United States
-97.36115, 32.72944, Denny's, USA-United States
-77.81624, 36.06110, Denny's, USA-United States
-120.99369, 37.64591, Denny's, USA-United States
-118.29750, 34.25437, Denny's, USA-United States
-89.79389, 43.62303, Denny's, USA-United States
-93.26573, 45.13052, Denny's, USA-United States
-108.55958, 37.34883, Denny's, USA-United States
-80.07664, 26.38044, Denny's, USA-United States
-115.31236, 36.11540, Denny's, USA-United States
-96.78692, 32.81928, Denny's, USA-United States
-88.12897, 30.67499, Denny's, USA-United States
-81.79928, 26.54824, Denny's, USA-United States
-118.05947, 33.80285, Denny's, USA-United States
-76.06319, 38.55967, Denny's, USA-United States
-118.55744, 34.36555, Denny's, USA-United States
-76.75794, 39.97877, Denny's, USA-United States
-116.95083, 32.80372, Denny's, USA-United States
-121.75287, 42.20940, Denny's, USA-United States
-122.68251, 47.56971, Denny's, USA-United States
-79.30924, 42.45335, Denny's, USA-United States
-85.82681, 37.71524, Denny's, USA-United States
-78.85425, 42.74896, Denny's, USA-United States
-117.15334, 33.49925, Denny's, USA-United States
-74.06851, 41.50694, Denny's, USA-United States
-79.38187, 40.28631, Denny's, USA-United States
-118.08849, 34.00313, Denny's, USA-United States
-117.88891, 33.80355, Denny's, USA-United States
-114.00827, 35.21965, Denny's, USA-United States
-122.68093, 45.61094, Denny's, USA-United States
-74.38124, 40.42632, Denny's, USA-United States
-97.05631, 32.71208, Denny's, USA-United States
-78.40601, 40.47260, Denny's, USA-United States
-119.70030, 36.73795, Denny's, USA-United States
-113.07747, 37.68195, Denny's, USA-United States
-81.36050, 28.29051, Denny's, USA-United States
-87.55119, 38.15590, Denny's, USA-United States
-122.35828, 40.57041, Denny's, USA-United States
-87.63831, 37.97705, Denny's, USA-United States
-118.13089, 34.09343, Denny's, USA-United States
-122.14329, 47.63032, Denny's, USA-United States
-80.24617, 25.95406, Denny's, USA-United States
-86.07960, 42.77607, Denny's, USA-United States
-121.63656, 36.65629, Denny's, USA-United States
-85.20073, 42.26121, Denny's, USA-United States
-117.16511, 46.71421, Denny's, USA-United States
-121.86076, 37.38615, Denny's, USA-United States
-87.94873, 42.97584, Denny's, USA-United States
-93.36401, 43.14475, Denny's, USA-United States
-122.22841, 47.92126, Denny's, USA-United States
-119.03363, 35.31754, Denny's, USA-United States
-122.33405, 47.47000, Denny's, USA-United States
-116.42243, 34.12073, Denny's, USA-United States
-97.54629, 35.39171, Denny's, USA-United States
-111.75308, 33.33550, Denny's, USA-United States
-111.66115, 35.17890, Denny's, USA-United States
-81.82374, 41.37177, Denny's, USA-United States
-97.09839, 32.83721, Denny's, USA-United States
-78.84755, 40.27968, Denny's, USA-United States
-116.98825, 32.84210, Denny's, USA-United States
-119.02728, 35.29584, Denny's, USA-United States
-90.24024, 30.00681, Denny's, USA-United States
-115.25242, 36.19602, Denny's, USA-United States
-80.10298, 40.68537, Denny's, USA-United States
-122.51723, 47.25529, Denny's, USA-United States
-97.50491, 25.94502, Denny's, USA-United States
-75.53741, 39.18719, Denny's, USA-United States
-84.86126, 35.21066, Denny's, USA-United States
-123.32221, 42.46213, Denny's, USA-United States
-121.21623, 37.78705, Denny's, USA-United States
-96.95983, 32.83653, Denny's, USA-United States
-111.90119, 40.62057, Denny's, USA-United States
-122.02362, 36.98509, Denny's, USA-United States
-117.96760, 33.91816, Denny's, USA-United States
-81.30920, 28.46054, Denny's, USA-United States
-118.07330, 34.07513, Denny's, USA-United States
-76.17167, 43.09354, Denny's, USA-United States
-72.65251, 41.56496, Denny's, USA-United States
-122.57346, 48.84903, Denny's, USA-United States
-95.43340, 30.05764, Denny's, USA-United States
-118.37018, 34.21612, Denny's, USA-United States
-80.82870, 35.58799, Denny's, USA-United States
-86.88311, 37.43005, Denny's, USA-United States
-86.26546, 39.69811, Denny's, USA-United States
-81.45029, 28.14651, Denny's, USA-United States
-76.06982, 43.04662, Denny's, USA-United States
-89.95524, 38.77670, Denny's, USA-United States
-77.90359, 40.80882, Denny's, USA-United States
-95.17242, 29.99824, Denny's, USA-United States
-75.45901, 43.20947, Denny's, USA-United States
-81.30767, 28.60417, Denny's, USA-United States
-81.66414, 28.34743, Denny's, USA-United States
-75.89580, 42.15754, Denny's, USA-United States
-124.16983, 40.80126, Denny's, USA-United States
-90.44879, 38.71468, Denny's, USA-United States
-94.73040, 38.95745, Denny's, USA-United States
-98.55111, 29.48997, Denny's, USA-United States
-82.50570, 27.95964, Denny's, USA-United States
-110.99491, 31.85113, Denny's, USA-United States
-80.27403, 40.16472, Denny's, USA-United States
-117.73216, 34.00256, Denny's, USA-United States
-116.99953, 33.74725, Denny's, USA-United States
-97.56582, 35.53509, Denny's, USA-United States
-118.17495, 35.05691, Denny's, USA-United States
-114.09759, 36.80400, Denny's, USA-United States
-77.65018, 39.91081, Denny's, USA-United States
-80.98819, 34.97267, Denny's, USA-United States
-82.04690, 33.51248, Denny's, USA-United States
-80.01171, 40.53838, Denny's, USA-United States
-119.82261, 34.44106, Denny's, USA-United States
-121.25931, 38.11643, Denny's, USA-United States
-98.44335, 34.62321, Denny's, USA-United States
-76.97060, 41.25001, Denny's, USA-United States
-118.62124, 34.49528, Denny's, USA-United States
-96.66120, 32.86483, Denny's, USA-United States
-77.50431, 38.23103, Denny's, USA-United States
-117.08029, 32.57663, Denny's, USA-United States
-119.09192, 35.31496, Denny's, USA-United States
-117.28259, 47.67590, Denny's, USA-United States
-121.82964, 37.32106, Denny's, USA-United States
-93.24149, 44.79059, Denny's, USA-United States
-118.50294, 34.25740, Denny's, USA-United States
-81.45876, 28.50865, Denny's, USA-United States
-112.01319, 33.64039, Denny's, USA-United States
-122.41700, 37.80698, Denny's, USA-United States
-81.75347, 24.57132, Denny's, USA-United States
-117.61085, 34.06839, Denny's, USA-United States
-96.53887, 29.69034, Denny's, USA-United States
-119.19519, 34.17614, Denny's, USA-United States
-95.51053, 33.66528, Denny's, USA-United States
-94.27174, 39.03112, Denny's, USA-United States
-81.43230, 40.79529, Denny's, USA-United States
-93.01738, 45.03352, Denny's, USA-United States
-122.95043, 46.64150, Denny's, USA-United States
-115.15332, 36.15031, Denny's, USA-United States
-82.04700, 28.86482, Denny's, USA-United States
-79.95110, 40.33769, Denny's, USA-United States
-118.16251, 34.01129, Denny's, USA-United States
-104.99777, 39.71106, Denny's, USA-United States
-118.55368, 34.23414, Denny's, USA-United States
-121.25186, 37.98349, Denny's, USA-United States
-121.34156, 37.98448, Denny's, USA-United States
-82.67935, 27.81732, Denny's, USA-United States
-92.99684, 45.50863, Denny's, USA-United States
-119.79031, 36.77839, Denny's, USA-United States
-80.14607, 26.61883, Denny's, USA-United States
-87.94377, 41.74756, Denny's, USA-United States
-117.88316, 33.78776, Denny's, USA-United States
-98.40288, 29.48251, Denny's, USA-United States
-89.24075, 37.73038, Denny's, USA-United States
-117.41141, 47.70260, Denny's, USA-United States
-88.26947, 39.79052, Denny's, USA-United States
-121.36299, 38.65970, Denny's, USA-United States
-95.22028, 29.70965, Denny's, USA-United States
-106.40917, 31.78090, Denny's, USA-United States
-81.96837, 28.08313, Denny's, USA-United States
-86.22415, 39.91420, Denny's, USA-United States
-87.17549, 41.59834, Denny's, USA-United States
-119.74604, 39.53409, Denny's, USA-United States
-75.97674, 42.09675, Denny's, USA-United States
-91.94019, 38.94286, Denny's, USA-United States
-117.32528, 34.06687, Denny's, USA-United States
-111.97663, 33.42117, Denny's, USA-United States
-95.25142, 29.65161, Denny's, USA-United States
-80.74866, 41.10003, Denny's, USA-United States
-105.18316, 38.44803, Denny's, USA-United States
-96.69915, 32.79462, Denny's, USA-United States
-118.38188, 33.87186, Denny's, USA-United States
-117.17198, 32.72612, Denny's, USA-United States
-121.50229, 38.58360, Denny's, USA-United States
-89.31236, 43.04831, Denny's, USA-United States
-117.87223, 34.07337, Denny's, USA-United States
-78.78235, 42.82872, Denny's, USA-United States
-118.15301, 34.60201, Denny's, USA-United States
-88.97687, 38.62389, Denny's, USA-United States
-81.47362, 40.49323, Denny's, USA-United States
-81.33341, 28.81152, Denny's, USA-United States
-122.67032, 38.26951, Denny's, USA-United States
-77.40805, 37.35537, Denny's, USA-United States
-79.40026, 39.41927, Denny's, USA-United States
-83.74300, 32.66059, Denny's, USA-United States
-118.05538, 34.07194, Denny's, USA-United States
-117.99823, 33.85895, Denny's, USA-United States
-95.71912, 29.78956, Denny's, USA-United States
-73.65021, 43.33206, Denny's, USA-United States
-80.20136, 26.36769, Denny's, USA-United States
-101.86642, 35.19259, Denny's, USA-United States
-81.80105, 41.43667, Denny's, USA-United States
-121.76562, 38.67433, Denny's, USA-United States
-117.01486, 32.75597, Denny's, USA-United States
-70.32787, 43.67646, Denny's, USA-United States
-83.19126, 41.11304, Denny's, USA-United States
-97.20731, 32.82396, Denny's, USA-United States
-78.97147, 43.08938, Denny's, USA-United States
-97.60137, 35.46377, Denny's, USA-United States
-73.74449, 43.09826, Denny's, USA-United States
-117.01002, 34.89807, Denny's, USA-United States
-121.27170, 38.67897, Denny's, USA-United States
-122.42994, 37.78566, Denny's, USA-United States
-121.99110, 37.81077, Denny's, USA-United States
-80.09029, 26.52963, Denny's, USA-United States
-80.07253, 40.39138, Denny's, USA-United States
-68.41603, 44.53922, Denny's, USA-United States
-73.41998, 41.40542, Denny's, USA-United States
-118.44735, 35.14101, Denny's, USA-United States
-119.77222, 36.70771, Denny's, USA-United States
-117.62351, 33.43815, Denny's, USA-United States
-81.36608, 41.65932, Denny's, USA-United States
-95.47782, 30.33771, Denny's, USA-United States
-78.11677, 36.71773, Denny's, USA-United States
-80.20460, 26.23687, Denny's, USA-United States
-87.22129, 30.50608, Denny's, USA-United States
-75.85535, 41.25029, Denny's, USA-United States
-80.47485, 25.44326, Denny's, USA-United States
-80.66517, 41.15370, Denny's, USA-United States
-119.76771, 39.18196, Denny's, USA-United States
-93.22361, 44.73208, Denny's, USA-United States
-97.00778, 32.91899, Denny's, USA-United States
-117.65726, 33.50276, Denny's, USA-United States
-119.17761, 34.21364, Denny's, USA-United States
-87.48152, 37.32717, Denny's, USA-United States
-81.79892, 41.13648, Denny's, USA-United States
-117.99578, 33.88367, Denny's, USA-United States
-121.84491, 39.75274, Denny's, USA-United States
-89.63816, 44.86415, Denny's, USA-United States
-95.29734, 29.70371, Denny's, USA-United States
-106.32130, 31.70244, Denny's, USA-United States
-118.18959, 33.77428, Denny's, USA-United States
-111.96912, 33.30551, Denny's, USA-United States
-97.38202, 27.71405, Denny's, USA-United States
-93.56641, 33.51176, Denny's, USA-United States
-117.30887, 34.04888, Denny's, USA-United States
-95.22570, 29.77203, Denny's, USA-United States
-81.11338, 29.25609, Denny's, USA-United States
-95.92249, 36.09270, Denny's, USA-United States
-105.62218, 33.32593, Denny's, USA-United States
-106.77778, 32.30374, Denny's, USA-United States
-86.93779, 38.42563, Denny's, USA-United States
-85.96043, 39.20046, Denny's, USA-United States
-118.37863, 34.17229, Denny's, USA-United States
-72.63014, 42.18800, Denny's, USA-United States
-94.19661, 36.05330, Denny's, USA-United States
-97.32121, 32.68317, Denny's, USA-United States
-118.08698, 33.83164, Denny's, USA-United States
-122.50383, 37.59578, Denny's, USA-United States
-106.33321, 31.74567, Denny's, USA-United States
-117.25161, 33.37627, Denny's, USA-United States
-79.06251, 43.08934, Denny's, USA-United States
-119.09864, 35.38368, Denny's, USA-United States
-101.45410, 32.25992, Denny's, USA-United States
-80.08834, 26.63274, Denny's, USA-United States
-121.09509, 38.93735, Denny's, USA-United States
-95.64585, 29.84966, Denny's, USA-United States
-120.49541, 37.30055, Denny's, USA-United States
-118.18550, 33.98702, Denny's, USA-United States
-117.23961, 47.65730, Denny's, USA-United States
-117.53728, 33.84328, Denny's, USA-United States
-81.45579, 28.40582, Denny's, USA-United States
-81.48147, 35.26669, Denny's, USA-United States
-88.26023, 41.73685, Denny's, USA-United States
-121.44184, 38.49596, Denny's, USA-United States
-98.73506, 29.78036, Denny's, USA-United States
-80.10203, 26.78354, Denny's, USA-United States
-117.69092, 33.97205, Denny's, USA-United States
-117.63959, 34.10734, Denny's, USA-United States
-119.27215, 34.26697, Denny's, USA-United States
-68.73954, 44.83119, Denny's, USA-United States
-117.25979, 34.06565, Denny's, USA-United States
-82.10404, 28.03899, Denny's, USA-United States
-98.48247, 29.56620, Denny's, USA-United States
-84.45065, 42.72602, Denny's, USA-United States
-101.92258, 33.55115, Denny's, USA-United States
-96.97562, 33.00836, Denny's, USA-United States
-80.32537, 25.76201, Denny's, USA-United States
-78.83524, 39.63730, Denny's, USA-United States
-98.23215, 26.19202, Denny's, USA-United States
-91.15952, 38.82007, Denny's, USA-United States
-121.93150, 37.28572, Denny's, USA-United States
-108.54358, 39.10738, Denny's, USA-United States
-88.95168, 40.47339, Denny's, USA-United States
-118.29159, 34.07789, Denny's, USA-United States
-117.75934, 33.67609, Denny's, USA-United States
-76.90554, 38.63166, Denny's, USA-United States
-81.71432, 28.00388, Denny's, USA-United States
-122.14673, 39.15654, Denny's, USA-United States
-115.03772, 36.05607, Denny's, USA-United States
-86.48587, 40.04676, Denny's, USA-United States
-80.35310, 37.13792, Denny's, USA-United States
-81.74047, 41.38036, Denny's, USA-United States
-87.88910, 42.10690, Denny's, USA-United States
-121.29829, 38.25319, Denny's, USA-United States
-80.35163, 25.76918, Denny's, USA-United States
-123.04068, 44.08250, Denny's, USA-United States
-79.57620, 40.30591, Denny's, USA-United States
-74.68460, 40.29325, Denny's, USA-United States
-110.91496, 32.23640, Denny's, USA-United States
-117.99352, 33.81876, Denny's, USA-United States
-86.14885, 39.69475, Denny's, USA-United States
-121.26982, 38.61400, Denny's, USA-United States
-121.92805, 37.49129, Denny's, USA-United States
-119.83014, 36.75649, Denny's, USA-United States
-98.34536, 29.48609, Denny's, USA-United States
-115.11839, 36.03333, Denny's, USA-United States
-89.62155, 40.62409, Denny's, USA-United States
-117.54598, 34.10616, Denny's, USA-United States
-80.38931, 27.63080, Denny's, USA-United States
-110.90646, 32.20677, Denny's, USA-United States
-122.67841, 45.26747, Denny's, USA-United States
-95.10693, 29.57825, Denny's, USA-United States
-92.72321, 44.95963, Denny's, USA-United States
-81.94094, 26.62812, Denny's, USA-United States
-80.23558, 27.17704, Denny's, USA-United States
-121.38953, 38.40905, Denny's, USA-United States
-112.13310, 33.52413, Denny's, USA-United States
-105.08132, 39.65023, Denny's, USA-United States
-122.66138, 45.53091, Denny's, USA-United States
-76.13826, 43.12416, Denny's, USA-United States
-80.05597, 26.80885, Denny's, USA-United States
-121.38203, 38.63736, Denny's, USA-United States
-118.84853, 34.82559, Denny's, USA-United States
-122.51936, 47.16655, Denny's, USA-United States
-83.32698, 30.84271, Denny's, USA-United States
-95.52230, 29.72883, Denny's, USA-United States
-119.04561, 36.08054, Denny's, USA-United States
-119.26454, 45.81929, Denny's, USA-United States
-76.98881, 39.58482, Denny's, USA-United States
-122.97917, 46.72822, Denny's, USA-United States
-97.08939, 32.92403, Denny's, USA-United States
-96.60487, 33.65525, Denny's, USA-United States
-95.76167, 39.03937, Denny's, USA-United States
-75.05728, 38.41804, Denny's, USA-United States
-111.87496, 33.41465, Denny's, USA-United States
-98.38861, 29.40096, Denny's, USA-United States
-89.31426, 43.12342, Denny's, USA-United States
-106.41917, 31.88373, Denny's, USA-United States
-82.34439, 34.89393, Denny's, USA-United States
-97.00283, 32.67348, Denny's, USA-United States
-112.35840, 33.46027, Denny's, USA-United States
-76.71068, 39.16043, Denny's, USA-United States
-110.99678, 32.13398, Denny's, USA-United States
-97.31348, 32.86004, Denny's, USA-United States
-117.40609, 33.93711, Denny's, USA-United States
-122.04840, 47.54394, Denny's, USA-United States
-117.98914, 33.69436, Denny's, USA-United States
-87.80980, 41.71857, Denny's, USA-United States
-81.44062, 41.62488, Denny's, USA-United States
-80.94297, 29.01405, Denny's, USA-United States
-80.97519, 29.16203, Denny's, USA-United States
-81.38395, 28.66223, Denny's, USA-United States
-106.54077, 35.31757, Denny's, USA-United States
-78.78549, 42.96336, Denny's, USA-United States
-87.84666, 42.71864, Denny's, USA-United States
-117.83345, 33.75971, Denny's, USA-United States
-83.69421, 42.25625, Denny's, USA-United States
-86.37241, 39.67411, Denny's, USA-United States
-104.75794, 38.83745, Denny's, USA-United States
-76.30537, 39.45298, Denny's, USA-United States
-81.69244, 41.40535, Denny's, USA-United States
-110.69849, 35.04099, Denny's, USA-United States
-80.04431, 32.93567, Denny's, USA-United States
-118.16454, 33.94932, Denny's, USA-United States
-101.29587, 48.20351, Denny's, USA-United States
-77.08440, 38.76070, Denny's, USA-United States
-76.38189, 37.04339, Denny's, USA-United States
-85.57108, 42.91236, Denny's, USA-United States
-95.61212, 29.91829, Denny's, USA-United States
-73.20928, 44.44575, Denny's, USA-United States
-115.11446, 36.15736, Denny's, USA-United States
-76.84583, 39.10173, Denny's, USA-United States
-84.40198, 33.62466, Denny's, USA-United States
-122.06457, 37.97437, Denny's, USA-United States
-95.57880, 29.64590, Denny's, USA-United States
-88.56630, 39.13920, Denny's, USA-United States
-80.17212, 25.94458, Denny's, USA-United States
-114.60359, 32.69854, Denny's, USA-United States
-117.92293, 33.63611, Denny's, USA-United States
-83.40938, 30.45799, Denny's, USA-United States
-79.08448, 39.42276, Denny's, USA-United States
-79.00362, 34.66805, Denny's, USA-United States
-110.93272, 32.13391, Denny's, USA-United States
-111.86127, 33.37850, Denny's, USA-United States
-83.96444, 43.47981, Denny's, USA-United States
-122.71412, 38.42146, Denny's, USA-United States
-97.00711, 32.83757, Denny's, USA-United States
-86.04430, 39.82793, Denny's, USA-United States
-98.39941, 29.49900, Denny's, USA-United States
-81.84369, 27.90545, Denny's, USA-United States
-121.41042, 38.55528, Denny's, USA-United States
-117.15297, 32.76674, Denny's, USA-United States
-81.95554, 35.01140, Denny's, USA-United States
-82.05446, 29.21815, Denny's, USA-United States
-81.47138, 28.43861, Denny's, USA-United States
-83.23532, 42.19813, Denny's, USA-United States
-118.35309, 33.83601, Denny's, USA-United States
-121.90594, 37.69827, Denny's, USA-United States
-97.74704, 31.10987, Denny's, USA-United States
-118.46538, 34.41558, Denny's, USA-United States
-93.23300, 44.94847, Denny's, USA-United States
-105.25568, 40.00031, Denny's, USA-United States
-88.29343, 42.10609, Denny's, USA-United States
-158.03346, 21.38594, Denny's, USA-United States
-117.98267, 34.13941, Denny's, USA-United States
-90.56712, 38.79219, Denny's, USA-United States
-90.14244, 41.62873, Denny's, USA-United States
-85.75877, 38.31601, Denny's, USA-United States
-80.11127, 26.69503, Denny's, USA-United States
-121.78385, 38.70032, Denny's, USA-United States
-116.98995, 33.74758, Denny's, USA-United States
-95.18125, 29.66535, Denny's, USA-United States
-121.65637, 36.72176, Denny's, USA-United States
-117.68641, 33.46578, Denny's, USA-United States
-121.07543, 37.70166, Denny's, USA-United States
-81.49806, 27.52375, Denny's, USA-United States
-118.12360, 33.77580, Denny's, USA-United States
-81.45983, 28.46256, Denny's, USA-United States
-117.09734, 32.64014, Denny's, USA-United States
-118.09598, 34.14626, Denny's, USA-United States
-122.45216, 37.64397, Denny's, USA-United States
-81.41671, 40.85963, Denny's, USA-United States
-97.28913, 37.66477, Denny's, USA-United States
-120.84914, 37.47571, Denny's, USA-United States
-81.73912, 30.19490, Denny's, USA-United States
-90.95514, 38.98716, Denny's, USA-United States
-87.98331, 42.04418, Denny's, USA-United States
-122.30121, 47.16165, Denny's, USA-United States
-117.83639, 33.83509, Denny's, USA-United States
-82.15726, 41.46358, Denny's, USA-United States
-78.67987, 38.82772, Denny's, USA-United States
-81.64647, 28.22701, Denny's, USA-United States
-121.76754, 37.96292, Denny's, USA-United States
-77.26328, 42.87852, Denny's, USA-United States
-76.54897, 42.94653, Denny's, USA-United States
-97.48038, 35.21865, Denny's, USA-United States
-117.78860, 34.12132, Denny's, USA-United States
-89.61011, 39.75832, Denny's, USA-United States
-81.34402, 28.55311, Denny's, USA-United States
-122.55639, 45.51890, Denny's, USA-United States
-87.27877, 30.43670, Denny's, USA-United States
-92.46317, 44.00508, Denny's, USA-United States
-77.29992, 38.62704, Denny's, USA-United States
-121.91040, 37.36322, Denny's, USA-United States
-122.87786, 45.15111, Denny's, USA-United States
-122.37632, 47.66877, Denny's, USA-United States
-118.21158, 33.92965, Denny's, USA-United States
-97.46539, 35.65261, Denny's, USA-United States
-94.04307, 33.47469, Denny's, USA-United States
-77.25523, 38.65282, Denny's, USA-United States
-77.39402, 35.61066, Denny's, USA-United States
-118.86833, 34.27991, Denny's, USA-United States
-88.03854, 42.03841, Denny's, USA-United States
-86.26907, 39.80058, Denny's, USA-United States
-122.29586, 37.83838, Denny's, USA-United States
-90.34979, 38.73174, Denny's, USA-United States
-98.32868, 29.55403, Denny's, USA-United States
-95.46806, 29.81815, Denny's, USA-United States
-117.10594, 32.66074, Denny's, USA-United States
-117.95823, 34.01981, Denny's, USA-United States
-115.05741, 36.10624, Denny's, USA-United States
-117.77798, 34.07409, Denny's, USA-United States
-81.33791, 28.65895, Denny's, USA-United States
-121.22832, 38.67872, Denny's, USA-United States
-77.69279, 39.61751, Denny's, USA-United States
-82.45566, 43.02545, Denny's, USA-United States
-78.14082, 39.21632, Denny's, USA-United States
-99.50338, 27.53186, Denny's, USA-United States
-96.61784, 32.33657, Denny's, USA-United States
-104.84784, 39.77270, Denny's, USA-United States
-119.97761, 38.93418, Denny's, USA-United States
-117.87223, 34.12122, Denny's, USA-United States
-70.23089, 44.09803, Denny's, USA-United States
-118.42285, 34.42383, Denny's, USA-United States
-82.49394, 27.29894, Denny's, USA-United States
-116.57337, 43.60215, Denny's, USA-United States
-110.27363, 31.55479, Denny's, USA-United States
-119.67235, 36.32785, Denny's, USA-United States
-119.15936, 46.20936, Denny's, USA-United States
-118.31490, 34.09813, Denny's, USA-United States
-81.51948, 28.33258, Denny's, USA-United States
-71.21844, 42.76538, Denny's, USA-United States
-104.86612, 39.68915, Denny's, USA-United States
-122.50254, 47.15022, Denny's, USA-United States
-76.09243, 43.08983, Denny's, USA-United States
-111.92643, 33.43499, Denny's, USA-United States
-117.06404, 32.64789, Denny's, USA-United States
-123.11672, 47.22092, Denny's, USA-United States
-116.40273, 33.81849, Denny's, USA-United States
-117.98865, 34.01841, Denny's, USA-United States
-79.83430, 40.53806, Denny's, USA-United States
-122.12732, 38.21972, Denny's, USA-United States
-80.67174, 28.12185, Denny's, USA-United States
-119.72447, 36.80828, Denny's, USA-United States
-97.93504, 35.02768, Denny's, USA-United States
-122.06484, 38.25844, Denny's, USA-United States
-112.14960, 33.87086, Denny's, USA-United States
-86.53416, 39.18423, Denny's, USA-United States
-80.35970, 25.58859, Denny's, USA-United States
-87.80718, 41.96827, Denny's, USA-United States
-117.06727, 32.95074, Denny's, USA-United States
-72.87346, 41.63428, Denny's, USA-United States
-121.82318, 37.29923, Denny's, USA-United States
-90.76770, 38.80260, Denny's, USA-United States
-78.20156, 43.00453, Denny's, USA-United States
-79.89238, 37.30257, Denny's, USA-United States
-80.13489, 26.18909, Denny's, USA-United States
-121.41520, 38.58963, Denny's, USA-United States
-87.85252, 41.62108, Denny's, USA-United States
-116.05497, 34.13545, Denny's, USA-United States
-76.06739, 39.58891, Denny's, USA-United States
-81.91307, 35.34132, Denny's, USA-United States
-82.61039, 28.91903, Denny's, USA-United States
-82.39312, 27.99598, Denny's, USA-United States
-118.87541, 34.17895, Denny's, USA-United States
-111.92597, 33.48654, Denny's, USA-United States
-118.44035, 34.28308, Denny's, USA-United States
-98.62823, 29.45471, Denny's, USA-United States
-80.30931, 25.92833, Denny's, USA-United States
-83.28549, 42.49954, Denny's, USA-United States
-88.32251, 41.79106, Denny's, USA-United States
-80.12167, 25.93917, Denny's, USA-United States
-111.88228, 34.57519, Denny's, USA-United States
-119.74062, 34.44062, Denny's, USA-United States
-117.10053, 32.74947, Denny's, USA-United States
-117.29000, 33.24339, Denny's, USA-United States
-118.04925, 33.97934, Denny's, USA-United States
-94.58881, 39.09526, Denny's, USA-United States
-96.77029, 32.88890, Denny's, USA-United States
-122.28876, 47.82110, Denny's, USA-United States
-121.02977, 37.66594, Denny's, USA-United States
-117.43341, 34.07022, Denny's, USA-United States
-94.50173, 39.12994, Denny's, USA-United States
-94.04192, 30.11492, Denny's, USA-United States
-112.11799, 33.56791, Denny's, USA-United States
-97.73155, 30.35516, Denny's, USA-United States
-90.33903, 38.51300, Denny's, USA-United States
-81.35216, 41.24130, Denny's, USA-United States
-87.50100, 38.69144, Denny's, USA-United States
-121.13120, 38.87004, Denny's, USA-United States
-95.33177, 32.38067, Denny's, USA-United States
-78.89731, 33.68063, Denny's, USA-United States
-119.75411, 39.42020, Denny's, USA-United States
-118.08182, 33.96828, Denny's, USA-United States
-84.18680, 39.74195, Denny's, USA-United States
-117.87204, 33.86249, Denny's, USA-United States
-118.38070, 33.95910, Denny's, USA-United States
-90.37793, 38.44495, Denny's, USA-United States
-80.09321, 26.30453, Denny's, USA-United States
-76.54419, 38.98447, Denny's, USA-United States
-88.07950, 42.04915, Denny's, USA-United States
-75.04825, 39.76503, Denny's, USA-United States
-106.52253, 39.63615, Denny's, USA-United States
-111.92626, 33.38470, Denny's, USA-United States
-117.32832, 33.18555, Denny's, USA-United States
-117.36201, 34.18973, Denny's, USA-United States
-106.61682, 35.08076, Denny's, USA-United States
-86.25039, 41.71199, Denny's, USA-United States
-122.93877, 47.03387, Denny's, USA-United States
-83.43163, 42.35982, Denny's, USA-United States
-71.14603, 42.68814, Denny's, USA-United States
-118.35288, 33.91231, Denny's, USA-United States
-80.85130, 35.30705, Denny's, USA-United States
-75.83163, 39.60124, Denny's, USA-United States
-87.32851, 41.47123, Denny's, USA-United States
-82.63117, 28.45457, Denny's, USA-United States
-96.67735, 43.54524, Denny's, USA-United States
-117.43668, 33.90864, Denny's, USA-United States
-80.41602, 25.73192, Denny's, USA-United States
-122.31344, 47.29032, Denny's, USA-United States
-90.20606, 30.00559, Denny's, USA-United States
-85.68228, 42.88441, Denny's, USA-United States
-76.36449, 40.03959, Denny's, USA-United States
-117.92016, 33.76961, Denny's, USA-United States
-90.07181, 38.74666, Denny's, USA-United States
-72.65453, 41.68512, Denny's, USA-United States
-122.19635, 37.74529, Denny's, USA-United States
-80.23129, 26.70525, Denny's, USA-United States
-81.54694, 28.55171, Denny's, USA-United States
-92.34932, 35.08564, Denny's, USA-United States
-122.57907, 45.46147, Denny's, USA-United States
-104.61390, 38.31228, Denny's, USA-United States
-82.67904, 27.73165, Denny's, USA-United States
-116.93193, 32.74407, Denny's, USA-United States
-87.94509, 42.24245, Denny's, USA-United States
-96.59396, 32.84127, Denny's, USA-United States
-104.76741, 38.90145, Denny's, USA-United States
-112.10932, 33.55325, Denny's, USA-United States
-118.28421, 34.02401, Denny's, USA-United States
-123.06003, 44.62953, Denny's, USA-United States
-111.93949, 40.77137, Denny's, USA-United States
-107.75639, 32.26920, Denny's, USA-United States
-81.02723, 29.26490, Denny's, USA-United States
-98.48317, 29.42277, Denny's, USA-United States
-88.97828, 42.67209, Denny's, USA-United States
-107.24910, 33.15547, Denny's, USA-United States
-76.87898, 38.99422, Denny's, USA-United States
-77.39987, 36.90144, Denny's, USA-United States
-81.95834, 28.95140, Denny's, USA-United States
-71.77532, 42.29464, Denny's, USA-United States
-111.83648, 38.93269, Denny's, USA-United States
-118.32246, 34.09789, Denny's, USA-United States
-122.98715, 44.94994, Denny's, USA-United States
-75.30984, 39.92522, Denny's, USA-United States
-108.75870, 35.53404, Denny's, USA-United States
-95.45653, 30.01117, Denny's, USA-United States
-121.83916, 38.45818, Denny's, USA-United States
-92.61727, 38.17614, Denny's, USA-United States
-118.13237, 33.93948, Denny's, USA-United States
-81.68970, 28.82300, Denny's, USA-United States
-97.79497, 30.47517, Denny's, USA-United States
-122.41976, 47.07204, Denny's, USA-United States
-82.73922, 28.09013, Denny's, USA-United States
-74.29311, 40.58260, Denny's, USA-United States
-96.99739, 28.86568, Denny's, USA-United States
-117.20861, 34.06860, Denny's, USA-United States
-93.25476, 38.70514, Denny's, USA-United States
-121.97780, 47.86084, Denny's, USA-United States
-118.53589, 34.20861, Denny's, USA-United States
-117.85306, 33.75972, Denny's, USA-United States
-118.57779, 34.25739, Denny's, USA-United States
-97.12640, 31.54622, Denny's, USA-United States
-122.00028, 37.53380, Denny's, USA-United States
-116.97633, 33.92615, Denny's, USA-United States
-80.16284, 25.98485, Denny's, USA-United States
-122.78136, 45.42476, Denny's, USA-United States
-120.13413, 37.01810, Denny's, USA-United States
-105.10864, 39.78548, Denny's, USA-United States
-118.08249, 33.87750, Denny's, USA-United States
-121.05927, 38.92324, Denny's, USA-United States
-117.22674, 32.72742, Denny's, USA-United States
-96.83364, 39.01113, Denny's, USA-United States
-84.48605, 38.09608, Denny's, USA-United States
-94.36846, 35.36107, Denny's, USA-United States
-106.58755, 35.10568, Denny's, USA-United States
-88.13131, 41.97730, Denny's, USA-United States
-88.97284, 42.26995, Denny's, USA-United States
-117.25542, 32.79660, Denny's, USA-United States
-106.43517, 31.89840, Denny's, USA-United States
-80.35779, 25.88090, Denny's, USA-United States
-121.99863, 37.35243, Denny's, USA-United States
-112.73821, 33.98075, Denny's, USA-United States
-114.34469, 34.47402, Denny's, USA-United States
-122.33068, 37.95492, Denny's, USA-United States
-119.07566, 35.44117, Denny's, USA-United States
-102.38523, 31.88215, Denny's, USA-United States
-116.07499, 35.26539, Denny's, USA-United States
-118.12676, 33.97462, Denny's, USA-United States
-78.28763, 35.51773, Denny's, USA-United States
-86.87359, 34.20687, Denny's, USA-United States
-119.55982, 36.51796, Denny's, USA-United States
-111.90237, 40.86273, Denny's, USA-United States
-117.51159, 34.12121, Denny's, USA-United States
-90.38738, 38.77436, Denny's, USA-United States
-112.06516, 33.50958, Denny's, USA-United States
-81.27416, 28.64693, Denny's, USA-United States
-75.04854, 42.44825, Denny's, USA-United States
-117.22743, 33.93924, Denny's, USA-United States
-76.12512, 43.15111, Denny's, USA-United States
-83.56483, 41.58702, Denny's, USA-United States
-118.58126, 34.42219, Denny's, USA-United States
-115.06190, 36.16448, Denny's, USA-United States
-80.33328, 25.73337, Denny's, USA-United States
-92.34319, 34.71270, Denny's, USA-United States
-103.20297, 44.10712, Denny's, USA-United States
-87.82612, 42.19025, Denny's, USA-United States
-95.45259, 30.18017, Denny's, USA-United States
-82.31880, 35.60833, Denny's, USA-United States
-117.91488, 33.79698, Denny's, USA-United States
-86.12755, 39.63705, Denny's, USA-United States
-122.18584, 47.61586, Denny's, USA-United States
-120.41962, 34.95317, Denny's, USA-United States
-77.50612, 38.77756, Denny's, USA-United States
-117.11276, 32.91697, Denny's, USA-United States
-84.33198, 37.37460, Denny's, USA-United States
-79.94381, 40.34838, Denny's, USA-United States
-96.32175, 32.71891, Denny's, USA-United States
-117.20133, 32.83264, Denny's, USA-United States
-118.48902, 34.01729, Denny's, USA-United States
-117.88912, 33.99131, Denny's, USA-United States
-122.22581, 47.30283, Denny's, USA-United States
-115.23212, 36.15941, Denny's, USA-United States
-82.49725, 27.23259, Denny's, USA-United States
-113.58342, 37.08755, Denny's, USA-United States
-117.00158, 32.80160, Denny's, USA-United States
-112.20123, 41.71076, Denny's, USA-United States
-79.80928, 34.14808, Denny's, USA-United States
-93.29438, 44.82657, Denny's, USA-United States
-98.85745, 30.26139, Denny's, USA-United States
-97.70508, 30.33226, Denny's, USA-United States
-96.75351, 32.93464, Denny's, USA-United States
-86.07733, 39.61662, Denny's, USA-United States
-117.78393, 33.70814, Denny's, USA-United States
-82.53134, 40.73671, Denny's, USA-United States
-124.10108, 40.93202, Denny's, USA-United States
-80.61086, 28.33209, Denny's, USA-United States
-98.50695, 29.51821, Denny's, USA-United States
-122.76788, 45.30218, Denny's, USA-United States
-81.51777, 41.29931, Denny's, USA-United States
-80.38037, 25.81141, Denny's, USA-United States
-80.29266, 27.27812, Denny's, USA-United States
-93.24734, 45.05956, Denny's, USA-United States
-95.40274, 35.74694, Denny's, USA-United States
-97.69299, 30.53793, Denny's, USA-United States
-77.78856, 42.79703, Denny's, USA-United States
-112.24602, 33.58823, Denny's, USA-United States
-115.17264, 36.10412, Denny's, USA-United States
-79.69588, 40.32200, Denny's, USA-United States
-118.14246, 33.87546, Denny's, USA-United States
-76.26959, 43.04138, Denny's, USA-United States
-84.45311, 42.27061, Denny's, USA-United States
-118.49393, 34.20139, Denny's, USA-United States
-97.40945, 37.67341, Denny's, USA-United States
-118.91839, 35.35422, Denny's, USA-United States
-71.74222, 42.53331, Denny's, USA-United States
-123.35223, 43.21296, Denny's, USA-United States
-111.94737, 40.69682, Denny's, USA-United States
-72.32543, 43.60087, Denny's, USA-United States
-77.51431, 37.59986, Denny's, USA-United States
-75.93917, 43.97702, Denny's, USA-United States
-112.03613, 33.59689, Denny's, USA-United States
-111.87304, 33.30620, Denny's, USA-United States
-117.93386, 34.11432, Denny's, USA-United States
-82.11323, 41.39932, Denny's, USA-United States
-87.74078, 41.72512, Denny's, USA-United States
-81.30278, 28.99635, Denny's, USA-United States
-93.54999, 45.19863, Denny's, USA-United States
-83.10418, 40.58088, Denny's, USA-United States
-112.11452, 33.68364, Denny's, USA-United States
-121.32824, 38.63573, Denny's, USA-United States
-97.43258, 32.72128, Denny's, USA-United States
-85.73806, 39.52611, Denny's, USA-United States
-118.30903, 33.86173, Denny's, USA-United States
-87.89799, 42.34621, Denny's, USA-United States
-120.82993, 38.72302, Denny's, USA-United States
-82.56837, 27.46255, Denny's, USA-United States
-119.22856, 46.23790, Denny's, USA-United States
-95.43968, 29.81001, Denny's, USA-United States
-119.02529, 36.04989, Denny's, USA-United States
-81.32073, 29.90411, Denny's, USA-United States
-98.62717, 29.40325, Denny's, USA-United States
-118.60586, 34.22045, Denny's, USA-United States
-84.51629, 38.01275, Denny's, USA-United States
-120.67671, 35.26395, Denny's, USA-United States
-93.33230, 44.85750, Denny's, USA-United States
-114.58605, 35.12144, Denny's, USA-United States
