-72.880133,41.286161,Hobby Lobby,203-468-5488,68 Frontage Road,East Haven,CT,06512,USA
-73.031954,41.241846,Hobby Lobby,203-874-0610,1777 Boston Post Road,Milford,CT,06460,USA
-87.2682392,33.848421,Hobby Lobby,205-295-0256,680 Highway 78 East,Jasper,AL,35501,USA
-87.579411,33.240117,Hobby Lobby,205-333-8255,2300 McFarland Boulevard,Northport,AL,35476,USA
-86.81033,33.65343,Hobby Lobby,205-631-9722,655 Fieldstown Road,Gardendale,AL,35071,USA
-86.622757,33.612389,Hobby Lobby,205-655-2134,5501 Patrick Way,Birmingham,AL,35235,USA
-86.82678,33.44528,Hobby Lobby,205-942-9328,255 Lakeshore Parkway,Homewood,AL,35209,USA
-86.67273,33.41096,Hobby Lobby,205-981-4515,1201 Doug Baker Blvd,Birmingham,AL,35242,USA
-86.79881,33.36932,Hobby Lobby,205-985-5292,1855 Montgomery Hwy S,Hoover,AL,35244,USA
-122.343605,47.725036,Hobby Lobby,206-306-9513,13200 Aurora Avenue North,Seattle,WA,98133,USA
-70.234803,44.120344,Hobby Lobby,207-782-6026,65 Mt Auburn Ave,Auburn,ME,04210,USA
-68.7565834,44.826675,Hobby Lobby,207-941-8623,489 Stillwater Ave,Bangor,ME,04401,USA
-112.4663333,42.9077482,Hobby Lobby,208-237-1699,4101 Yellowstone Ave,Chubbuck,ID,83202,USA
-116.5947984,43.6142951,Hobby Lobby,208-442-9729,16885 N Marketplace Blvd,Nampa,ID,83687,USA
-111.9692764,43.4676094,Hobby Lobby,208-522-2491,3603 South 25th,Ammon,ID,83406,USA
-116.35428,43.63783,Hobby Lobby,208-855-4798,3547 N Eagle Rd,Meridian,ID,83646,USA
-120.994262,37.680174,Hobby Lobby,209-521-6449,2801 McHenry Avenue,Modesto,CA,95350,USA
-120.494123,37.317967,Hobby Lobby,209-722-2054,1400 W Olive Avenue,Merced,CA,95348,USA
-120.87323,37.054401,Hobby Lobby,209-829-1807,1301 W Pacheco Blvd,Los Banos,CA,93635,USA
-121.319693,37.989647,Hobby Lobby,209-954-1869,1155 W March Lane,Stockton,CA,95207,USA
-98.48653,29.56791,Hobby Lobby,210-495-7497,286 Bitters Road,San Antonio,TX,78216,USA
-98.44916,29.65183,Hobby Lobby,210-497-4551,23128 US 281 North,San Antonio,TX,78258,USA
-98.603195,29.604906,Hobby Lobby,210-561-5630,17903 La Cantera Parkway,San Antonio,TX,78257,USA
-98.62498,29.50021,Hobby Lobby,210-647-5353,7058 Bandera Road,San Antonio,TX,78238,USA
-98.70029,29.49019,Hobby Lobby,210-675-5060,5855 Rogers Road,San Antonio,TX,78251,USA
-98.55191,29.49081,Hobby Lobby,210-737-1611,4522 Fredericksburg,San Antonio,TX,78201,USA
-98.32282,29.57474,Hobby Lobby,210-945-2439,8370 Agora Parkway,Selma,TX,78154,USA
-96.6788,33.10249,Hobby Lobby,214-495-0100,107 Central Expressway N,Allen,TX,75013,USA
-91.35489,39.93499,Hobby Lobby,217-222-0112,3800 Broadway,Quincy,IL,62305,USA
-88.24816,40.14197,Hobby Lobby,217-355-2924,2102 N Neil St,Champaign,IL,61820,USA
-89.708931,39.754629,Hobby Lobby,217-726-9782,3325 S Veterans Parkway,Springfield,IL,62704,USA
-88.9591098,39.920965,Hobby Lobby,217-872-0936,1146 Hickory Point Mall,Forsyth,IL,62535,USA
-92.165114,46.806085,Hobby Lobby,218-722-0716,1734 Mall Dr,Duluth,MN,55811,USA
-94.8996045,47.4946092,Hobby Lobby,218-751-6163,1401 Paul Bunyan Dr NW,Bemidji,MN,56601,USA
-87.016304,41.471199,Hobby Lobby,219-464-8211,210 Porters Vale Blvd,Valparaiso,IN,46383,USA
-86.896469,41.674404,Hobby Lobby,219-871-0972,4351 South Franklin Street,Michigan City,IN,46360,USA
-87.30216,41.47357,Hobby Lobby,219-947-5096,2782 E 79th St,Merrillville,IN,46410,USA
-91.00752,30.44533,Hobby Lobby,225-275-4110,1683 ONeal Lane,Baton Rouge,LA,70816,USA
-91.14116,30.4195,Hobby Lobby,225-952-9042,3121 College Dr,Baton Rouge,LA,70808,USA
-88.99236,30.40025,Hobby Lobby,228-388-3941,2649 Pass Rd,Biloxi,MS,39531,USA
-89.097946,30.448612,Hobby Lobby,228-539-7933,11240A Hwy 49 North,Gulfport,MS,39503,USA
-83.5425838,31.4459281,Hobby Lobby,229-386-1238,1851 US Hwy 82 West,Tifton,GA,31793,USA
-84.21869,31.61567,Hobby Lobby,229-639-1077,2709 Dawson Road,Albany,GA,31707,USA
-83.31828,30.83873,Hobby Lobby,229-671-1410,1000 N St Augustine Rd,Valdosta,GA,31601,USA
-84.97085,45.360704,Hobby Lobby,231-348-0991,1305 Spring Street,Petoskey,MI,49770,USA
-86.20583,43.15955,Hobby Lobby,231-798-8373,5103 Harvey,Norton Shores,MI,49444,USA
-81.808418,26.606873,Hobby Lobby,239-275-3451,9355 Ben C Pratt Parkway,Fort Myers,FL,33966,USA
-81.7996321,26.2722286,Hobby Lobby,239-596-5991,1000 Immokalee Road,Naples,FL,34110,USA
-81.7027426,26.0661794,Hobby Lobby,239-732-9622,9955 Triangle Blvd,Naples,FL,34113,USA
-83.474286,42.483968,Hobby Lobby,248-347-0386,43075 Crescent Blvd,Novi,MI,48375,USA
-88.1057892,30.670105,Hobby Lobby,251-471-3794,1310 Tingle Circle East,Mobile,AL,36606,USA
-87.90261,30.65496,Hobby Lobby,251-626-4536,6900 US Hwy 90,Daphne,AL,36526,USA
-88.22402,30.68345,Hobby Lobby,251-635-1848,7765 Airport Blvd [Ste 401],Mobile,AL,36608,USA
-87.6830374,30.367434,Hobby Lobby,251-952-0083,3165 S McKenzie St,Foley,AL,36535,USA
-77.4022597,35.5686276,Hobby Lobby,252-215-5981,3432 South Memorial Dr,Greenville,NC,27834,USA
-76.8077521,34.7382203,Hobby Lobby,252-222-3186,5167 Highway 70 W,Morehead City,NC,28557,USA
-77.9541855,35.7393074,Hobby Lobby,252-265-9015,2800 Raleigh Rd Pkwy West,Wilson,NC,27896,USA
-76.2773666,36.2919922,Hobby Lobby,252-331-1754,3850 Conion Way,Elizabeth City,NC,27909,USA
-77.812226,35.9729538,Hobby Lobby,252-443-7085,760 Sutters Creek Blvd,Rocky Mount,NC,27804,USA
-122.477591,47.23596,Hobby Lobby,253-272-9879,3130 S 23rd Street,Tacoma,WA,98405,USA
-122.509016,47.166716,Hobby Lobby,253-584-9787,5401 100th Street SW,Lakewood,WA,98499,USA
-122.313588,47.284884,Hobby Lobby,253-661-9945,35020 Enchanted Parkway S,Federal Way,WA,98003,USA
-97.19339,31.53002,Hobby Lobby,254-399-8034,1200 Richland Dr,Waco,TX,76710,USA
-97.72221,31.09109,Hobby Lobby,254-634-3474,2002 E Central Texas Expressway,Killeen,TX,76541,USA
-97.35639,31.07096,Hobby Lobby,254-778-9471,2112 SW HK Dodgen Loop 112,Temple,TX,76504,USA
-86.98717,34.55994,Hobby Lobby,256-353-1998,303-A Beltline Place,Decatur,AL,35603,USA
-85.99558,34.00561,Hobby Lobby,256-546-1518,530 E Meighan Blvd,Gadsden,AL,35903,USA
-86.83672,34.16124,Hobby Lobby,256-734-5800,1658 Town Square SW,Cullman,AL,35055,USA
-111.38377,33.03827,Hobby Lobby,256-768-0185,1622 Florence Blvd,Florence,AL,35630,USA
-85.7828,33.61081,Hobby Lobby,256-832-1540,1200 Oxford Exchange,Oxford,AL,36203,USA
-86.7278177,34.7565184,Hobby Lobby,256-864-9437,7504 Hwy 72,Madison,AL,35758,USA
-86.5494,34.67818,Hobby Lobby,256-882-0444,2726 Carl T Jones Dr,Huntsville,AL,35802,USA
-86.2067174,34.2769475,Hobby Lobby,256-894-5578,7360 US Hwy 431 [ste 2],Albertville,AL,35950,USA
-85.13594,41.12889,Hobby Lobby,260-482-7998,5519 Coldwater Rd,Fort Wayne,IN,46825,USA
-84.999604,41.649385,Hobby Lobby,260-624-2102,1801 North Wayne Street,Angola,IN,46703,USA
-88.1219635,43.1488762,Hobby Lobby,262-253-1634,N95 W18281 County Line Rd,Menomonee Falls,WI,53051,USA
-88.18105,43.39894,Hobby Lobby,262-306-0495,1800 S Main St,West Bend,WI,53095,USA
-88.2560036,42.9885142,Hobby Lobby,262-521-9607,1160 W Sunset Drive,Waukesha,WI,53189,USA
-87.852606,42.7031178,Hobby Lobby,262-554-6093,2406 South Green Bay Road,Racine,WI,53406,USA
-87.8866017,42.5714904,Hobby Lobby,262-697-1522,7014 Green Bay Rd,Kenosha,WI,53142,USA
-88.1404419,43.0377922,Hobby Lobby,262-794-0456,18200 W Bluemound Rd,Brookfield,WI,53045,USA
-85.589394,42.226168,Hobby Lobby,269-321-7507,6295 S Westnedge Ave,Portage,MI,49002,USA
-85.64886,42.29636,Hobby Lobby,269-342-9408,5030 W Main St,Kalamazoo,MI,49009,USA
-85.18872,42.26094,Hobby Lobby,269-979-1436,5500 Beckley Road,Battle Creek,MI,49015,USA
-86.43322,36.96791,Hobby Lobby,270-393-0528,1751 Scottsville Rd [Ste 10],Bowling Green,KY,42104,USA
-88.69236,37.07509,Hobby Lobby,270-444-9275,5163 Hinkleville Rd,Paducah,KY,42001,USA
-87.1236,37.7256,Hobby Lobby,270-689-0155,4610 Fredrica St,Owensboro,KY,42301,USA
-85.8876177,37.7271393,Hobby Lobby,270-766-1500,1509 Ring Rd,Elizabethtown,KY,42701,USA
-95.74989,29.54719,Hobby Lobby,281-239-6259,24636 Commercial Drive,Rosenberg,TX,77471,USA
-95.58658,29.63752,Hobby Lobby,281-240-2122,12680 Fountain Lake Circle,Stafford,TX,77477,USA
-95.62814,30.07727,Hobby Lobby,281-255-6644,27706 Tomball Parkway Plaza,Tomball,TX,77375,USA
-95.56949,29.57108,Hobby Lobby,281-261-2951,5744 Highway 6,Missouri City,TX,77459,USA
-95.45071,30.12646,Hobby Lobby,281-292-2382,501 Sawdust Rd,Spring,TX,77380,USA
-95.238947,30.133076,Hobby Lobby,281-354-4623,22124 Market Place Dr,New Caney,TX,77357,USA
-95.68918,29.96489,Hobby Lobby,281-373-1070,26060 US 290 West,Cypress,TX,77429,USA
-95.77442,29.71422,Hobby Lobby,281-395-0080,6811 S Fry Road,Katy,TX,77494,USA
-94.97778,29.77234,Hobby Lobby,281-420-3347,4553 Garth Rd,Baytown,TX,77521,USA
-95.50112,29.98624,Hobby Lobby,281-444-4770,4701 FM 1960 W,Houston,TX,77069,USA
-95.14483,29.6816,Hobby Lobby,281-478-5770,4200 Pasadena Blvd,Pasadena,TX,77503,USA
-95.09305,29.46949,Hobby Lobby,281-534-3529,2740 Gulf Freeway South,League City,TX,77573,USA
-95.26633,30.01038,Hobby Lobby,281-540-4612,20325 Highway 59 N,Humble,TX,77338,USA
-95.65106,29.87898,Hobby Lobby,281-550-6411,16011 FM 529,Houston,TX,77095,USA
-95.1356,29.5347,Hobby Lobby,281-557-9385,20091 Gulf Freeway,Webster,TX,77598,USA
-95.71915,29.79213,Hobby Lobby,281-578-7750,1787 Fry Road,Katy,TX,77449,USA
-95.58427,29.93313,Hobby Lobby,281-894-9798,10955 FM 1960 Rd West,Houston,TX,77070,USA
-76.80642,39.09714,Hobby Lobby,301-490-2170,3333 Corridor Marketplace,Laurel,MD,20724,USA
-77.747794,39.636711,Hobby Lobby,301-733-2616,1580 Wesel Blvd,Hagerstown,MD,21740,USA
-76.5078267,38.2949489,Hobby Lobby,301-866-1723,45315 Alton Ln,California,MD,20619,USA
-104.91104,39.62779,Hobby Lobby,303-321-3699,920 S Monaco Pkwy,Denver,CO,80224,USA
-104.81946,39.70879,Hobby Lobby,303-360-9269,14400 E Alameda Ave,Aurora,CO,80012,USA
-105.08193,39.83897,Hobby Lobby,303-425-7363,7815 Wadsworth,Arvada,CO,80003,USA
-104.98482,39.8692,Hobby Lobby,303-450-2017,550 Thornton Parkway,Thornton,CO,80229,USA
-105.12575,39.98709,Hobby Lobby,303-604-1046,1345 S Boulder Rd,Louisville,CO,80027,USA
-105.13039,40.15292,Hobby Lobby,303-651-3302,800 S Hover,Longmont,CO,80501,USA
-104.99252,39.65502,Hobby Lobby,303-762-8835,401 Englewood Parkway,Englewood,CO,80110,USA
-104.90454,39.56784,Hobby Lobby,303-804-0716,8181 S Quebec St,Centennial,CO,80112,USA
-104.7653,39.51868,Hobby Lobby,303-840-1845,10901 S Parker Road,Parker,CO,80134,USA
-105.08873,39.6312,Hobby Lobby,303-933-0558,4887 S Wadsworth Way,Littleton,CO,80123,USA
-105.07447,39.71107,Hobby Lobby,303-936-4104,7000 W Alameda Avenue,Lakewood,CO,80226,USA
-81.18404,37.80236,Hobby Lobby,304-250-0360,110 Beckley Crossing,Beckley,WV,25801,USA
-80.015053,39.656719,Hobby Lobby,304-284-0588,6000 Nancy D Dr,Westover,WV,26501,USA
-81.1659361,37.2924813,Hobby Lobby,304-323-1640,261 Mercer Mall Road,Bluefield,WV,24701,USA
-82.26231,38.420574,Hobby Lobby,304-736-0682,1 Mall Road,Barboursville,WV,25504,USA
-80.420224,25.685291,Hobby Lobby,305-386-7003,13899 SW 88th St,Miami,FL,33186,USA
-80.3219434,25.8670669,Hobby Lobby,305-820-0440,1995 W 49th St,Hialeah,FL,33012,USA
-106.28865,42.84866,Hobby Lobby,307-577-1985,2911 E 2nd St,Casper,WY,82609,USA
-104.76691,41.13865,Hobby Lobby,307-634-2396,3501 E Lincolnway,Cheyenne,WY,82001,USA
-103.6488419,41.8696785,Hobby Lobby,308-220-3214,2302 Frontage Rd,Scottsbluff,NE,69361,USA
-99.08223,40.71403,Hobby Lobby,308-237-1223,11 W 39th St,Kearney,NE,68847,USA
-98.38409,40.9295,Hobby Lobby,308-382-3355,1322 N Diers Ave,Grand Island,NE,68803,USA
-100.7660446,41.1086731,Hobby Lobby,308-532-0176,301 W Eugene Ave,North Platte,NE,69101,USA
-89.5999,40.54418,Hobby Lobby,309-353-4660,3424 Court Street,Pekin,IL,61554,USA
-89.61286,40.72981,Hobby Lobby,309-686-4058,3433 North University St,Peoria,IL,61604,USA
-90.523711,41.469698,Hobby Lobby,309-797-1439,4120 10th Street Drive,Moline,IL,61265,USA
-88.95345,40.50519,Hobby Lobby,309-862-3045,301 S Veterans Parkway,Normal,IL,61761,USA
-90.425341,38.750493,Hobby Lobby,314-298-2699,11977 St Charles Rock Road,Bridgeton,MO,63044,USA
-90.40704,38.56263,Hobby Lobby,314-821-1899,1215 S Kirkwood Road,Kirkwood,MO,63122,USA
-75.991785,43.031758,Hobby Lobby,315-446-4936,6797 East Genesee Street,Fayetteville,NY,13066,USA
-76.24447,43.185,Hobby Lobby,315-652-3894,3884 State Route 31,Liverpool,NY,13090,USA
-75.31505,43.08639,Hobby Lobby,315-736-3817,4605 Commercial Drive,New Hartford,NY,13413,USA
-97.26213,37.72186,Hobby Lobby,316-681-0411,2425 North Greenwich Rd,Wichita,KS,67226,USA
-97.42634,37.69358,Hobby Lobby,316-721-0222,665 N Ridge Rd,Wichita,KS,67212,USA
-97.2444038,37.5640952,Hobby Lobby,316-788-1279,1712 N Rock Rd,Derby,KS,67037,USA
-86.34109,39.7669,Hobby Lobby,317-209-1694,212 Gable Crossing Drive,Avon,IN,46123,USA
-85.996556,40.042449,Hobby Lobby,317-773-7408,545 Noble Creek Drive,Noblesville,IN,46060,USA
-86.12265,40.001695,Hobby Lobby,317-818-9217,2003 E Greyhound Pass,Carmel,IN,46033,USA
-86.14615,39.6627,Hobby Lobby,317-859-7690,8040 S US Highway 31,Indianapolis,IN,46227,USA
-85.95213,39.77672,Hobby Lobby,317-897-1825,10575 E Washington,Indianapolis,IN,46229,USA
-92.16079,32.50888,Hobby Lobby,318-322-3133,200 Blanchard Dr,West Monroe,LA,71291,USA
-92.45719,31.2741,Hobby Lobby,318-443-0606,3703 North Blvd,Alexandria,LA,71301,USA
-93.6896591,32.5790329,Hobby Lobby,318-747-7605,1051 George Dement Blvd,Bossier City,LA,71111,USA
-93.71489,32.44356,Hobby Lobby,318-797-7843,1750 E 70th St,Shreveport,LA,71105,USA
-92.32571,42.46226,Hobby Lobby,319-233-3023,2711 Crossroads Blvd,Waterloo,IA,50702,USA
-92.436783,42.485283,Hobby Lobby,319-266-0024,815 Brandilynn Blvd,Cedar Falls,IA,50613,USA
-91.59325,41.6826,Hobby Lobby,319-358-9262,2050 8th St,Coralville,IA,52241,USA
-91.6284066,42.0282606,Hobby Lobby,319-377-4112,180 Collins Road NE [Ste D],Cedar Rapids,IA,52402,USA
-91.14272,40.81482,Hobby Lobby,319-754-7100,3351 Agency Street,Burlington,IA,52601,USA
-94.2202078,45.5499494,Hobby Lobby,320-202-9720,375 2nd St South,Waite Park,MN,56387,USA
-95.0425926,45.0950518,Hobby Lobby,320-235-3001,3001 1st St S,Willmar,MN,56201,USA
-80.801788,28.585768,Hobby Lobby,321-268-2747,2540 S Washington Ave,Titusville,FL,32780,USA
-80.72258,28.2322,Hobby Lobby,321-632-9349,7201 Shoppes Drive,Viera,FL,32940,USA
-99.78284,32.4303,Hobby Lobby,325-698-1181,4654 S 14th St,Abilene,TX,79605,USA
-100.49434,31.43736,Hobby Lobby,325-949-8885,2701 SW Blvd,San Angelo,TX,76904,USA
-81.51505,41.31308,Hobby Lobby,330-468-0338,8210 Macedonia Commons Blvd,Macedonia,OH,44056,USA
-80.7464,41.21165,Hobby Lobby,330-544-3428,910 Great East Plaza,Niles,OH,44446,USA
-81.63338,41.136,Hobby Lobby,330-668-1012,3737 West Market Street,Fairlawn,OH,44333,USA
-81.40502,41.15628,Hobby Lobby,330-686-1508,4332 Kent Road,Stow,OH,44224,USA
-81.85747,41.16511,Hobby Lobby,330-721-1325,3800 Stonegate Dr,Medina,OH,44256,USA
-80.6328769,41.0242463,Hobby Lobby,330-729-2107,1136 Boardman Poland Rd,Youngstown,OH,44514,USA
-86.40421,32.45691,Hobby Lobby,334-285-2929,1571 Cotton Exchange,Prattville,AL,36066,USA
-85.8384303,31.3322654,Hobby Lobby,334-347-4760,903 E Lee St,Enterprise,AL,36330,USA
-85.430619,31.242029,Hobby Lobby,334-671-0612,3495 Ross Clark Circle,Dothan,AL,36303,USA
-86.1494063,32.3636776,Hobby Lobby,334-676-5444,8345 Eastchase Pkwy,Montgomery,AL,36117,USA
-85.40874,32.6194,Hobby Lobby,334-745-2730,2570 Enterprise Drive,Opelika,AL,36801,USA
-79.90231,36.05445,Hobby Lobby,336-292-0824,1317 Bridford Parkway,Greensboro,NC,27407,USA
-79.50688,36.07108,Hobby Lobby,336-584-4419,3219 Watermill Drive,Burlington,NC,27215,USA
-79.78671,35.69887,Hobby Lobby,336-629-3120,1422 E Dixie Drive,Asheboro,NC,27203,USA
-80.3213348,36.0579453,Hobby Lobby,336-659-1666,3775 Oxford Station Way,Winston Salem,NC,27103,USA
-80.028128,35.990742,Hobby Lobby,336-883-2524,2506 North Main St,High Point,NC,27262,USA
-93.18034,30.19903,Hobby Lobby,337-474-1004,3240 Hwy 14,Lake Charles,LA,70601,USA
-92.07544,30.17752,Hobby Lobby,337-983-0020,5622 Johnston St,Lafayette,LA,70503,USA
-81.730653,28.545456,Hobby Lobby,352-241-2335,1375 Sandy Grove Avenue,Clermont,FL,34711,USA
-82.408348,29.659741,Hobby Lobby,352-333-3990,6111 West Newberry Rd,Gainesville,FL,32605,USA
-82.512749,28.5334649,Hobby Lobby,352-597-8544,12950 Cortez Blvd,Brooksville,FL,34613,USA
-81.677727,28.819942,Hobby Lobby,352-735-1263,16880 US Highway 441,Mount Dora,FL,32757,USA
-82.15363,29.178,Hobby Lobby,352-873-8785,2400 SW College Road #500,Ocala,FL,34471,USA
-122.339575,48.43433,Hobby Lobby,360-336-0130,102 E College Way,Mt Vernon,WA,98273,USA
-122.831809,47.047157,Hobby Lobby,360-456-3664,4141 Martin Way East,Olympia,WA,98516,USA
-122.1985869,48.1520888,Hobby Lobby,360-652-1100,2323 172nd St NE,Marysville,WA,98271,USA
-97.63033,27.85637,Hobby Lobby,361-242-2625,4101-A IH 69 Access Rd,Corpus Christi,TX,78410,USA
-96.99757,28.87181,Hobby Lobby,361-576-1385,8404 N Navarro,Victoria,TX,77904,USA
-97.855919,27.495018,Hobby Lobby,361-592-3818,2329 S Brahma Blvd,Kingsville,TX,78363,USA
-97.3731,27.70874,Hobby Lobby,361-985-2552,5425 S Padre Island Dr,Corpus Christi,TX,78411,USA
-81.29306,28.913534,Hobby Lobby,386-228-0351,2635 Enterprise Road,Orange City,FL,32763,USA
-81.07851,29.1793,Hobby Lobby,386-947-9614,2455 W International Speedway Blvd,Daytona Beach,FL,32114,USA
-81.2095748,29.5574184,Hobby Lobby,386-986-1870,250 Palm Coast Pkwy NE,Palm Coast,FL,32137,USA
-71.489062,41.712794,Hobby Lobby,401-821-5100,945 Bald Hill Road,Warwick,RI,02886,USA
-97.368412,41.437724,Hobby Lobby,402- 562-0403,2172 33rd Ave,Columbus,NE,68601,USA
-96.18512,41.29089,Hobby Lobby,402-289-5058,17303 Evans Street,Omaha,NE,68116,USA
-97.43488,42.02011,Hobby Lobby,402-371-1321,1904 Center Drive,Norfolk,NE,68701,USA
-96.0332056,41.2612576,Hobby Lobby,402-391-1402,7646 Dodge St,Omaha,NE,68114,USA
-96.65359,40.78614,Hobby Lobby,402-486-3119,2600 S 48th St [Ste 19],Lincoln,NE,68506,USA
-96.022384,41.171262,Hobby Lobby,402-592-0376,9515 S 71st Plaza,Papillion,NE,68133,USA
-96.462862,41.4529832,Hobby Lobby,402-727-4149,2660 E 23rd St,Fremont,NE,68025,USA
-96.12851,41.20713,Hobby Lobby,402-895-2590,13780 Millard Ave,Omaha,NE,68137,USA
-96.9038239,35.3965569,Hobby Lobby,405-273-1930,4838 Marketplace Blvd,Shawnee,OK,74804,USA
-97.49456,35.66735,Hobby Lobby,405-340-0349,800 W Danforth Road,Edmond,OK,73003,USA
-97.4856,35.62424,Hobby Lobby,405-348-8260,3160 S Broadway,Edmond,OK,73013,USA
-97.760319,35.492408,Hobby Lobby,405-350-3301,1622 Garth Brooks Blvd,Yukon,OK,73099,USA
-97.47726,35.21866,Hobby Lobby,405-366-7783,2417 W Main St,Norman,OK,73069,USA
-97.62189,35.46405,Hobby Lobby,405-495-3622,6104 W Reno Ave,Oklahoma City,OK,73127,USA
-97.05149,36.12801,Hobby Lobby,405-624-9065,521 N Perkins Rd,Stillwater,OK,74075,USA
-97.552322,35.393234,Hobby Lobby,405-681-7715,2213 W I-240 Service Road,Oklahoma City,OK,73159,USA
-97.63747,35.55736,Hobby Lobby,405-721-9672,7012 NW Expressway,Oklahoma City,OK,73132,USA
-97.42294,35.449695,Hobby Lobby,405-737-2744,5625 SE 15th St,Midwest City,OK,73110,USA
-97.55146,35.6118,Hobby Lobby,405-755-6062,2201 NW 138th Street,Oklahoma City,OK,73134,USA
-97.489008,35.296654,Hobby Lobby,405-912-8100,2650 S Service Road,Moore,OK,73160,USA
-112.0085526,46.6128082,Hobby Lobby,406-442-0227,2013 Cromwell Dixon Lane,Helena,MT,59602,USA
-108.57683,45.76989,Hobby Lobby,406-652-1987,2425 Central Ave,Billings,MT,59102,USA
-114.3002678,48.1772809,Hobby Lobby,406-797-5102,2260 Hwy 93 N,Kalispell,MT,59901,USA
-81.2073541,28.5633246,Hobby Lobby,407-382-8059,1440 N Alafaya Trail,Orlando,FL,32828,USA
-81.262005,28.699614,Hobby Lobby,407-388-2012,1425 Tuskawilla Rd,Winter Springs,FL,32708,USA
-81.4143677,28.33848,Hobby Lobby,407-518-9812,711 Centerview Blvd,Kissimmee,FL,34741,USA
-81.358676,28.75304,Hobby Lobby,407-833-0262,3633 Lake Emma Rd,Lake Mary,FL,32746,USA
-81.407333,28.488293,Hobby Lobby,407-841-5965,3525 Gardens Ridge Way,Orlando,FL,32839,USA
-81.466812,28.671583,Hobby Lobby,407-880-0542,2400 East Semoran Blvd,Apopka,FL,32703,USA
-81.34868,28.55316,Hobby Lobby,407-895-6203,2728 E Colonial Drive,Orlando,FL,32803,USA
-121.6538228,37.1519228,Hobby Lobby,408-776-7608,990 Cochrane Plaza,Morgan Hill,CA,95037,USA
-94.0299661,29.9143036,Hobby Lobby,409-727-3252,2770 Highway 365 [Ste A],Port Arthur,TX,77640,USA
-94.16735,30.11898,Hobby Lobby,409-898-3736,3990 Dowlen Rd,Beaumont,TX,77706,USA
-75.568527,38.416985,Hobby Lobby,410-219-1133,2722 North Salisbury Boulevard,Salisbury,MD,21801,USA
-76.820453,39.18374,Hobby Lobby,410-290-0845,9031 Snowden Square Drive,Columbia,MD,21046,USA
-80.080566,40.440477,Hobby Lobby,412-787-5860,6511 Steubenville Pike,Pittsburgh,PA,15205,USA
-72.640072,42.171465,Hobby Lobby,413-493-1444,50 Holyoke Street,Holyoke,MA,01040,USA
-87.949813,42.92219,Hobby Lobby,414-761-9365,6803 S 27th Street,Franklin,WI,53132,USA
-94.47745,37.07614,Hobby Lobby,417-624-5559,1315 Range Line Rd,Joplin,MO,64801,USA
-93.31259,37.2411,Hobby Lobby,417-862-1414,1717 W Kearney,Springfield,MO,65803,USA
-93.31253,37.16028,Hobby Lobby,417-887-3680,1535 Battlefield Road,Springfield,MO,65804,USA
-84.15489,40.76572,Hobby Lobby,419-222-5128,2700 Elida Road,Lima,OH,45805,USA
-83.65054,41.35723,Hobby Lobby,419-352-8272,1080-D S Main St,Bowling Green,OH,43402,USA
-83.60893,41.05383,Hobby Lobby,419-420-1690,1950 Tiffin Avenue,Findlay,OH,45840,USA
-82.55898,40.75952,Hobby Lobby,419-529-0554,1200 Park Ave West,Mansfield,OH,44906,USA
-83.65643,41.70311,Hobby Lobby,419-843-1702,5329 Monroe St,Toledo,OH,43623,USA
-83.58687,41.54334,Hobby Lobby,419-872-8289,10019 Fremont Pike,Perrysburg,OH,43551,USA
-82.51816,36.54524,Hobby Lobby,423-246-2118,1905 North Eastman Road,Kingsport,TN,37660,USA
-83.26186,36.21106,Hobby Lobby,423-587-5083,507 S Davy Crockett Parkway,Morristown,TN,37813,USA
-84.84404,35.19981,Hobby Lobby,423-614-0002,185 Stuart Rd NE,Cleveland,TN,37312,USA
-84.6258925,35.4529821,Hobby Lobby,423-746-2538,1800 Decatur Pike,Athens,TN,37303,USA
-85.2428,35.12836,Hobby Lobby,423-875-3727,5450 B Highway 153,Hixson,TN,37343,USA
-85.15008,35.03984,Hobby Lobby,423-892-7923,2288 Gunbarrel Road,Chattanooga,TN,37421,USA
-122.241742,47.907111,Hobby Lobby,425-347-3712,10011 Evergreen Way,Everett,WA,98204,USA
-122.31409,47.813885,Hobby Lobby,425-673-6471,19310 60th Avenue West,Lynnwood,WA,98036,USA
-102.32803,31.87973,Hobby Lobby,432-368-1881,4642 E University Blvd,Odessa,TX,79762,USA
-102.1269,32.03609,Hobby Lobby,432-697-0784,4715 Billingsley,Midland,TX,79705,USA
-79.42411,36.59645,Hobby Lobby,434-791-4145,135 Collins Drive,Danville,VA,24540,USA
-111.83448,41.76028,Hobby Lobby,435-755-3119,1575 N Main St,Logan,UT,84341,USA
-96.89052,33.17813,Hobby Lobby,469-362-4812,2700 E Eldorado Pkwy,Little Elm,TX,75068,USA
-96.80529,33.1227,Hobby Lobby,469-362-6817,5288 Preston Road,Frisco,TX,75034,USA
-96.71485,33.01906,Hobby Lobby,469-467-6018,900A W 15th St,Plano,TX,75075,USA
-83.713721,32.929818,Hobby Lobby,478-476-4469,5019 Riverside Drive,Macon,GA,31210,USA
-83.253359,33.1073,Hobby Lobby,478-804-9961,1962 N Columbia Street,Milledgeville,GA,31061,USA
-83.68901,32.6176,Hobby Lobby,478-971-4042,2987 Watson Boulevard,Warner Robins,GA,31093,USA
-94.36841,35.36092,Hobby Lobby,479-484-7071,5900 Rogers Ave,Fort Smith,AR,72903,USA
-93.09419,35.27799,Hobby Lobby,479-498-4501,3093 E Main St,Russellville,AR,72802,USA
-94.14499,36.10935,Hobby Lobby,479-582-1910,3180 N College,Fayetteville,AR,72703,USA
-94.14376,36.33411,Hobby Lobby,479-631-1422,100 N Dixieland Rd,Rogers,AR,72756,USA
-94.19089,36.17568,Hobby Lobby,479-750-4119,5244 W Sunset,Springdale,AR,72762,USA
-111.891314,33.538327,Hobby Lobby,480-270-5432,9109 E Indian Bend Rd,Scottsdale,AZ,85250,USA
-111.60068,33.39348,Hobby Lobby,480-380-1509,10656 E Southern Ave,Mesa,AZ,85209,USA
-111.98343,33.32008,Hobby Lobby,480-705-9003,4710 East Ray Rd,Phoenix,AZ,85044,USA
-111.901525,33.305721,Hobby Lobby,480-722-1371,3456 West Chandler Blvd,Chandler,AZ,85226,USA
-111.73926,33.38133,Hobby Lobby,480-813-2261,1835 S Greenfield Rd,Mesa,AZ,85206,USA
-111.78968,33.34903,Hobby Lobby,480-855-5109,4095 South Gilbert,Gilbert,AZ,85297,USA
-92.27449,34.74865,Hobby Lobby,501-224-3277,12201 W Markham,Little Rock,AR,72211,USA
-92.42729,35.09177,Hobby Lobby,501-336-0060,150 E Oak St,Conway,AR,72032,USA
-93.076,34.45169,Hobby Lobby,501-525-9904,4411 Central Ave,Hot Springs,AR,71913,USA
-92.25598,34.7973,Hobby Lobby,501-758-1447,4701 JFK Blvd,North Little Rock,AR,72116,USA
-85.5075098,38.242397,Hobby Lobby,502-244-7129,13401 Shelbyville Rd,Louisville,KY,40223,USA
-85.63986,38.23356,Hobby Lobby,502-895-1031,968 Breckenridge Lane,Louisville,KY,40207,USA
-85.67493,38.14271,Hobby Lobby,502-968-3154,7500 Jefferson Blvd,Louisville,KY,40219,USA
-85.8344803,38.1510391,Hobby Lobby,502-995-8411,6801 Dixie Hwy,Louisville,KY,40258,USA
-90.0495344,29.8770525,Hobby Lobby,504-362-2233,2424 Manhattan Blvd,Harvey,LA,70058,USA
-90.186553,29.965494,Hobby Lobby,504-731-6199,5151 Citrus Boulevard,Harahan,LA,70123,USA
-106.51492,35.07958,Hobby Lobby,505-271-8545,700A Juan Tabo Blvd,Albuquerque,NM,87123,USA
-106.535679,35.130571,Hobby Lobby,505-292-9665,9500 Montgomery Blvd NE,Albuquerque,NM,87111,USA
-108.16609,36.74828,Hobby Lobby,505-325-4464,3040 E 20th St,Farmington,NM,87402,USA
-105.97811,35.66194,Hobby Lobby,505-471-1199,2020 Cerrillos Road,Santa Fe,NM,87505,USA
-106.66822,35.18608,Hobby Lobby,505-897-3537,9350 Eagle Ranch NW,Albuquerque,NM,87114,USA
-93.95844,44.16702,Hobby Lobby,507-385-0375,1750 E Madison Ave,Mankato,MN,56001,USA
-92.49756,44.06345,Hobby Lobby,507-536-0872,3900 Highway 52 North,Rochester,MN,55901,USA
-71.339567,41.804492,Hobby Lobby,508-336-4503,165 Highland Ave,Seekonk,MA,02771,USA
-120.4844131,46.569767,Hobby Lobby,509-452-0444,2203 South 1st St,Yakima,WA,98903,USA
-117.411213,47.727633,Hobby Lobby,509-482-7929,7706 N Division Street,Spokane,WA,99208,USA
-119.2155914,46.2248268,Hobby Lobby,509-737-1144,7011 W Canal Dr,Kennewick,WA,99336,USA
-120.288709,47.405944,Hobby Lobby,509-886-5382,10 Grant Road,East Wenatchee,WA,98802,USA
-117.21667,47.67578,Hobby Lobby,509-926-5840,13902 E Indiana,Spokane Valley,WA,99216,USA
-117.2158307,47.6746875,Hobby Lobby,509-926-5840,13902 E Indiana,Spokane Valley,WA,99216,USA
-97.68916,30.48125,Hobby Lobby,512-244-3653,130 Sundance Parkway,Round Rock,TX,78681,USA
-97.78964,30.16115,Hobby Lobby,512-292-8321,9600 S IH-35,Austin,TX,78748,USA
-97.355002,30.1114728,Hobby Lobby,512-332-0339,779 Hwy 71 West,Bastrop,TX,78602,USA
-97.79237,30.45887,Hobby Lobby,512-335-2283,13729 Research Blvd,Austin,TX,78750,USA
-97.91825,29.88208,Hobby Lobby,512-392-5525,933 Highway 80 East,San Marcos,TX,78666,USA
-97.79124,30.23748,Hobby Lobby,512-445-4609,4040 S Lamar Blvd,Austin,TX,78704,USA
-97.71395,30.34926,Hobby Lobby,512-454-8701,8000 Research Blvd,Austin,TX,78758,USA
-97.80859,30.52761,Hobby Lobby,512-528-0144,1501 E Whitestone Bldg D,Cedar Park,TX,78613,USA
-97.67297,30.66117,Hobby Lobby,512-864-2720,901 S IH-35,Georgetown,TX,78626,USA
-97.67306,30.41396,Hobby Lobby,512-990-7123,12901 N I-35 Serv Rd,Austin,TX,78753,USA
-84.5972519,39.2530823,Hobby Lobby,513-245-0920,9930 Colerain Ave,Cincinnati,OH,45251,USA
-84.61645,39.131224,Hobby Lobby,513-347-6900,5045 Glencrossing Way,Cincinnati,OH,45238,USA
-84.4667,39.291211,Hobby Lobby,513-671-4310,11711 Princeton Pike,Springdale,OH,45246,USA
-84.5127566,39.3887015,Hobby Lobby,513-737-2888,6718 Gilmore Rd,Hamilton,OH,45011,USA
-84.2698002,39.0988177,Hobby Lobby,513-752-6200,822 Eastgate N Dr,Cincinnati,OH,45245,USA
-84.310743,39.341026,Hobby Lobby,513-754-0032,9560 South Mason-Montgomery Rd,Mason,OH,45040,USA
-93.61888,42.02278,Hobby Lobby,515-232-3500,620 Lincoln Way [Suite A],Ames,IA,50010,USA
-93.69787,41.63453,Hobby Lobby,515-251-4700,4080 Merle Hay Road,Des Moines,IA,50310,USA
-94.15801,42.50334,Hobby Lobby,515-576-4406,301 S 29th Street,Ft Dodge,IA,50501,USA
-93.6007,41.5265,Hobby Lobby,515-953-1023,1160 E Army Post Rd,Des Moines,IA,50315,USA
-84.043131,41.880307,Hobby Lobby,517-263-6963,1357 South Main Street,Adrian,MI,49221,USA
-84.45383,42.72706,Hobby Lobby,517-337-9253,2775 E Grand River Ave,East Lansing,MI,48823,USA
-84.63246,42.74097,Hobby Lobby,517-703-0027,5801 W Saginaw Highway,Lansing,MI,48917,USA
-73.7570343,42.7542725,Hobby Lobby,518-783-0653,873 New Loudon Rd,Latham,NY,12110,USA
-73.6753998,43.3324509,Hobby Lobby,518-798-2814,820 SR 9,Queensbury,NY,12804,USA
-110.2572632,31.5553093,Hobby Lobby,520-417-2424,657 North Hwy 90,Sierra Vista,AZ,85635,USA
-110.874069,32.222595,Hobby Lobby,520-512-0242,5555 E Broadway Blvd,Tucson,AZ,85711,USA
-77.5087,38.30105,Hobby Lobby,540-548-0546,1360 Carl D Silver Parkway,Fredericksburg,VA,22401,USA
-78.8454298,38.4310934,Hobby Lobby,540-564-6725,1835 E Market St,Harrisonburg,VA,22801,USA
-78.168381,39.162205,Hobby Lobby,540-665-2390,2047 South Pleasant Valley Road,Winchester,VA,22601,USA
-121.3036346,44.0819588,Hobby Lobby,541-382-7559,3188 North Hwy 97,Bend,OR,97701,USA
-123.0426324,44.0728254,Hobby Lobby,541-726-9771,2760 Gateway St,Springfield,OR,97477,USA
-123.082376,44.628818,Hobby Lobby,541-791-8889,1871 14th Avenue SE,Albany,OR,97322,USA
-119.791023,36.833393,Hobby Lobby,559-435-0121,6565 N Blackstone Ave,Fresno,CA,93710,USA
-119.6741791,36.3299026,Hobby Lobby,559-589-9731,1750 West Lacey Blvd,Hanford,CA,93230,USA
-119.313964,36.326758,Hobby Lobby,559-733-4921,3231 S Mooney Blvd,Visalia,CA,93277,USA
-80.0725098,26.4144802,Hobby Lobby,561-558-9353,21759 State Road 73,Boca Raton,FL,33428,USA
-80.2040324,26.6854342,Hobby Lobby,561-784-1406,501 N SR 7,Royal Palm Beach,FL,33411,USA
-90.2460382,41.8164436,Hobby Lobby,563-242-2119,2900 S 25th St,Clinton,IA,52732,USA
-90.52267,41.54428,Hobby Lobby,563-441-9407,2121 Kimberly Rd,Bettendorf,IA,52722,USA
-90.73394,42.4901,Hobby Lobby,563-557-0680,3925 Dodge St,Dubuque,IA,52003,USA
-75.642021,41.463536,Hobby Lobby,570-383-0294,3908 Commerce Blvd,Dickson City,PA,18519,USA
-89.55265,37.30313,Hobby Lobby,573-339-9305,207-A Kingshighway,Cape Girardeau,MO,63703,USA
-92.36912,38.96108,Hobby Lobby,573-445-4443,2001 W Worley 150,Columbia,MO,65203,USA
-92.20868,38.58131,Hobby Lobby,573-634-4243,2235 Missouri Blvd,Jefferson City,MO,65109,USA
-90.4476486,37.7862149,Hobby Lobby,573-756-7703,3868 Bray Rd,Farmington,MO,63640,USA
-90.4130959,36.7628161,Hobby Lobby,573-778-9279,715 N Westwood Blvd,Poplar Bluff,MO,63901,USA
-86.18752,41.70705,Hobby Lobby,574-247-0302,5514 N Grape Rd,Mishawaka,IN,46545,USA
-85.92942,41.64304,Hobby Lobby,574-875-4747,3701 S Main St,Elkhart,IN,46517,USA
-103.14145,32.71958,Hobby Lobby,575-391-8065,1810 N Turner St,Hobbs,NM,88240,USA
-104.52304,33.45064,Hobby Lobby,575-627-1160,4501 N Main St,Roswell,NM,88201,USA
-106.74988,32.3132,Hobby Lobby,575-647-8711,2350-A E Lohman,Las Cruces,NM,88001,USA
-103.19634,34.41752,Hobby Lobby,575-763-4055,2001 Prince St,Clovis,NM,88101,USA
-97.14326,34.18767,Hobby Lobby,580-226-1736,1211 North Commerce,Ardmore,OK,73401,USA
-97.90921,36.39055,Hobby Lobby,580-242-7754,610 S Cleveland,Enid,OK,73703,USA
-98.42256,34.60921,Hobby Lobby,580-357-8832,36 N Sheridan Rd,Lawton,OK,73505,USA
-97.06766,36.73443,Hobby Lobby,580-765-1994,2904 North 14th St,Ponca City,OK,74601,USA
-77.44643,43.21397,Hobby Lobby,585-872-7570,900 Holt Road,Webster,NY,14580,USA
-82.99322,42.62381,Hobby Lobby,586-739-8923,44725 Schoenherr Road,Sterling Heights,MI,48313,USA
-82.8328018,42.6724777,Hobby Lobby,586-949-2892,50700 Gratiot Ave,Chesterfield,MI,48051,USA
-90.4743547,31.2606646,Hobby Lobby,601-249-0781,1720 Veterans Blvd,McComb,MS,39648,USA
-89.37121,31.32224,Hobby Lobby,601-261-5204,5058 Hardy Street,Hattiesburg,MS,39402,USA
-90.884951,32.310426,Hobby Lobby,601-661-7195,3505 Pemberton Square Blvd,Vicksburg,MS,39180,USA
-90.06963,32.33998,Hobby Lobby,601-992-0233,200 Ridge Way,Flowood,MS,39232,USA
-112.063362,33.640219,Hobby Lobby,602-993-1275,801 E Bell Rd,Phoenix,AZ,85022,USA
-111.98229,33.59844,Hobby Lobby,602-996-4216,4643 East Cactus Rd,Phoenix,AZ,85032,USA
-70.9875031,43.3019714,Hobby Lobby,603-332-5116,120 Marketplace Blvd [Unit 3],Rochester,NH,03867,USA
-70.8722354,42.8914719,Hobby Lobby,603-474-8350,570 Lafayette Rd,Seabrook,NH,03874,USA
-71.438095,42.953907,Hobby Lobby,603-624-5801,1525 S Willow Street,Manchester,NH,03103,USA
-71.5061464,42.785455,Hobby Lobby,603-889-9600,375 Amherst St,Nashua,NH,03063,USA
-100.318319,44.37933,Hobby Lobby,605-224-0203,1615 N Harrison Ave,Pierre,SD,57501,USA
-98.4534692,45.4591694,Hobby Lobby,605-225-1061,2424 6th Avenue SE,Aberdeen,SD,57401,USA
-96.7425,43.51475,Hobby Lobby,605-336-0750,1401 W 41St Street,Sioux Falls,SD,57105,USA
-103.20595,44.10709,Hobby Lobby,605-388-0120,490 East Disk Drive,Rapid City,SD,57701,USA
-97.0679219,44.8901758,Hobby Lobby,605-882-9902,2921 9th Ave SE,Watertown,SD,57201,USA
-82.67903,38.50251,Hobby Lobby,606-326-0030,433 Diederich Blvd,Ashland,KY,41101,USA
-82.54295,37.5080625,Hobby Lobby,606-432-7405,120 Justice Way,Pikeville,KY,41501,USA
-84.6249832,37.05468,Hobby Lobby,606-679-1911,2835 South Hwy 27,Somerset,KY,42501,USA
-76.508282,42.435329,Hobby Lobby,607-272-1823,744 S Meadow Street,Ithaca,NY,14850,USA
-76.87709,42.15423,Hobby Lobby,607-739-3848,830 County Route 64,Elmira,NY,14903,USA
-89.35055,43.04655,Hobby Lobby,608-222-7466,2351 W Broadway,Monona,WI,53713,USA
-89.310026,43.120958,Hobby Lobby,608-240-9207,4279 Lien Rd,Madison,WI,53704,USA
-88.99801,42.71911,Hobby Lobby,608-754-2697,3023 Milton Ave,Janesville,WI,53545,USA
-91.19437,43.87188,Hobby Lobby,608-779-5087,9408 SR 16,Onalaska,WI,54650,USA
-74.698511,40.281348,Hobby Lobby,609-936-3792,3360 Brunswick Pike,Lawrenceville,NJ,08648,USA
-75.28528,40.71473,Hobby Lobby,610-258-8678,3750 Easton Nazareth Highway,Easton,PA,18045,USA
-75.597176,40.550165,Hobby Lobby,610-366-8603,7150 Hamilton Blvd,Trexlertown,PA,18087,USA
-75.6287905,40.028138,Hobby Lobby,610-594-2050,111 W Lincoln Hwy,Exton,PA,19341,USA
-82.788391,39.9855508,Hobby Lobby,614-751-9245,8035 E Broad St,Reynoldsburg,OH,43068,USA
-83.08628,40.09957,Hobby Lobby,614-766-6410,2680 Sawmill Pl Blvd,Columbus,OH,43235,USA
-82.968616,40.148006,Hobby Lobby,614-781-8889,1420 Gemini Place,Columbus,OH,43240,USA
-83.046651,39.831953,Hobby Lobby,614-871-1429,4192 Buckeye Parkway,Grove City,OH,43123,USA
-86.41684,35.84559,Hobby Lobby,615-217-4578,1717 Old Fort Parkway,Murfreesboro,TN,37129,USA
-86.62927,36.18823,Hobby Lobby,615-232-8365,4105 Lebanon Parkway,Hermitage,TN,37076,USA
-86.553848,35.984928,Hobby Lobby,615-355-9960,900 Genie Ln,Smyrna,TN,37167,USA
-87.4417267,36.0772781,Hobby Lobby,615-441-1849,344 Thornton Dr,Dickson,TN,37055,USA
-86.83652,35.91653,Hobby Lobby,615-599-3284,1113 Murfreesboro Rd,Franklin,TN,37064,USA
-86.70025,36.29568,Hobby Lobby,615-612-3509,1789B Gallatin Pike N,Madison,TN,37115,USA
-86.598244,36.320685,Hobby Lobby,615-826-1564,261 Indian Lake Blvd,Hendersonville,TN,37075,USA
-86.08871,42.81916,Hobby Lobby,616-396-1320,12386 Felch St,Holland,MI,49424,USA
-85.772228,42.903924,Hobby Lobby,616-530-7455,4525 Canal Avenue SW,Grandville,MI,49418,USA
-85.68739,43.02581,Hobby Lobby,616-784-7590,555 Center Drive NW,Walker,MI,49544,USA
-85.56068,42.9124,Hobby Lobby,616-949-8011,4250 28th St SE,Kentwood,MI,49512,USA
-88.941483,38.314364,Hobby Lobby,618-242-2259,4107 Broadway St,Mount Vernon,IL,62864,USA
-89.9850353,38.594152,Hobby Lobby,618-394-8760,6549 N Illinois St,Fairview Heights,IL,62208,USA
-89.19612,37.72958,Hobby Lobby,618-457-6479,1150 E Mian,Carbondale,IL,62901,USA
-90.3389903,38.5116955,Hobby Lobby,618-487-0600,4162 Elm Park Dr,St Louis,MO,63128,USA
-117.0076266,32.7739073,Hobby Lobby,619-464-1795,8810 Grossmont Blvd,La Mesa,CA,91942,USA
-117.0899404,32.6514452,Hobby Lobby,619-476-1124,40 N 4th Ave,Chula Vista,CA,91910,USA
-100.03303,37.77098,Hobby Lobby,620-225-2660,2101 N 14th St,Dodge City,KS,67801,USA
-100.8345032,37.9841995,Hobby Lobby,620-276-3148,1450 Lareau Rd,Garden City,KS,67846,USA
-97.9013,38.06504,Hobby Lobby,620-663-7474,1500 E 11th St,Hutchinson,KS,67501,USA
-112.22326,33.63808,Hobby Lobby,623-412-4291,7645 West Bell Rd,Peoria,AZ,85382,USA
-112.80485,33.46468,Hobby Lobby,623-643-9226,10045 West McDowell Rd,Avondale,AZ,85392,USA
-117.888211,34.073436,Hobby Lobby,626-332-7092,2753 E Eastland Ctr Dr,West Covina,CA,91791,USA
-88.12672,41.70601,Hobby Lobby,630-378-9432,363-A N Weber Road,Bolingbrook,IL,60490,USA
-88.0216911,41.8599252,Hobby Lobby,630-495-4483,255 W Roosevelt Rd,Lombard,IL,60148,USA
-88.120619,41.952287,Hobby Lobby,630-529-3169,160 S Gary Avenue,Bloomingdale,IL,60108,USA
-88.3059758,41.7050967,Hobby Lobby,630-554-4924,2402 US Rte 34,Oswego,IL,60543,USA
-87.97334,41.81027,Hobby Lobby,630-654-3260,52 E Ogden,Westmont,IL,60559,USA
-88.20628,41.74863,Hobby Lobby,630-692-6761,539 Route 59,Aurora,IL,60504,USA
-88.34062,41.85766,Hobby Lobby,630-761-0244,421 N Randall Rd,Batavia,IL,60510,USA
-88.031211,41.753313,Hobby Lobby,630-968-0806,7370 Woodward Ave,Woodridge,IL,60517,USA
-90.37324,38.44384,Hobby Lobby,636-296-3901,30 Arnold Park Mall,Arnold,MO,63010,USA
-90.6997387,38.7867889,Hobby Lobby,636-474-1540,1640 Hwy K,O'Fallon,MO,63366,USA
-90.53009,38.59284,Hobby Lobby,636-527-5034,14650 Manchester Road,Ballwin,MO,63011,USA
-90.56902,38.79466,Hobby Lobby,636-922-1385,4033 Veterans Memorial Parkway,St Peters,MO,63376,USA
-93.23897,43.14851,Hobby Lobby,641-423-5100,2566 4th St SW,Mason City,IA,50401,USA
-92.9123392,42.0167895,Hobby Lobby,641-752-8169,2500 S Center St,Marshalltown,IA,50158,USA
-92.906447,44.946282,Hobby Lobby,651-264-9650,9895 Hudson Road,Woodbury,MN,55125,USA
-93.078598,44.895702,Hobby Lobby,651-450-0885,1660 S Robert St,West St Paul,MN,55118,USA
-93.1701519,44.8359329,Hobby Lobby,651-452-3666,1505 Central Park Commons,Eagan,MN,55121,USA
-93.1784821,45.0134239,Hobby Lobby,651-582-0512,2401 Fairview Ave,Roseville,MN,55113,USA
-93.019787,45.017181,Hobby Lobby,651-770-6488,3000 White Bear Ave,Maplewood,MN,55109,USA
-93.2817087,38.7143739,Hobby Lobby,660-826-5303,4125 W Broadway Blvd,Sedalia,MO,65301,USA
-118.536971,34.429281,Hobby Lobby,661-513-0005,26565 Bouquet Canyon Rd,Santa Clarita,CA,91350,USA
-119.052028,35.366646,Hobby Lobby,661-638-0432,4450 California Avenue,Bakersfield,CA,93309,USA
-88.431549,33.511646,Hobby Lobby,662-327-2032,1404 Old Aberdeen Rd,Columbus,MS,39705,USA
-88.70282,34.3147,Hobby Lobby,662-840-3009,4262 Mall Dr,Tupelo,MS,38804,USA
-89.8990517,34.9624524,Hobby Lobby,662-895-1373,5115 Goodman Rd,Olive Branch,MS,38654,USA
-84.34214,34.035348,Hobby Lobby,678-352-1614,606 Holcomb Bridge Road,Roswell,GA,30076,USA
-84.16296,33.78678,Hobby Lobby,678-476-3967,1825 Rockbridge Rd,Stone Mountain,GA,30087,USA
-84.14295,34.18746,Hobby Lobby,678-513-2445,655 S Atlanta Rd,Cumming,GA,30040,USA
-84.75785,33.892655,Hobby Lobby,678-567-0907,4215 Jimmy Lee Smith Pkwy,Hiram,GA,30141,USA
-84.287846,33.255169,Hobby Lobby,678-688-5529,1424 N Expressway,Griffin,GA,30223,USA
-100.77325,46.8373,Hobby Lobby,701-255-6800,2740 State St,Bismarck,ND,58503,USA
-96.86,46.86204,Hobby Lobby,701-277-9090,4427 13th Ave SW,Fargo,ND,58103,USA
-97.0744718,47.8894177,Hobby Lobby,701-772-1499,3181 32nd Ave S,Grand Forks,ND,58201,USA
-101.32271,48.21046,Hobby Lobby,701-839-7550,1901 22nd Ave SW,Minot,ND,58701,USA
-115.299263,36.098999,Hobby Lobby,702-369-0064,4955 S Fort Apache Road,Las Vegas,NV,89148,USA
-115.2068243,36.270736,Hobby Lobby,702-395-0229,6361 North Decatur Blvd,Las Vegas,NV,89130,USA
-115.2423455,36.2011085,Hobby Lobby,702-648-0728,2251 N Rainbow Blvd,Las Vegas,NV,89108,USA
-115.04641,36.06498,Hobby Lobby,702-735-9903,625 N Stephanie Street,Henderson,NV,89014,USA
-77.3000631,38.6500703,Hobby Lobby,703-580-7136,14000 Shoppers Best Way,Woodbridge,VA,22192,USA
-77.538212,39.110359,Hobby Lobby,703-669-8672,240 Fort Evans Road NE,Leesburg,VA,20176,USA
-80.3940353,35.6199989,Hobby Lobby,704- 638-4112,125 Tingle Dr,Salisbury,NC,28146,USA
-80.59265,35.46464,Hobby Lobby,704-262-7964,2480 Supercenter Dr NE,Kannapolis,NC,28083,USA
-81.499475,35.270876,Hobby Lobby,704-487-8254,1730 E Dixon Blvd,Shelby,NC,28152,USA
-80.761904,35.293437,Hobby Lobby,704-509-6182,8150 Ikea Blvd,Charlotte,NC,28262,USA
-80.864194,35.5945,Hobby Lobby,704-663-1323,485 River Highway,Mooresville,NC,28117,USA
-80.69902,35.12756,Hobby Lobby,704-844-6609,2310 Matthews Township Pkwy,Matthews,NC,28105,USA
-81.143822,35.261268,Hobby Lobby,704-853-0938,2135 East Franklin Blvd,Gastonia,NC,28054,USA
-80.880134,35.8162967,Hobby Lobby,704-873-0430,141 North Pointe Blvd,Statesville,NC,28625,USA
-80.1769727,35.3396762,Hobby Lobby,704-982-0369,780 Leonard Ave,Albemarle,NC,28001,USA
-83.42776,33.94659,Hobby Lobby,706-208-1825,2656 Atlanta Highway,Athens,GA,30606,USA
-85.1872453,34.2626996,Hobby Lobby,706-238-9106,192 Shorter Ave NW,Rome,GA,30165,USA
-84.93446,34.76163,Hobby Lobby,706-278-4030,2103 E Walnut Ave,Dalton,GA,30721,USA
-84.0512788,34.3500127,Hobby Lobby,706-344-1393,136 Marketplace Pkwy,Dawsonville,GA,30534,USA
-84.949767,32.541349,Hobby Lobby,706-576-5353,6499 Whittlesey Blvd,Columbus,GA,31909,USA
-82.07967,33.48997,Hobby Lobby,706-729-6776,230 Robert C Daniel Pkwy,Augusta,GA,30909,USA
-84.9547195,34.7807083,Hobby Lobby,706-858-8061,125 Parkway Dr,Fort Oglethorpe,GA,30742,USA
-87.79881,41.73065,Hobby Lobby,708-237-1280,8825 S Harlem Ave,Bridgeview,IL,60455,USA
-87.79066,41.60219,Hobby Lobby,708-532-1048,7061 W 159th St,Tinley Park,IL,60477,USA
-95.157325,43.126972,Hobby Lobby,712-262-1282,901 11th Street SW,Spencer,IA,51301,USA
-96.35547,42.44965,Hobby Lobby,712-266-1100,4501 Southern Hills Dr,Sioux City,IA,51106,USA
-95.839,41.2245,Hobby Lobby,712-366-0635,3512 Metro Drive,Council Bluffs,IA,51501,USA
-95.39076,29.56657,Hobby Lobby,713-436-8379,2808 Business Center Drive,Pearland,TX,77584,USA
-95.55626,29.78474,Hobby Lobby,713-467-6503,10516 Katy Freeway [Suite F],Houston,TX,77043,USA
-95.45838,29.68692,Hobby Lobby,713-665-2666,8715 W Loop South,Houston,TX,77096,USA
-117.769004,33.858962,Hobby Lobby,714-685-0540,8100 Santa Ana Canyon Road,Anaheim Hills,CA,92808,USA
-117.837616,33.7607841,Hobby Lobby,714-836-5032,1975 E 17th St,Santa Ana,CA,92705,USA
-118.001545,33.730034,Hobby Lobby,714-842-9080,7202 Edinger Avenue,Huntington Beach,CA,92647,USA
-91.7403366,45.4752432,Hobby Lobby,715-234-1354,2800 Pioneer Ave,Rice Lake,WI,54868,USA
-89.3871339,45.633074,Hobby Lobby,715-369-4913,2166 Lincoln St,Rhinelander,WI,54501,USA
-89.6531776,44.9253964,Hobby Lobby,715-842-2110,3525 Rib Mountain Drive,Wausau,WI,54401,USA
-78.9731846,43.0953339,Hobby Lobby,716-297-2093,1560 Military Road,Niagara Falls,NY,14304,USA
-78.6968748,42.9544743,Hobby Lobby,716-630-5081,6743 Transit Rd,Buffalo,NY,14221,USA
-78.73437,42.91887,Hobby Lobby,716-686-0114,2090 George Urban Blvd,Depew,NY,14043,USA
-78.8111443,42.7840327,Hobby Lobby,716-823-3592,3701 McKinley Parkway,Blasdell,NY,14219,USA
-76.45338,40.33967,Hobby Lobby,717-274-2806,2215 Lebanon Valley Mall,Lebanon,PA,17042,USA
-76.990101,39.828915,Hobby Lobby,717-630-8297,111 Wilson Avenue,Hanover,PA,17331,USA
-77.61094,39.92419,Hobby Lobby,717-709-9034,1695 Lincoln Way East,Chambersburg,PA,17202,USA
-104.79581,38.93179,Hobby Lobby,719-260-6920,6950 N Academy Blvd,Colorado Springs,CO,80918,USA
-104.60826,38.30004,Hobby Lobby,719-295-1154,3001 Hart Rd,Pueblo,CO,81008,USA
-104.71649,38.89393,Hobby Lobby,719-550-3799,5994 Barnes Road,Colorado Springs,CO,80922,USA
-104.84043,38.82695,Hobby Lobby,719-630-1977,525 S 8th St,Colorado Springs,CO,80905,USA
-104.9848785,39.9557686,Hobby Lobby,720-872-3038,14130 Lincoln St,Thornton,CO,80023,USA
-80.1728421,40.0756554,Hobby Lobby,724-250-7110,80 Old Mill Blvd,Washington,PA,15301,USA
-79.756228,39.9153712,Hobby Lobby,724-430-6290,310 Walmart Dr,Uniontown,PA,15401,USA
-82.676,28.28067,Hobby Lobby,727-848-7049,8615 Little Road,New Port Richey,FL,34654,USA
-88.85861,35.66666,Hobby Lobby,731-661-0998,1160 Vann Drive,Jackson,TN,38305,USA
-74.1986618,40.1490593,Hobby Lobby,732-370-6590,4578 US Highway 92,Howell,NJ,07731,USA
-74.3428497,40.2825966,Hobby Lobby,732-591-8290,120 US Hwy 91,Englishtown,NJ,07726,USA
-74.313087,40.556156,Hobby Lobby,732-634-1481,429 Hwy 1 S,Iselin,NJ,08830,USA
-83.409628,41.932852,Hobby Lobby,734-241-3670,2153 N Telegraph Road,Monroe,MI,48162,USA
-83.26598,42.19759,Hobby Lobby,734-287-8523,23865 Eureka Road,Taylor,MI,48180,USA
-83.46158,42.32253,Hobby Lobby,734-983-9142,42643 Ford Road,Canton,MI,48187,USA
-83.08331,40.58323,Hobby Lobby,740-389-5082,280 McMahan Blvd,Marion,OH,43302,USA
-82.03484,39.994,Hobby Lobby,740-452-5845,3925 Gorsky Drive,Zanesville,OH,43701,USA
-82.62349,39.73177,Hobby Lobby,740-654-3461,1428 River Valley Blvd,Lancaster,OH,43130,USA
-82.97626,39.35522,Hobby Lobby,740-779-1021,995 North Bridge St,Chillicothe,OH,45601,USA
-82.427176,40.041164,Hobby Lobby,740-788-8228,675 Hebron Road,Heath,OH,43056,USA
-76.0703029,36.8442252,Hobby Lobby,757-340-1123,2858 Virginia Beach Blvd,Virgina Beach,VA,23452,USA
-116.4071446,33.7386608,Hobby Lobby,760-3401610,42370 Bob Hope Dr,Rancho Mirage,CA,92270,USA
-116.2913589,33.7118912,Hobby Lobby,760-564-4532,78-850 Hwy 111,La Quinta,CA,92253,USA
-117.340899,34.477939,Hobby Lobby,760-843-7555,12550 Amargosa Road,Victorville,CA,92392,USA
-117.1782593,33.1353001,Hobby Lobby,760-891-0411,553 Grand Ave,San Marcos,CA,92078,USA
-93.4898168,45.1259478,Hobby Lobby,763-416-1685,16401 CR 30,Maple Grove,MN,55311,USA
-93.3602044,45.2084846,Hobby Lobby,763-421-6050,13050 Riverdale Dr NW,Coon Rapids,MN,55448,USA
-93.2614649,45.1292771,Hobby Lobby,763-780-0315,111 Northtown Dr NE,Blaine,MN,55434,USA
-85.40714,40.2188,Hobby Lobby,765-288-8121,1801 W McGalliard Road,Muncie,IN,47304,USA
-86.83901,40.41352,Hobby Lobby,765-448-6559,200 S Creasy Lane,Lafayette,IN,47905,USA
-86.10747,40.47655,Hobby Lobby,765-457-5012,1805 E Markland,Kokomo,IN,46901,USA
-85.652681,40.0711821,Hobby Lobby,765-642-6360,4350 S Scatterfield Road,Anderson,IN,46013,USA
-85.67351,40.520609,Hobby Lobby,765-674-3318,4018 S Western Avenue,Marion,IN,46953,USA
-84.84177,39.83098,Hobby Lobby,765-965-2580,4401 National Road E,Richmond,IN,47374,USA
-84.74291,33.39583,Hobby Lobby,770-253-3995,997 Bullsboro Drive,Newnan,GA,30265,USA
-84.02299,34.10303,Hobby Lobby,770-271-1436,4125 Highway 20,Buford,GA,30518,USA
-84.789,34.17584,Hobby Lobby,770-386-8777,180 Market Square,Cartersville,GA,30120,USA
-84.441685,33.479786,Hobby Lobby,770-461-5178,114 Pavilion Parkway,Fayetteville,GA,30214,USA
-84.17949,34.0081,Hobby Lobby,770-476-2553,5805 State Bridge Rd,Duluth,GA,30097,USA
-83.8589631,34.3028093,Hobby Lobby,770-503-9395,1146 Dawsonville Hwy NW,Gainesville,GA,30501,USA
-84.73467,33.72405,Hobby Lobby,770-577-9119,3001 Chapel Hill Rd,Douglasville,GA,30135,USA
-84.33617,33.93177,Hobby Lobby,770-677-1860,4715-A Ashford Dunwoody Rd,Dunwoody,GA,30338,USA
-84.58531,33.85548,Hobby Lobby,770-745-1126,1355 East/West Connector,Austell,GA,30106,USA
-84.0093,33.65057,Hobby Lobby,770-761-5779,1513 Highway 138 SE,Conyers,GA,30013,USA
-85.07351,33.55641,Hobby Lobby,770-838-4671,1301B South Park Street,Carrollton,GA,30117,USA
-84.18571,33.42324,Hobby Lobby,770-914-1804,205 South Point Boulevard,McDonough,GA,30253,USA
-84.02247,33.963176,Hobby Lobby,770-963-5241,875 Lawrenceville-Suwanee Rd,Lawrenceville,GA,30043,USA
-83.981943,33.95124,Hobby Lobby,770-985-5040,1200 Scenic Hwy,Lawrenceville,GA,30045,USA
-80.2711357,27.242806,Hobby Lobby,772-232-4002,3255 NW Federal Highway,Jensen Beach,FL,34957,USA
-119.789429,39.473408,Hobby Lobby,775-826-4580,5685 S Virginia St,Reno,NV,89502,USA
-95.76192,39.03238,Hobby Lobby,785-271-8887,1900 SW Wanamaker Rd,Topeka,KS,66604,USA
-96.55842,39.18368,Hobby Lobby,785-537-1201,628 Tuttle Creek Blvd,Manhattan,KS,66502,USA
-99.3176521,38.8928776,Hobby Lobby,785-628-8276,3300 Vine St [Ste 30],Hays,KS,67601,USA
-97.61308,38.79699,Hobby Lobby,785-825-0900,2450 S 9th St,Salina,KS,67401,USA
-95.25779,38.94261,Hobby Lobby,785-832-2323,1801 W 23rd St,Lawrence,KS,66046,USA
-118.144821,33.851196,Hobby Lobby,800-888-0321,4001 Hardwick St,Lakewood,CA,90712,USA
-111.70349,40.27374,Hobby Lobby,801-221-3702,360 West University Parkway,Orem,UT,84058,USA
-111.97797,40.53909,Hobby Lobby,801-352-4295,11681 S Parkway Plaza Dr,South Jordan,UT,84095,USA
-111.98205,41.07588,Hobby Lobby,801-444-0210,1080 N Main St,Layton,UT,84041,USA
-111.86234,40.58576,Hobby Lobby,801-727-0826,9347 South Quarry Bend Drive,Sandy,UT,84094,USA
-111.812737,40.382286,Hobby Lobby,801-756-5641,240 Northwest State Street,American Fork,UT,84003,USA
-72.9691952,43.5916176,Hobby Lobby,802-747-6165,241 S Main St,Rutland,VT,05701,USA
-80.96111,34.94175,Hobby Lobby,803-327-5066,1526 Meeting Blvd,Rock Hill,SC,29730,USA
-80.8749506,34.1225575,Hobby Lobby,803-419-7765,10258 Two Notch Road,Columbia,SC,29229,USA
-81.71008,33.5068,Hobby Lobby,803-648-1098,2530 Whiskey Rd,Aiken,SC,29803,USA
-80.95305,34.02337,Hobby Lobby,803-787-2509,5422 Forest Dr [Suite 110],Columbia,SC,29206,USA
-81.09658,33.98323,Hobby Lobby,803-926-1545,2305 Augusta Road,West Columbia,SC,29169,USA
-77.603157,37.6528625,Hobby Lobby,804-364-2190,11280 West Broad Street,Glen Allen,VA,23060,USA
-77.6788867,37.4018195,Hobby Lobby,804-639-4080,14645 Hancock Village Street,Chesterfield,VA,23832,USA
-119.158564,34.223054,Hobby Lobby,805-981-9161,2301 North Rose Avenue,Oxnard,CA,93036,USA
-101.90249,35.17812,Hobby Lobby,806-356-8044,3318 Bell St,Amarillo,TX,79106,USA
-101.92256,33.53265,Hobby Lobby,806-698-0652,6814 Slide Road,Lubbock,TX,79424,USA
-83.77225,42.98147,Hobby Lobby,810-230-0784,3192 S Linden Rd,Flint,MI,48507,USA
-82.45716,43.04501,Hobby Lobby,810-385-3759,4715 24th Ave [Ste 100],Fort Gratiot,MI,48059,USA
-85.76316,38.31326,Hobby Lobby,812-218-8095,750 E Lewis and Clark Pkwy,Clarksville,IN,47129,USA
-87.41086,39.40924,Hobby Lobby,812-235-8584,4700 US 41 South,Terre Haute,IN,47802,USA
-86.4975,39.15303,Hobby Lobby,812-323-1116,1275 College Mall Road,Bloomington,IN,47401,USA
-85.87705,39.21046,Hobby Lobby,812-379-4972,1149 N National Road,Columbus,IN,47201,USA
-87.48495,37.97771,Hobby Lobby,812-476-3266,5300-A E Indiana St,Evansville,IN,47715,USA
-82.188311,28.266807,Hobby Lobby,813-715-9120,7325 Gall Blvd,Zephyrhills,FL,33541,USA
-80.090862,42.055052,Hobby Lobby,814-868-8681,1900 Keystone Drive,Erie,PA,16509,USA
-78.4039,40.477472,Hobby Lobby,814-944-4784,516 W Plank Road,Altoona,PA,16602,USA
-89.12861,41.35831,Hobby Lobby,815-220-0448,1655 38th St,Peru,IL,61354,USA
-88.2657013,42.3565979,Hobby Lobby,815-385-0694,2000 N Richmond Road,McHenry,IL,60051,USA
-88.98579,42.26842,Hobby Lobby,815-394-2110,6640 E State St,Rockford,IL,61108,USA
-88.31995,42.22632,Hobby Lobby,815-479-9016,6250-A Northwest Hwy,Crystal Lake,IL,60014,USA
-88.1254,41.54808,Hobby Lobby,815-725-4792,1400 N Larkin Ave,Joliet,IL,60435,USA
-88.722661,41.954918,Hobby Lobby,815-756-2592,2500 Sycamore Road,DeKalb,IL,60115,USA
-87.85083,41.16208,Hobby Lobby,815-935-5965,1260 N Kinzie Ave,Bradley,IL,60915,USA
-94.27194,39.02249,Hobby Lobby,816-228-2356,500 N W State Rt 7,Blue Springs,MO,64014,USA
-94.359289,38.933571,Hobby Lobby,816-246-6333,1015 NE Rice Road,Lees Summit,MO,64086,USA
-94.80304,39.77713,Hobby Lobby,816-279-9000,1417 N Belt Highway,St Joseph,MO,64506,USA
-94.5450191,38.8299051,Hobby Lobby,816-331-1629,520 E Markey Pkwy,Belton,MO,64012,USA
-94.54832,39.21098,Hobby Lobby,816-459-7459,6479 N Prospect,Gladstone,MO,64119,USA
-94.65073,39.24714,Hobby Lobby,816-746-1774,6130 NW Barry Road,Kansas City,MO,64154,USA
-94.36943,39.04215,Hobby Lobby,816-795-6609,4300 Bass Pro Drive,Independence,MO,64055,USA
-97.43016,32.81148,Hobby Lobby,817-237-2164,6580 Lake Worth Blvd,Lake Worth,TX,76135,USA
-97.33508,32.53585,Hobby Lobby,817-295-5476,620 SW Wilshire Blvd,Burleson,TX,76028,USA
-97.39949,32.67385,Hobby Lobby,817-423-2072,5020 S Hulen St,Fort Worth,TX,76132,USA
-97.18333,32.93911,Hobby Lobby,817-481-9917,2115 W Southlake Blvd,Southlake,TX,76092,USA
-97.24017,32.84081,Hobby Lobby,817-485-5668,6635 NE Loop 820,North Richland Hills,TX,76180,USA
-97.09851,32.88333,Hobby Lobby,817-488-7838,5325 William D Tate Dr,Grapevine,TX,76051,USA
-97.13483,32.67191,Hobby Lobby,817-557-8446,4628 S Cooper St,Arlington,TX,76017,USA
-97.3178997,32.8707043,Hobby Lobby,817-747-9913,9265 N Freeway,Fort Worth,TX,76177,USA
-118.31995,34.180444,Hobby Lobby,818-559-1398,641 N Victory Blvd,Burbank,CA,91502,USA
-81.3777303,35.7163803,Hobby Lobby,828-324-0365,2173 13th Ave SE,Hickory,NC,28602,USA
-82.5323655,35.4471708,Hobby Lobby,828-684-0900,419 Airport Rd,Arden,NC,28704,USA
-98.075322,29.730951,Hobby Lobby,830-620-1047,360 Creekside Way,New Braunfels,TX,78130,USA
-78.6633345,33.8412581,Hobby Lobby,843-249-1381,1430 US Highway 17 North,North Myrtle Beach,SC,29582,USA
-79.82253,34.18806,Hobby Lobby,843-676-9408,2357 David H McLeod Blvd,Florence,SC,29501,USA
-80.0392769,32.9494716,Hobby Lobby,843-797-7515,7800 Rivers Ave,North Charleston,SC,29406,USA
-79.8183587,32.8386437,Hobby Lobby,843-849-0641,2165 Tea Planter Lane,Mount Pleasant,SC,29466,USA
-73.91661,41.617875,Hobby Lobby,845-298-3235,1895 South Road,Poughkeepsie,NY,12601,USA
-74.3866959,41.4543228,Hobby Lobby,845-343-7884,400 Route 211 East,Middletown,NY,10940,USA
-87.8332774,42.1494281,Hobby Lobby,847-272-4632,200 South Waukegan Rd,Deerfield,IL,60015,USA
-88.0258789,42.1374474,Hobby Lobby,847-359-0933,615 East Dundee Rd,Palatine,IL,60074,USA
-88.335345,42.174834,Hobby Lobby,847-458-0464,2360 S Randall Road,Algonquin,IL,60102,USA
-88.0538823,42.0501521,Hobby Lobby,847-517-3381,1055 E Golf Road,Schaumburg,IL,60173,USA
-88.06157,42.38033,Hobby Lobby,847-543-8495,840 E Rollins Rd,Round Lake Beach,IL,60073,USA
-87.955908,42.2415304,Hobby Lobby,847-549-1235,290 Hawthorn Village Commons,Vernon Hills,IL,60061,USA
-88.33868,42.02772,Hobby Lobby,847-697-5740,200 S Randall Rd,Elgin,IL,60123,USA
-87.22334,30.48872,Hobby Lobby,850-478-4200,6235 N Davis Highway,Pensacola,FL,32504,USA
-84.22921,30.540468,Hobby Lobby,850-668-4052,3483 Thomasville Road,Tallahassee,FL,32309,USA
-86.481269,30.3891807,Hobby Lobby,850-837-3002,875 Harbor Blvd,Destin,FL,32541,USA
-85.67287,30.18996,Hobby Lobby,850-914-0285,820 W 23rd St,Panama City,FL,32405,USA
-75.1018753,39.8253021,Hobby Lobby,856-227-7873,1500 Almonesson Rd,Deptford,NJ,08096,USA
-75.0088043,39.7362518,Hobby Lobby,856-262-0136,611 Cross Keys Rd,Sicklerville,NJ,08081,USA
-75.04011,39.427038,Hobby Lobby,856-825-0535,2225 N 2nd Street,Millville,NJ,08332,USA
-84.7799441,37.6182853,Hobby Lobby,859-238-7419,2900 S Danville By-Pass,Danville,KY,40422,USA
-84.53786,37.95651,Hobby Lobby,859-273-1401,320 E Brannon Rd,Nicholasville,KY,40356,USA
-84.65449,38.99596,Hobby Lobby,859-371-2973,7932 Connector Drive,Florence,KY,41042,USA
-84.427094,38.039646,Hobby Lobby,859-543-0070,2200 War Admiral Way,Lexington,KY,40509,USA
-84.27336,37.73423,Hobby Lobby,859-623-4412,855 Eastern Bypass,Richmond,KY,40475,USA
-72.9001283,41.6983274,Hobby Lobby,860-583-1950,1235 Farmington Ave,Bristol,CT,06010,USA
-72.553017,41.804653,Hobby Lobby,860-644-8626,241 Buckland Street,Manchester,CT,06042,USA
-81.957193,27.998678,Hobby Lobby,863-648-5053,3615 South Florida Avenue,Lakeland,FL,33803,USA
-81.9739375,28.0959517,Hobby Lobby,863-858-7601,4236 US Hwy 98 North,Lakeland,FL,33809,USA
-82.69366,34.55745,Hobby Lobby,864-224-2996,172 Station Dr,Anderson,SC,29621,USA
-82.00165,34.93767,Hobby Lobby,864-574-7136,108 Franklin Avenue,Spartanburg,SC,29301,USA
-82.27996,34.82066,Hobby Lobby,864-676-1060,1511 Woodruff Road,Greenville,SC,29607,USA
-82.27655,34.93609,Hobby Lobby,864-848-1610,6007 Wade Hampton Blvd,Taylors,SC,29687,USA
-82.57555,34.82408,Hobby Lobby,864-859-4134,6101 Calhoun Memorial Hwy,Easley,SC,29640,USA
-82.1780395,34.2112307,Hobby Lobby,864-942-0400,315 Bypass 72 NW,Grenwood,SC,29649,USA
-84.2530745,36.0061029,Hobby Lobby,865=483-7131,380 S Illinois Ave,Oak Ridge,TN,37830,USA
-83.99481,35.74326,Hobby Lobby,865-379-5170,505 Foothills Plaza,Maryville,TN,37801,USA
-83.572532,35.882611,Hobby Lobby,865-428-5475,713 Winfield Dunn Pkwy,Sevierville,TN,37876,USA
-84.15051,35.90081,Hobby Lobby,865-671-5530,11040 Parkside Drive,Knoxville,TN,37934,USA
-84.016,36.00715,Hobby Lobby,865-938-5521,6580 Clinton Highway,Knoxville,TN,37912,USA
-92.5887401,36.2776132,Hobby Lobby,870-424-0519,725 US Hwy 62 East,Mountain Home,AR,72653,USA
-91.631746,35.7695409,Hobby Lobby,870-793-5663,1991 Harrison St,Batesville,AR,72501,USA
-90.68466,35.8211,Hobby Lobby,870-931-0636,1843-A Highland Dr,Jonesboro,AR,72401,USA
-89.79432,35.20486,Hobby Lobby,901-266-4346,7986 Highway 64,Bartlett,TN,38133,USA
-89.80244,35.09476,Hobby Lobby,901-757-4419,1991 Exeter Road,Germantown,TN,38138,USA
-89.69366,35.04655,Hobby Lobby,901-861-7575,950 W Poplar St,Collierville,TN,38017,USA
-94.08453,33.45448,Hobby Lobby,903-223-7114,2315 Richmond Rd,Texarkana,TX,75503,USA
-96.0950032,33.1211228,Hobby Lobby,903-454-9800,31341 I-30,Greenville,TX,75402,USA
-95.2774,32.3093,Hobby Lobby,903-597-8009,1909 ESE Loop 323,Tyler,TX,75701,USA
-87.852606,42.7031178,Hobby Lobby,903-663-3855,305-A W Loop 281,Longview,TX,75605,USA
-95.6116822,31.7345788,Hobby Lobby,903-723-1551,2150 S Loop 256,Palestine,TX,75801,USA
-95.513529,33.660878,Hobby Lobby,903-784-4542,3516 Lamar Ave,Paris,TX,75460,USA
-96.611,33.67574,Hobby Lobby,903-870-9669,3500 Town Center Rd,Sherman,TX,75092,USA
-81.6352707,30.4845651,Hobby Lobby,9040757-7140,15324 Max Leggett Pkwy,Jacksonville,FL,32218,USA
-81.30402,29.8671,Hobby Lobby,904-810-1031,200 State Road 312,St. Augustine,FL,32086,USA
-81.43889,30.28771,Hobby Lobby,904-821-4390,14286 Beach Blvd,Jacksonville Beach,FL,32250,USA
-81.6033,30.17151,Hobby Lobby,904-880-4003,11250 Old St Augustine Rd,Jacksonville,FL,32257,USA
-75.1506747,40.6847602,Hobby Lobby,908-387-0430,1236 US Highway 22,Phillipsburg,NJ,08865,USA
-74.431951,40.553667,Hobby Lobby,908-412-6236,6801 Hadley Road,South Plainfield,NJ,07080,USA
-117.2031937,34.0743027,Hobby Lobby,909-307-0135,27651 San Bernardino Ave,Redlands,CA,92374,USA
-117.7031737,33.9826629,Hobby Lobby,909-393-8727,4625 Chino Hills Pkwy,Chino Hills,CA,91709,USA
-117.572678,34.106587,Hobby Lobby,909-945-0005,10640 Foothill Blvd,Rancho Cucamonga,CA,91730,USA
-117.670037,34.088507,Hobby Lobby,909-949-6024,420 South Mountain Ave,Upland,CA,91786,USA
-77.382298,34.76086,Hobby Lobby,910-219-3280,1350 Western Blvd,Jacksonville,NC,28546,USA
-79.424049,35.170252,Hobby Lobby,910-246-0925,160 Brucewood Road,Southern Pines,NC,28387,USA
-77.905937,34.216996,Hobby Lobby,910-794-5334,3715 Oleander Drive,Wilmington,NC,28403,USA
-78.9625,35.07535,Hobby Lobby,910-860-0006,1748 B Skibo Road,Fayetteville,NC,28303,USA
-82.3198901,31.1943396,Hobby Lobby,912-283-3334,2545 Memorial Dr,Waycross,GA,31503,USA
-81.60057,31.8187765,Hobby Lobby,912-368-2307,863 W Oglethorpe Hwy,Hinesville,GA,31313,USA
-81.49865,31.23189,Hobby Lobby,912-466-8735,10300 Canal Crossing,Brunswick,GA,31525,USA
-81.75801,32.42815,Hobby Lobby,912-681-7818,255 Henry Blvd,Statesboro,GA,30458,USA
-81.1423201,31.9820951,Hobby Lobby,912-920-5759,11140 Abercorn St,Savannah,GA,31419,USA
-94.7201157,38.9580345,Hobby Lobby,913-307-2049,11552 W 95th St,Overland Park,KS,66214,USA
-94.66995,38.91313,Hobby Lobby,913-451-4440,7104 W 119th St,Overland Park,KS,66213,USA
-94.6896667,39.0188293,Hobby Lobby,913-722-9886,5945 Ikea Way,Merriam,KS,66202,USA
-94.77879,38.88388,Hobby Lobby,913-764-7400,16640 W 135th St,Olathe,KS,66062,USA
-106.3618852,31.7642576,Hobby Lobby,915-591-0539,9521 Viscount Blvd,El Paso,TX,79925,USA
-106.5742,31.84041,Hobby Lobby,915-833-2626,7930 N Mesa St,El Paso,TX,79932,USA
-106.26827,31.75818,Hobby Lobby,915-857-9393,1861 Joe Battle,El Paso,TX,79936,USA
-121.423722,38.597826,Hobby Lobby,916-649-1344,1870 Arden Way,Sacramento,CA,95815,USA
-121.391468,38.425319,Hobby Lobby,916-714-3166,9149 E Stockton Blvd,Elk Grove,CA,95624,USA
-121.256828,38.744316,Hobby Lobby,916-788-0264,1815 Douglas Blvd,Roseville,CA,95661,USA
-95.86787,36.06106,Hobby Lobby,918-254-0290,9717 E 71st St,Tulsa,OK,74133,USA
-95.84088,36.28515,Hobby Lobby,918-274-3841,9002 N 121St E Ave,Owasso,OK,74055,USA
-95.93519,36.74851,Hobby Lobby,918-333-9313,564 SE Washington Blvd,Bartlesville,OK,74006,USA
-95.782524,36.066904,Hobby Lobby,918-355-0050,751 E Hillside Dr,Broken Arrow,OK,74012,USA
-95.345,35.77142,Hobby Lobby,918-687-1024,2224 E Shawnee Bypass,Muskogee,OK,74403,USA
-95.9431561,36.0898326,Hobby Lobby,918-749-0098,3132 E 51st St S,Tulsa,OK,74105,USA
-79.1353979,35.4515639,Hobby Lobby,919-775-1601,3012 South Horner Blvd,Sanford,NC,27332,USA
-78.5795593,35.8693542,Hobby Lobby,919-981-5788,6200 Capital Blvd,Raleigh,NC,27616,USA
-87.96317,44.48733,Hobby Lobby,920-406-0860,2380 E Mason Street,Green Bay,WI,54302,USA
-88.58132,44.00929,Hobby Lobby,920-426-5377,1118 South Koeller,Oshkosh,WI,54902,USA
-88.0669632,44.4807396,Hobby Lobby,920-497-1598,803 Pilgrim Way,Green Bay,WI,54304,USA
-87.68543,44.08731,Hobby Lobby,920-684-5136,1140 S 30th St,Manitowoc,WI,54220,USA
-88.47588,44.26512,Hobby Lobby,920-739-3220,346 N Casaloma Drive,Grand Chute,WI,54913,USA
-122.050077,37.97,Hobby Lobby,925-246-9915,1280 Willow Pass Rd,Concord,CA,94520,USA
-121.752301,37.961726,Hobby Lobby,925-777-9546,5849 Lone Tree Way,Antioch,CA,94531,USA
-121.928556,37.7061,Hobby Lobby,925-875-9956,7050 Amador Plaza Road,Dublin,CA,94568,USA
-114.6086,32.70826,Hobby Lobby,928-329-6130,1074 S Castle Dome Ave,Yuma,AZ,85365,USA
-112.36594,34.57674,Hobby Lobby,928-443-5947,5634 East SR 69,Prescott Valley,AZ,86314,USA
-114.3510132,34.5041084,Hobby Lobby,928-453-3604,1795 Kiowa Blvd,Lake Havasu City,AZ,86403,USA
-87.05726,35.59961,Hobby Lobby,931-490-2192,1901 Shady Brook Dr,Columbia,TN,38401,USA
-85.50059,36.15934,Hobby Lobby,931-528-3303,165 S Jefferson Ave,Cookeville,TN,38501,USA
-87.29701,36.58281,Hobby Lobby,931-920-4233,2708 Wilma Rudolph Blvd,Clarksville,TN,37040,USA
-95.5730463,30.7183642,Hobby Lobby,936-293-8843,3009 Hwy 30 West,Huntsville,TX,77340,USA
-94.65438,31.64426,Hobby Lobby,936-560-1133,4301 N Street,Nacogdoches,TX,75965,USA
-94.72623,31.30485,Hobby Lobby,936-634-1855,2215 South 1st St,Lufkin,TX,75901,USA
-95.47514,30.33424,Hobby Lobby,936-788-5556,1217 N Loop 336 W,Conroe,TX,77301,USA
-84.137215,39.872892,Hobby Lobby,937-233-0204,8286 Old Troy Pike,Huber Heights,OH,45424,USA
-84.22617,39.62887,Hobby Lobby,937-291-2870,8361 Springboro Pike,Miamisburg,OH,45342,USA
-83.85316,39.94555,Hobby Lobby,937-328-3303,1390 Upper Valley Pike,Springfield,OH,45504,USA
-84.0507174,39.7602005,Hobby Lobby,937-429-9952,2440 N Fairfield Rd,Beavercreek,OH,45431,USA
-97.10454,33.18886,Hobby Lobby,940-387-4471,2217 S Loop 288,Denton,TX,76205,USA
-98.53635,33.85767,Hobby Lobby,940-691-6484,2805 Southwest Pkwy,Wichita Falls,TX,76308,USA
-82.254675,27.046247,Hobby Lobby,941-426-8400,18559 Tamiami Trail,North Port,FL,34287,USA
-82.61801,27.462612,Hobby Lobby,941-795-1462,4490 Cortez Road West,Bradenton,FL,34210,USA
-82.4987106,27.2356701,Hobby Lobby,941-924-4650,8195 S Tamiami Trail,Sarasota,FL,34231,USA
-117.715594,33.524174,Hobby Lobby,949-360-4304,27200 Alicia Parkway,Laguna Niguel,CA,92677,USA
-117.662502,33.678121,Hobby Lobby,949-583-1499,26732 Portola Parkway,Lake Forest,CA,92610,USA
-117.157405,33.521966,Hobby Lobby,951-296-0048,26443 Ynez Road,Temecula,CA,92591,USA
-116.996616,33.747491,Hobby Lobby,951-766-1318,2200 W Florida Avenue,Hemet,CA,92545,USA
-116.944771,33.924278,Hobby Lobby,951-769-0655,300 S Highland Springs Hwy,Banning,CA,92220,USA
-117.547581,33.897624,Hobby Lobby,951-808-9535,200 Hidden Valley Pkwy,Norco,CA,92860,USA
-93.3130875,44.8595848,Hobby Lobby,952-346-9541,2600 American Blvd West,Bloomington,MN,55431,USA
-80.2482122,26.2868379,Hobby Lobby,954-227-1298,9150 Wiles Rd,Coral Springs,FL,33067,USA
-80.251217,26.097262,Hobby Lobby,954-424-2232,1901 S University Drive,Davie,FL,33324,USA
-80.15256,26.3180052,Hobby Lobby,954-481-2588,3555 W Hillsboro Blvd,Deerfield Beach,FL,33442,USA
-97.72365,26.18154,Hobby Lobby,956-425-5825,2209 W Lincoln,Harlingen,TX,78552,USA
-98.21837,26.27096,Hobby Lobby,956-618-4724,7600 N 10th,McAllen,TX,78504,USA
-98.260716,26.194719,Hobby Lobby,956-683-1927,3300 Expressway 83,McAllen,TX,78501,USA
-99.47196,27.60788,Hobby Lobby,956-722-0247,2450 Monarch Dr [Ste 101],Laredo,TX,78045,USA
-105.07728,40.58689,Hobby Lobby,970-223-3663,4106 S College Ave,Fort Collins,CO,80525,USA
-108.53724,39.07718,Hobby Lobby,970-256-1125,1450 W Independent Ave,Grand Junction,CO,81505,USA
-104.71592,40.38817,Hobby Lobby,970-330-8535,3001 S 23rd Ave,Greeley,CO,80631,USA
-105.07774,40.42572,Hobby Lobby,970-593-0077,3133 N Garfield Ave,Loveland,CO,80538,USA
-96.8345651,33.0256591,Hobby Lobby,972-248-0250,6320 W Plano Pkwy,Plano,TX,75093,USA
-96.94172,32.59341,Hobby Lobby,972-291-0071,316 N Highway 67,Cedar Hill,TX,75104,USA
-96.61151,32.79592,Hobby Lobby,972-329-6501,2302 N Galloway,Mesquite,TX,75150,USA
-97.07974,33.0645,Hobby Lobby,972-355-2076,5801 Long Prairie Rd,Flower Mound,TX,75028,USA
-96.62061,32.94611,Hobby Lobby,972-414-7790,3178 Lavon Drive,Garland,TX,75040,USA
-96.974896,33.007879,Hobby Lobby,972-459-6706,2325 S Stemmons Freeway,Lewisville,TX,75067,USA
-96.614769,33.010387,Hobby Lobby,972-509-1516,150 W FM 544,Murphy,TX,75094,USA
-96.45147,32.91103,Hobby Lobby,972-772-5021,2004 South Goliad,Rockwall,TX,75087,USA
-96.77502,33.0709,Hobby Lobby,972-801-9974,4220 Legacy Road,Plano,TX,75024,USA
-96.842407,32.418037,Hobby Lobby,972-923-8950,1201 N US Hwy 77,Waxachachie,TX,75165,USA
-96.80328,32.95072,Hobby Lobby,972-980-1192,14858 Preston Road,Dallas,TX,75254,USA
-74.233604,40.895454,Hobby Lobby,973-890-1282,465 US Highway 46,Totowa,NJ,07512,USA
-95.4601,29.04802,Hobby Lobby,979-297-8591,125 Hwy 332 West,Lake Jackson,TX,77566,USA
-96.3179,30.6145,Hobby Lobby,979-696-6188,1903 Texas Ave South,College Station,TX,77840,USA
-89.77812,30.28568,Hobby Lobby,985-781-1101,1555 B Gause Blvd,Slidell,LA,70458,USA
-90.13546,30.44734,Hobby Lobby,985-867-3769,6115 Pinnacle Parkway,Covington,LA,70433,USA
-90.75721,29.61589,Hobby Lobby,985-876-9892,1779 MLK Jr Blvd,Houma,LA,70360,USA
-90.49087,30.50199,Hobby Lobby,985-902-8822,2714 W Thomas Street,Hammond,LA,70401,USA
-84.693149,45.027419,Hobby Lobby,989-731-1502,1425 W Main St,Gaylord,MI,49735,USA
-83.96514,43.48016,Hobby Lobby,989-790-3448,2480 Tittabawassee Road,Saginaw,MI,48604,USA
-84.2426859,33.847468,Hobby Lobby,678-406-9252,4310 Lavista Rd,Tucker,GA,30084,USA
-118.147665,34.609713,Hobby Lobby,Opening Soon,40022 10th St W,Palmdale,CA,93551,USA
-97.118426,32.564958,Hobby Lobby,682-518-1506,120 S Hwy 287,Mansfield,TX,76063,USA
-121.303314,38.113621,Hobby Lobby,209-333-9602,2350 W Kettleman Ln,Lodi,CA,95242,USA
