-87.74191, 41.75563, Kohl's, USA-United States, 7608 La Crosse Ave, +1 (708) 499-3900
-104.79462, 38.79193, Kohl's, USA-United States, 2725 Janitell Rd, +1 (719) 527-0610
-121.94776, 38.37640, Kohl's, USA-United States, 570 Orange Dr, +1 (707) 451-0622
-74.15451, 40.41482, Kohl's, USA-United States, 2145 State Route 35, +1 (732) 335-9468
-73.11064, 40.82658, Kohl's, USA-United States, 106 Ronkonkoma Ave, +1 (631) 471-4120
-95.76430, 39.03653, Kohl's, USA-United States, 6130 Sw 17th St Ste 100, +1 (785) 228-9095
-119.31356, 36.31054, Kohl's, USA-United States, 2208 S Mooney Blvd, +1 (559) 738-8760
-88.36729, 43.05214, Kohl's, USA-United States, 3105 Golf Rd, +1 (262) 646-7000
-118.33146, 33.79336, Kohl's, USA-United States, 25375 Crenshaw Blvd, +1 (310) 530-3079
-77.35466, 37.61214, Kohl's, USA-United States, 7390 Bell Creek Rd, +1 (804) 559-4194
-74.27180, 41.36226, Kohl's, USA-United States, 43 Center St, +1 (845) 782-2064
-88.04728, 42.99708, Kohl's, USA-United States, 2601 S 108th St, +1 (414) 546-4100
-80.74184, 35.31423, Kohl's, USA-United States, 9315 N Tryon St, +1 (704) 593-1911
-88.10670, 42.91960, Kohl's, USA-United States, S68 W15388 Janesville Rd, +1 (414) 422-1413
-106.30306, 31.72438, Kohl's, USA-United States, 1319 George Dieter Dr, +1 (915) 594-2797
-84.37850, 34.05600, Kohl's, USA-United States, 620 W Crossville Rd, +1 (678) 352-9536
-116.96415, 32.65146, Kohl's, USA-United States, 2352 Fenton St, +1 (619) 591-5920
-97.16404, 31.49908, Kohl's, USA-United States, 2708 W Loop 340, +1 (254) 662-2024
-77.41527, 37.35510, Kohl's, USA-United States, 2701 W Hundred Rd, +1 (804) 768-8742
-78.79880, 35.91790, Kohl's, USA-United States, 7822 Alexander Promenade Pl, +1 (919) 598-9625
-77.41117, 38.47182, Kohl's, USA-United States, 1220 Stafford Market Pl, +1 (540) 658-9365
-85.01074, 41.13016, Kohl's, USA-United States, 10310 Maysville Rd, +1 (260) 486-7557
-81.40767, 41.15681, Kohl's, USA-United States, 4240 Kent Rd, +1 (330) 688-0386
-72.81097, 41.28230, Kohl's, USA-United States, 1060 Main St, +1 (203) 481-2700
-95.58657, 29.73636, Kohl's, USA-United States, 11785 Westheimer Rd, +1 (281) 759-4400
-76.92735, 38.61961, Kohl's, USA-United States, 11120 Mall Cir, +1 (301) 638-1500
-77.14115, 38.76869, Kohl's, USA-United States, 5701 Kingstowne Blvd, +1 (703) 924-0400
-95.57111, 29.57227, Kohl's, USA-United States, 5600 Highway 6, +1 (281) 261-8767
-88.26570, 41.92143, Kohl's, USA-United States, 3840 E Main St, +1 (630) 377-1615
-87.99158, 42.13923, Kohl's, USA-United States, 800 W Dundee Rd, +1 (847) 506-1280
-75.02400, 39.93877, Kohl's, USA-United States, 2133 Route 38, +1 (856) 910-1570
-96.79674, 32.99966, Kohl's, USA-United States, 18224 Preston Rd, +1 (972) 964-7447
-88.14441, 42.02639, Kohl's, USA-United States, 171 Barrington Rd, +1 (847) 519-0448
-95.43284, 30.06157, Kohl's, USA-United States, 20614 Interstate 45, +1 (281) 528-6904
-91.61294, 41.69573, Kohl's, USA-United States, 2795 Commerce Dr, +1 (319) 545-4005
-75.10597, 40.21006, Kohl's, USA-United States, 918 W Street Rd, +1 (215) 441-1000
-83.43406, 42.43511, Kohl's, USA-United States, 20155 Haggerty Rd, +1 (248) 348-5779
-74.21585, 40.88658, Kohl's, USA-United States, 1710 Us Highway 46, +1 (973) 812-0851
-94.59390, 39.24836, Kohl's, USA-United States, 8500 N Madison Ave, +1 (816) 468-8855
-76.81662, 39.25253, Kohl's, USA-United States, 4320 Montgomery Rd, +1 (410) 480-0310
-119.78261, 36.84456, Kohl's, USA-United States, 175 E Alluvial Ave, +1 (559) 261-9445
-81.41589, 28.31166, Kohl's, USA-United States, 3200 N John Young Pkwy, +1 (407) 847-6685
-75.33093, 39.91779, Kohl's, USA-United States, 405 Baltimore Pike, +1 (610) 604-5270
-90.59297, 38.74536, Kohl's, USA-United States, 4000 Centre Pt S, +1 (636) 477-1953
-77.60545, 37.50557, Kohl's, USA-United States, 11331 Midlothian Tpke, +1 (804) 378-3200
-82.93311, 42.53293, Kohl's, USA-United States, 32100 Beacon Ln, +1 (586) 415-2820
-83.47882, 42.49150, Kohl's, USA-United States, 43550 W Oaks Dr, +1 (248) 344-4666
-84.51021, 39.39091, Kohl's, USA-United States, 3173 Princeton Rd, +1 (513) 895-2450
-74.41928, 40.63957, Kohl's, USA-United States, 107 Us Highway 22, +1 (908) 490-1107
-83.12705, 42.63641, Kohl's, USA-United States, 223 E Auburn Rd, +1 (248) 844-0819
-77.52701, 38.80158, Kohl's, USA-United States, 11190 Bulloch Dr, +1 (703) 393-9334
-81.51486, 41.31315, Kohl's, USA-United States, 8100 Macedonia Commons Blvd, +1 (330) 467-1200
-82.99231, 42.62034, Kohl's, USA-United States, 44200 Schoenherr Rd, +1 (586) 247-7880
-88.21048, 43.12950, Kohl's, USA-United States, N66w25099 Silver Spring Dr, +1 (262) 246-3143
-104.94010, 39.91651, Kohl's, USA-United States, 12090 Colorado Blvd, +1 (303) 255-9700
-88.14241, 41.85936, Kohl's, USA-United States, 401 S County Farm Rd, +1 (630) 682-8500
-90.44700, 38.50605, Kohl's, USA-United States, 115 Gravois Bluffs Plaza Dr, +1 (636) 349-9952
-86.11980, 39.62833, Kohl's, USA-United States, 550 Fry Rd, +1 (317) 882-0001
-87.31434, 41.46847, Kohl's, USA-United States, 1601 Southlake Mall, +1 (219) 791-9141
-94.76633, 39.00885, Kohl's, USA-United States, 15500 Shawnee Mission Pkwy, +1 (913) 248-0442
-84.11039, 39.64477, Kohl's, USA-United States, 6400 Wilmington Pike, +1 (937) 848-6400
-79.84360, 36.12112, Kohl's, USA-United States, 3315 Battleground Ave, +1 (336) 286-0991
-80.88151, 35.10837, Kohl's, USA-United States, 9579 South Blvd, +1 (704) 643-1070
-80.16148, 40.44799, Kohl's, USA-United States, 6571 Steubenville Pike, +1 (412) 859-6760
-106.57016, 35.17556, Kohl's, USA-United States, 6800 Holly Ave Ne, +1 (505) 796-0364
-121.28592, 38.79009, Kohl's, USA-United States, 10375 Fairway Dr, +1 (916) 773-1991
-97.00663, 32.67896, Kohl's, USA-United States, 3865 S Carrier Pkwy, +1 (972) 263-1099
-78.98050, 35.93330, Kohl's, USA-United States, 5241 Mcfarland Rd, +1 (919) 489-1116
-87.88707, 42.56979, Kohl's, USA-United States, 7200 Green Bay Rd, +1 (262) 942-7070
-75.29831, 39.96905, Kohl's, USA-United States, 250 W Chester Pike, +1 (610) 853-6000
-95.71915, 29.77206, Kohl's, USA-United States, 1200 S Fry Rd, +1 (281) 599-3050
-73.41030, 41.43443, Kohl's, USA-United States, 84 Federal Rd, +1 (203) 740-2000
-96.02381, 41.25154, Kohl's, USA-United States, 909 S 72nd St, +1 (402) 391-3990
-97.10193, 32.93981, Kohl's, USA-United States, 3001 E Northwest Pkwy, +1 (817) 749-2266
-87.55932, 41.59953, Kohl's, USA-United States, 603 River Oaks W, +1 (708) 891-1220
-104.72027, 38.87590, Kohl's, USA-United States, 3110 N Powers Blvd, +1 (719) 637-0214
-73.22624, 40.73918, Kohl's, USA-United States, 2036 Sunrise Hwy, +1 (631) 666-6082
-117.55848, 34.07629, Kohl's, USA-United States, 1051 N Milliken Ave, +1 (909) 484-7805
-121.85948, 37.25026, Kohl's, USA-United States, 890 Blossom Hill Rd, +1 (408) 224-7010
-73.11002, 40.82659, Kohl's, USA-United States, 106 Portion Rd, +1 (631) 467-6631
-86.13631, 39.69101, Kohl's, USA-United States, 5144 Madison Ave, +1 (317) 784-6717
-73.83089, 40.97737, Kohl's, USA-United States, 2350 Central Park Ave, +1 (914) 793-1124
-75.62775, 40.27071, Kohl's, USA-United States, 1396 Juniper St, +1 (610) 326-0009
-80.59309, 35.46349, Kohl's, USA-United States, 2450 Supercenter Dr Ne, +1 (704) 788-2256
-104.77532, 39.65332, Kohl's, USA-United States, 18307 E Hampden Ave, +1 (303) 690-7900
-90.51821, 38.59440, Kohl's, USA-United States, 14425 Andersohn Dr, +1 (636) 386-2559
-89.29969, 43.13106, Kohl's, USA-United States, 2602 E Springs Dr, +1 (608) 246-3022
-106.65348, 35.20772, Kohl's, USA-United States, 3715 Ellison Rd Nw, +1 (505) 792-3962
-112.34082, 33.46101, Kohl's, USA-United States, 1611 N Dysart Rd, +1 (623) 536-2700
-73.62860, 41.41592, Kohl's, USA-United States, 60 Independent Way, +1 (845) 279-1751
-122.11176, 47.35940, Kohl's, USA-United States, 17002 Se 270th Pl, +1 (253) 630-7976
-84.22994, 39.19756, Kohl's, USA-United States, 1164 State Route 28, +1 (513) 722-3040
-83.32645, 42.64659, Kohl's, USA-United States, 415 N Telegraph Rd, +1 (248) 681-4800
-92.83782, 45.03276, Kohl's, USA-United States, 5805 Krueger Ln, +1 (651) 439-2256
-121.34547, 38.70356, Kohl's, USA-United States, 5030 Antelope Rd, +1 (916) 338-0655
-73.87751, 41.30631, Kohl's, USA-United States, 3008 E Main St, +1 (914) 526-2111
-74.80329, 39.99803, Kohl's, USA-United States, 2703 Route 541, +1 (609) 747-1441
-85.15877, 35.02403, Kohl's, USA-United States, 1812 Gunbarrel Rd, +1 (423) 296-8227
-75.23755, 40.06230, Kohl's, USA-United States, 8500 Henry Ave, +1 (215) 483-7100
-111.88490, 40.52684, Kohl's, USA-United States, 167 E 12300 S, +1 (801) 495-4680
-97.79939, 30.47993, Kohl's, USA-United States, 11111 Lakeline Blvd, +1 (512) 335-7711
-72.88484, 41.82406, Kohl's, USA-United States, 104 Albany Tpke, +1 (860) 693-2549
-87.80741, 41.95678, Kohl's, USA-United States, 4220 N Harlem Ave, +1 (708) 452-8200
-83.30748, 42.70943, Kohl's, USA-United States, 4872 S Baldwin Rd, +1 (248) 393-3733
-90.38001, 38.43651, Kohl's, USA-United States, 2150 Michigan Ave, +1 (636) 282-0399
-76.62262, 39.42982, Kohl's, USA-United States, 50 W Ridgely Rd, +1 (410) 252-2581
-97.75997, 35.48437, Kohl's, USA-United States, 1715 Garth Brooks Blvd, +1 (405) 350-3730
-75.04822, 39.76219, Kohl's, USA-United States, 5851 Route 42, +1 (856) 228-8558
-73.71541, 41.22282, Kohl's, USA-United States, 777 Bedford Rd, +1 (914) 241-3939
-117.99095, 33.84693, Kohl's, USA-United States, 8191 La Palma Ave, +1 (714) 521-8202
-90.45052, 38.67425, Kohl's, USA-United States, 955 Woodcrest Executive Dr, +1 (314) 878-4700
-84.74099, 33.39748, Kohl's, USA-United States, 1140 Highway 34 E, +1 (770) 251-1807
-80.86259, 35.44217, Kohl's, USA-United States, 9743 Sam Furr Rd, +1 (704) 896-1020
-82.50956, 28.12793, Kohl's, USA-United States, 3979 Van Dyke Rd, +1 (813) 269-9400
-118.15206, 34.07983, Kohl's, USA-United States, 1201 S Fremont Ave, +1 (626) 289-7250
-77.31877, 38.79853, Kohl's, USA-United States, 5793 Burke Centre Pkwy, +1 (703) 239-8115
-93.28770, 44.75074, Kohl's, USA-United States, 13900 Aldrich Ave S, +1 (952) 890-2450
-93.58092, 41.70828, Kohl's, USA-United States, 1935 Se Delaware Ave, +1 (515) 963-7727
-74.95810, 39.84409, Kohl's, USA-United States, 79 State Hwy No 73, +1 (856) 753-6473
-72.80955, 41.50628, Kohl's, USA-United States, 1248 S Broad St, +1 (203) 284-2144
-112.02834, 33.64073, Kohl's Trading Post & Pawn, USA-United States, 2510 E Bell Rd Ste 2, +1 (602) 992-4120
-84.44474, 33.47941, Kohl's, USA-United States, 300 Pavilion Pkwy, +1 (678) 817-1450
-74.92811, 39.82546, Kohl's, USA-United States, 79 Route 73, +1 (856) 753-3276
-117.55256, 33.97534, Kohl's, USA-United States, 12315 Limonite Ave, +1 (951) 685-0860
-85.75742, 42.88216, Kohl's, USA-United States, 3790 Rivertown Pkwy Sw, +1 (616) 534-1600
-122.45841, 37.67640, Kohl's, USA-United States, 1200 El Camino Real, +1 (650) 992-0155
-90.38392, 38.55722, Kohl's, USA-United States, 9701 Watson Rd, +1 (314) 822-2933
-87.67084, 41.92028, Kohl's, USA-United States, 2140 N Elston Ave, +1 (773) 342-9032
-91.05959, 30.37742, Kohl's, USA-United States, 10770 N Mall Dr, +1 (225) 293-0779
-74.13981, 41.07189, Kohl's, USA-United States, 1300 State Rt 17, +1 (201) 327-2877
-72.98755, 41.27369, Kohl's, USA-United States, 250 Bull Hill Ln, +1 (203) 795-0515
-122.90124, 45.53765, Kohl's, USA-United States, 7360 Ne Butler St, +1 (503) 640-5083
-86.73443, 34.75534, Kohl's, USA-United States, Huntsville, +1 (256) 722-0728
-84.13745, 39.87348, Kohl's, USA-United States, 8301 Troy Pike, +1 (937) 237-1777
-88.13504, 42.90663, Kohl's, USA-United States, S68w15313 Janesville Rd, +1 (414) 422-1413
-73.78625, 40.74048, Kohl's, USA-United States, 6111 188th St, +1 (718) 454-5770
-90.04575, 32.27960, Kohl's, USA-United States, 300 Ridge Way, +1 (601) 992-5155
-71.06685, 41.87815, Kohl's, USA-United States, 80 Taunton Depot Dr, +1 (508) 977-9128
-83.68448, 41.61739, Kohl's, USA-United States, 1220 S Holland Sylvania Rd, +1 (419) 861-4874
-88.11188, 42.20649, Kohl's, USA-United States, 675 N Rand Rd, +1 (847) 550-9400
-84.68224, 34.03584, Kohl's, USA-United States, 3354 Cobb Pkwy Nw, +1 (678) 574-5370
-74.03922, 41.12908, Kohl's, USA-United States, 59 State St, +1 (845) 627-2006
-85.80011, 38.34021, Kohl's, USA-United States, 3899 Charlestown Rd, +1 (812) 948-1888
-77.63560, 43.08895, Kohl's, USA-United States, 3150 W Henrietta Rd, +1 (585) 292-1490
-95.80732, 36.29323, Kohl's, USA-United States, 12405 E 96th St N, +1 (918) 376-2868
-86.15867, 39.61992, Kohl's, USA-United States, 520 N State Road 135, +1 (317) 889-6066
-111.75530, 33.29210, Kohl's, USA-United States, 1497 E Williams Field Rd, +1 (480) 855-8823
-88.28953, 42.09880, Kohl's, USA-United States, 3000 Spring Hill Mall, +1 (847) 428-7200
-94.41087, 38.92637, Kohl's, USA-United States, 1820 Nw Chipman Rd, +1 (816) 246-5110
-85.97252, 39.86274, Kohl's, USA-United States, 5825 Sunnyside Rd, +1 (317) 823-8930
-86.17204, 32.35432, Kohl's, USA-United States, 2430 Berryhill Rd, +1 (334) 215-0211
-117.51808, 33.82100, Kohl's, USA-United States, 2620 Cajalco Rd, +1 (951) 277-1062
-93.38518, 44.93590, Kohl's, USA-United States, 8440 Highway 7, +1 (952) 988-9100
-104.80298, 39.59697, Kohl's, USA-United States, 6584 S Parker Rd, +1 (303) 690-0111
-87.96233, 41.89334, Kohl's, USA-United States, 303 S Il Route 83, +1 (630) 516-1200
-94.35899, 39.04811, Kohl's, USA-United States, 18800 E 39th St S, +1 (816) 795-2445
-121.50960, 38.66286, Kohl's, USA-United States, 4700 Natomas Blvd, +1 (916) 928-4260
-74.05898, 40.91746, Kohl's, USA-United States, 165 E State Rt 4, +1 (201) 226-0573
-93.35580, 45.20133, Kohl's, USA-United States, 12785 Riverdale Blvd Nw, +1 (763) 576-0200
-117.82952, 34.02996, Kohl's, USA-United States, 21858 Valley Blvd, +1 (909) 594-6458
-83.39774, 41.95376, Kohl's, USA-United States, 2323 N Telegraph Rd, +1 (734) 457-2585
-118.86617, 34.28061, Kohl's, USA-United States, 872 New Los Angeles Ave, +1 (805) 531-0151
-79.95148, 40.33864, Kohl's, USA-United States, 9911 Mountain View Dr, +1 (412) 650-6540
-123.04251, 44.07566, Kohl's, USA-United States, 2950 Gateway St, +1 (541) 726-1819
-81.11464, 35.25788, Kohl's, USA-United States, 3648 E Franklin Blvd, +1 (704) 824-0091
-84.51021, 39.37373, Kohl's, USA-United States, 100 Forest Park Dr, +1 (513) 671-1432
-88.08449, 43.11570, Kohl's, USA-United States, N54w13901 Woodale Dr, +1 (262) 783-4907
-104.90555, 39.55824, Kohl's, USA-United States, 8660 S Quebec St, +1 (303) 790-8000
-93.30840, 44.85974, Kohl's, USA-United States, 7931 Penn Ave S, +1 (952) 881-8861
-104.85742, 39.07988, Kohl's, USA-United States, 15866 Jackson Creek Pkwy, +1 (719) 488-4531
-88.34058, 41.85549, Kohl's, USA-United States, 251 N Randall Rd, +1 (630) 761-1212
-122.05370, 37.94585, Kohl's, USA-United States, 2302 Monument Blvd, +1 (925) 691-9650
-74.64846, 40.87405, Kohl's, USA-United States, 275 State Route 10 E, +1 (973) 252-7528
-121.84972, 37.36573, Kohl's, USA-United States, 2323 Mckee Rd, +1 (408) 923-0140
-79.79964, 40.43268, Kohl's, USA-United States, 3624 William Penn Hwy, +1 (412) 380-5280
-76.24792, 43.18441, Kohl's, USA-United States, 3827 State Route 31, +1 (315) 622-2048
-88.06708, 43.06042, Kohl's, USA-United States, 2315 N 124th St, +1 (262) 786-8900
-87.94080, 42.05554, Kohl's, USA-United States, 1500 S Elmhurst Rd, +1 (847) 437-4080
-87.88607, 41.50282, Kohl's, USA-United States, 11055 W Lincoln Hwy, +1 (815) 469-8477
-96.73636, 33.10066, Kohl's, USA-United States, 2400 Mcdermott Rd, +1 (214) 495-0131
-85.12937, 41.11825, Kohl's, USA-United States, 835 E Coliseum Blvd, +1 (260) 483-0564
-73.22816, 41.17670, Kohl's, USA-United States, 290 Tunxis Hill Rd, +1 (203) 384-9371
-74.93337, 39.89487, Kohl's, USA-United States, 301 W Route 70, +1 (856) 810-9370
-89.98502, 38.58933, Kohl's, USA-United States, 6109 N Illinois St, +1 (618) 397-9600
-85.20144, 41.07200, Kohl's, USA-United States, 1410 Apple Glen Blvd, +1 (260) 434-0445
-82.91911, 42.53290, Kohl's, USA-United States, 32100 Beaconsfield St, +1 (586) 294-2816
-85.99672, 40.03169, Kohl's, USA-United States, 16701 Clover Rd, +1 (317) 770-4143
-112.25781, 33.55184, Kohl's, USA-United States, 9220 W Northern Ave, +1 (623) 877-0177
-82.32272, 27.92068, Kohl's, USA-United States, 11151 Lake Brandon Dr, +1 (813) 684-9200
-97.81079, 30.23381, Kohl's, USA-United States, 4805 W Highway 290, +1 (512) 358-7607
-85.66652, 38.08814, Kohl's, USA-United States, 11811 Standiford Plaza Dr, +1 (502) 966-0631
-88.34812, 41.72470, Kohl's, USA-United States, 625 S Railroad St, +1 (630) 859-1732
-111.98990, 41.08079, Kohl's, USA-United States, 1398 N Main St, +1 (801) 497-0698
-117.64316, 34.13287, Kohl's, USA-United States, 1923 N Campus Ave, +1 (909) 931-2103
-87.77997, 41.71575, Kohl's, USA-United States, 9700 Ridgeland Ave, +1 (708) 425-7909
-73.67625, 40.99279, Kohl's, USA-United States, 431 Boston Post Rd, +1 (914) 690-0107
-115.06303, 36.02993, Kohl's, USA-United States, 30 N Valle Verde Dr, +1 (702) 434-0492
-74.42999, 40.54909, Kohl's, USA-United States, 4971 Stelton Rd, +1 (908) 226-0683
-121.88476, 37.69895, Kohl's, USA-United States, 4525 Rosewood Dr, +1 (925) 924-1060
-93.01828, 45.03167, Kohl's, USA-United States, 3001 White Bear Ave N, +1 (651) 779-8110
-97.18626, 32.86036, Kohl's, USA-United States, 6091 Precinct Line Rd, +1 (817) 498-1808
-95.68313, 29.88207, Kohl's, USA-United States, 7150 Barker Cypress Rd, +1 (281) 345-0632
-72.58380, 41.99809, Kohl's, USA-United States, 95 Elm St, +1 (860) 741-6100
-72.83099, 41.27523, Kohl's, USA-United States, 1060 W Main St, +1 (203) 481-2700
-84.01635, 33.86706, Kohl's, USA-United States, 2059 Scenic Hwy N, +1 (678) 344-2126
-71.76385, 42.18512, Kohl's, USA-United States, 70 Worcester Providence Tpke, +1 (508) 581-9536
-83.09194, 40.09126, Kohl's, USA-United States, 6063 Sawmill Rd, +1 (614) 764-8686
-84.65387, 38.99611, Kohl's Warehouse, USA-United States, 7711 Mall Rd, +1 (859) 282-6144
-74.63204, 40.51458, Kohl's, USA-United States, 315 Us Highway 206, +1 (908) 431-3054
-112.36205, 33.63883, Kohl's, USA-United States, 14020 W Bell Rd, +1 (623) 544-6330
-117.55684, 33.89966, Kohl's, USA-United States, 470 Hidden Valley Pkwy, +1 (951) 493-6607
-83.02754, 40.02724, Kohl's, USA-United States, 3360 Olentangy River Rd, +1 (614) 267-1770
-81.28279, 28.91673, Kohl's, USA-United States, 1065 Harley Strickland Blvd, +1 (386) 456-1001
-76.67765, 39.99026, Kohl's, USA-United States, 2600 Pleasant Valley Rd, +1 (717) 755-5218
-78.17012, 39.16032, Kohl's, USA-United States, 2190 S Pleasant Valley Rd, +1 (540) 678-0983
-87.88758, 43.09276, Kohl's Food Store, USA-United States, 4145 N Oakland Ave, +1 (414) 964-3350
-72.94381, 40.94485, Kohl's, USA-United States, 346 Route 25a, +1 (631) 744-0017
-111.81194, 40.38312, Kohl's, USA-United States, 634 Pacific Dr, +1 (801) 492-4113
-95.45735, 30.21442, Kohl's, USA-United States, 16640 Interstate 45 S, +1 (936) 321-4901
-96.62652, 32.79079, Kohl's, USA-United States, 19065 Lyndon B Johnson Fwy, +1 (972) 613-0222
-93.04569, 45.03156, Kohl's, USA-United States, 3001 Maplewood Dr, +1 (651) 779-8110
-84.29263, 34.00349, Kohl's, USA-United States, 2342 Holcomb Bridge Rd, +1 (678) 795-9645
-83.10898, 39.95331, Kohl's, USA-United States, 4050 W Broad St, +1 (614) 279-0888
-86.44199, 35.84554, Kohl's, USA-United States, 2535 Old Fort Pkwy, +1 (615) 494-5109
-74.54135, 40.87292, Kohl's, USA-United States, 171 State Route 10, +1 (973) 829-0197
-95.15973, 29.65003, Kohl's, USA-United States, 5555 Fairmont Pkwy, +1 (281) 991-8512
-88.20022, 41.56691, Kohl's, USA-United States, 2510 Route 59, +1 (815) 254-6400
-122.12499, 37.70258, Kohl's, USA-United States, 15555 E 14th St, +1 (510) 317-6420
-76.80617, 39.09727, Kohl's, USA-United States, 3323 Corridor Marketplace, +1 (301) 617-9102
-74.67621, 40.30386, Kohl's, USA-United States, 200 Nassau Park Blvd, +1 (609) 720-1400
-78.96194, 35.06517, Kohl's, USA-United States, 255 Glensford Dr, +1 (910) 867-1246
-119.74563, 39.57786, Kohl's, USA-United States, 5035 Pyramid Lake Hwy, +1 (775) 356-9966
-92.41446, 35.09112, Kohl's, USA-United States, 801 Elsinger Blvd, +1 (501) 450-7177
-74.64230, 40.19403, Kohl's, USA-United States, 460 Marketplace Blvd, +1 (609) 581-0683
-96.61467, 32.94769, Kohl's, USA-United States, 3353 N President George Bush Hwy, +1 (972) 495-6756
-115.19816, 36.03708, Kohl's, USA-United States, 4250 Blue Diamond Rd, +1 (702) 361-5399
-72.86007, 40.80257, Kohl's, USA-United States, 1001 Montauk Hwy, +1 (631) 874-3999
-88.01287, 41.75095, Kohl's, USA-United States, 1001 75th St Ste 125, +1 (630) 910-0900
-76.34008, 40.06697, Kohl's, USA-United States, 1135 Park City Ctr, +1 (717) 291-6600
-117.20044, 34.07020, Kohl's, USA-United States, 27540 W Lugonia Ave, +1 (909) 307-2056
-97.25841, 32.89602, Kohl's, USA-United States, 2001 S Main St, +1 (817) 431-4437
-95.48465, 30.35234, Kohl's, USA-United States, 2808 Interstate 45 N, +1 (936) 788-2479
-74.39970, 40.45378, Kohl's, USA-United States, 333 State Route 18, +1 (732) 651-2386
-97.42128, 37.67306, Kohl's, USA-United States, 6900 W Kellogg Dr, +1 (316) 942-2600
-117.59456, 33.64032, Kohl's, USA-United States, 22215 El Paseo, +1 (949) 635-9314
-84.35710, 39.43930, Kohl's, USA-United States, 3500 Salzman Rd, +1 (513) 539-0301
-82.20898, 41.42712, Kohl's, USA-United States, 3080 Jaeger Rd, +1 (440) 282-6003
-83.77244, 42.98650, Kohl's, USA-United States, 3030 S Linden Rd, +1 (810) 732-3200
-90.69972, 38.77761, Kohl's, USA-United States, 2110 Highway K, +1 (636) 379-8815
-76.51650, 37.12566, Kohl's, USA-United States, 551 Bland Blvd, +1 (757) 988-3013
-87.94868, 42.97676, Kohl's, USA-United States, 3737 S 27th St, +1 (414) 282-3460
-82.73369, 28.01953, Kohl's, USA-United States, 2514 State Road 580, +1 (727) 725-9100
-76.25908, 43.17519, Kohl's, USA-United States, 8335 Datum Ln, +1 (315) 622-2642
-95.85484, 36.06103, Kohl's, USA-United States, 11011 E 71st St, +1 (918) 461-1950
-82.83594, 42.67098, Kohl's, USA-United States, 50500 Gratiot Ave, +1 (586) 949-0286
-89.03200, 42.36697, Kohl's, USA-United States, 10153 N 2nd St, +1 (815) 639-1009
-88.02596, 41.83604, Kohl's, USA-United States, 2920 Finley Rd, +1 (630) 629-3440
-118.55767, 34.41287, Kohl's, USA-United States, 24200 Valencia Blvd, +1 (661) 260-1205
-82.78187, 39.91596, Kohl's, USA-United States, 175 Postage Cir, +1 (614) 856-9373
-121.03582, 37.67183, Kohl's, USA-United States, 2225 Plaza Pkwy, +1 (209) 557-9870
-121.37578, 38.05585, Kohl's, USA-United States, 10850 Trinity Pkwy, +1 (209) 954-1820
-121.99848, 37.35216, Kohl's, USA-United States, 3700 El Camino Real, +1 (408) 553-0140
-72.84396, 41.67732, Kohl's, USA-United States, 200 New Britain Ave, +1 (860) 747-9667
-92.96330, 44.92803, Kohl's, USA-United States, 7100 Valley Creek Plz, +1 (651) 731-8456
-76.25158, 36.77239, Kohl's, USA-United States, 1547 Sams Cir, +1 (757) 312-0980
-119.10567, 35.38372, Kohl's, USA-United States, 9400 Rosedale Hwy, +1 (661) 588-4535
-79.90721, 36.05945, Kohl's, USA-United States, 1210 Bridford Pkwy, +1 (336) 856-2000
-94.66775, 38.91643, Kohl's, USA-United States, 11585 Metcalf Ave, +1 (913) 451-5947
-86.00814, 39.99354, Kohl's, USA-United States, 9122 E 141st St, +1 (317) 770-4150
-74.14950, 41.30749, Kohl's, USA-United States, 43 Centre Dr, +1 (845) 782-2064
-118.62349, 34.19146, Kohl's, USA-United States, 6651 Fallbrook Ave, +1 (818) 251-9850
-119.09244, 35.30840, Kohl's, USA-United States, 5253 Gosford Rd, +1 (661) 664-7410
-87.85707, 41.78365, Kohl's, USA-United States, 9350 Joliet Rd, +1 (708) 352-8242
-96.79560, 33.05650, Kohl's, USA-United States, Spring Creek Parkway And Preston Rd, +1 (972) 309-0004
-122.66585, 38.27356, Kohl's, USA-United States, 1363 N Mcdowell Blvd, +1 (707) 782-9849
-74.22394, 40.13445, Kohl's, USA-United States, 4799 Us Highway 9, +1 (732) 886-0101
-83.99231, 33.64596, Kohl's, USA-United States, 1630 Dogwood Dr Se, +1 (770) 761-6687
-84.95356, 32.54236, Kohl's, USA-United States, 5550 Whittlesey Blvd, +1 (706) 324-6152
-80.04964, 40.34453, Kohl's, USA-United States, 4000 Oxford Dr, +1 (412) 851-9240
-84.16798, 35.87761, Kohl's, USA-United States, 11530 Kingston Pike, +1 (865) 777-3800
-86.26221, 39.95131, Kohl's, USA-United States, 23 E Cedar St, +1 (317) 733-2420
-83.03248, 42.71358, Kohl's, USA-United States, 8320 26 Mile Rd, +1 (586) 677-5513
-72.62579, 42.13273, Kohl's, USA-United States, 1053 Riverdale St # A, +1 (413) 731-0991
-117.09606, 33.46876, Kohl's, USA-United States, 31870 Redhawk Pkwy, +1 (951) 302-2112
-75.43083, 39.91435, Kohl's, USA-United States, 1067 W Baltimore Pike, +1 (610) 627-2600
-83.63530, 41.69524, Kohl's, USA-United States, 4865 Monroe St, +1 (419) 473-2000
-118.71755, 34.28896, Kohl's, USA-United States, 2950 Tapo Canyon Rd, +1 (805) 526-8580
-95.26125, 30.02244, Kohl's, USA-United States, 20755 Highway 59 N, +1 (281) 548-9970
-83.47853, 42.32232, Kohl's, USA-United States, 44444 Ford Rd, +1 (734) 354-6872
-96.80409, 33.13737, Kohl's, USA-United States, 7150 Preston Rd, +1 (972) 335-3438
-110.82396, 32.22385, Kohl's, USA-United States, 199 N Pantano Rd, +1 (520) 886-0848
-118.16044, 33.83216, Kohl's, USA-United States, 2650 Carson St, +1 (562) 425-2127
-117.96395, 33.91706, Kohl's, USA-United States, 1610 W Imperial Hwy, +1 (562) 691-0675
-84.41875, 38.02483, Kohl's, USA-United States, 1988 Pavillon Way, +1 (859) 543-1772
-80.22110, 40.18706, Kohl's, USA-United States, 353 Washington Rd, +1 (724) 222-3304
-72.51193, 41.81288, Kohl's, USA-United States, 155 Tolland Tpke, +1 (860) 643-4225
-85.55574, 38.29808, Kohl's, USA-United States, 4200 Towne Center Dr, +1 (502) 326-3100
-72.91610, 41.37554, Kohl's, USA-United States, 2380 Dixwell Ave, +1 (203) 248-9656
-78.74155, 35.75438, Kohl's, USA-United States, 2350 Walnut St, +1 (919) 854-2745
-83.38518, 42.33903, Kohl's, USA-United States, 35000 Warren Rd, +1 (734) 421-4900
-97.41723, 32.81518, Kohl's, USA-United States, 6054 Azle Ave, +1 (817) 238-9147
-101.93796, 35.18857, Kohl's, USA-United States, 2610 S Soncy Rd, +1 (806) 354-8393
-88.07670, 42.37894, Kohl's, USA-United States, 230 E Rollins Rd, +1 (847) 546-0700
-71.52305, 41.87033, Kohl's, USA-United States, 371 Putnam Pike, +1 (401) 232-9013
-84.42404, 33.98011, Kohl's, USA-United States, 1289 Johnson Ferry Rd, +1 (678) 560-1296
-71.20407, 42.15496, Kohl's, USA-United States, 100 Providence Hwy, +1 (508) 660-9921
-74.16406, 40.62707, Kohl's, USA-United States, 2239 Forest Ave, +1 (718) 447-7101
-75.54953, 39.81818, Kohl's, USA-United States, 401 Rocky Run Pkwy, +1 (302) 477-9780
-87.81278, 42.10536, Kohl's, USA-United States, 2201 Willow Rd, +1 (847) 832-9400
-71.06588, 42.15498, Kohl's, USA-United States, 501 Technology Center Dr, +1 (781) 341-5980
-82.97391, 40.06083, Kohl's, USA-United States, 1700 Morse Rd, +1 (614) 841-0414
-84.52157, 39.30159, Kohl's, USA-United States, 100 Cincinnati Mills Dr, +1 (513) 671-1432
-119.75516, 39.41930, Kohl's, USA-United States, 70 Damonte Ranch Pkwy, +1 (775) 852-4444
-81.73493, 41.37838, Kohl's, USA-United States, 6860 Ridge Rd, +1 (440) 884-2600
-84.23949, 40.05550, Kohl's, USA-United States, 1869 W Main St, +1 (937) 335-0858
-86.13932, 39.71647, Kohl's, USA-United States, 3447 Shelby St, +1 (317) 784-4458
-101.88486, 33.50516, Kohl's, USA-United States, 3307 98th St, +1 (806) 445-0285
-81.21648, 33.99903, Kohl's, USA-United States, 5440 Sunset Blvd, +1 (803) 957-0397
-84.66128, 39.19491, Kohl's, USA-United States, 6580 Harrison Ave, +1 (513) 598-8600
-117.82916, 34.11830, Kohl's, USA-United States, 1225 S Lone Hill Ave, +1 (909) 592-6960
-83.59086, 41.54487, Kohl's, USA-United States, 10323 Fremont Pike, +1 (419) 874-4407
-75.17894, 39.78664, Kohl's, USA-United States, 300 Bridgeton Pike, +1 (856) 415-7802
-81.85137, 41.46024, Kohl's, USA-United States, 3221 Westgate Mall, +1 (440) 356-1500
-76.54410, 39.07595, Kohl's, USA-United States, 575 Ritchie Hwy, +1 (410) 544-6993
-117.71240, 33.56610, Kohl's, USA-United States, 27380 Heather Ridge Rd, +1 (949) 349-0023
-92.19230, 34.82555, Kohl's, USA-United States, 7600 Warden Rd, +1 (501) 833-3171
-73.50387, 40.72573, Kohl's, USA-United States, 3601 Hempstead Tpke, +1 (516) 520-4488
-97.51272, 35.66763, Kohl's, USA-United States, 2201 W Danforth Rd, +1 (405) 844-3713
-105.05317, 39.91218, Kohl's, USA-United States, 11875 Sheridan Blvd, +1 (303) 466-4900
-73.31252, 40.76179, Kohl's, USA-United States, 409 Commack Rd, +1 (631) 242-2800
-87.47101, 41.52565, Kohl's, USA-United States, 10353 Indianapolis Blvd, +1 (219) 924-1364
-117.76310, 33.69544, Kohl's, USA-United States, 14101 Jeffrey Rd, +1 (949) 451-0017
-93.55248, 45.19960, Kohl's, USA-United States, 21985 S Diamond Lake Rd, +1 (763) 425-9680
-88.00811, 42.94843, Kohl's, USA-United States, 5300 S 76th St, +1 (414) 421-9070
-86.12283, 40.00271, Kohl's, USA-United States, 2005 E Greyhound Pass, +1 (317) 844-3996
-117.34970, 34.47036, Kohl's, USA-United States, 14305 Bear Valley Rd, +1 (760) 949-8717
-117.06626, 32.59478, Kohl's, USA-United States, 1870 Main Ct, +1 (619) 482-2933
-74.86672, 40.19821, Kohl's, USA-United States, 1641 Big Oak Rd, +1 (215) 369-1050
-76.32616, 39.49756, Kohl's, USA-United States, 5 Bel Air South Pkwy, +1 (410) 569-6066
-95.26305, 29.55558, Kohl's, USA-United States, 2820 Broadway St, +1 (713) 436-4703
-78.58141, 35.69361, Kohl's, USA-United States, 185 Shenstone Ln, +1 (919) 773-9002
-78.78178, 42.79175, Kohl's, USA-United States, 3420 Amelia Dr, +1 (716) 826-7859
-80.71441, 35.13622, Kohl's, USA-United States, 9617 E Independence Blvd, +1 (704) 847-7728
-88.34089, 41.98698, Kohl's, USA-United States, 350 Randall Rd, +1 (847) 608-0741
-87.96067, 43.18262, Kohl's, USA-United States, 9060 N Green Bay Rd, +1 (414) 355-6611
-112.10033, 33.64023, Kohl's, USA-United States, 1918 W Bell Rd, +1 (602) 298-1893
-117.33075, 33.17521, Kohl's, USA-United States, 2275 Hosp Way, +1 (760) 729-3139
-93.58147, 41.71200, Kohl's, USA-United States, 1802 Se Delaware Ave, +1 (515) 963-7727
-88.20422, 41.66694, Kohl's, USA-United States, 11860 S Route 59, +1 (815) 609-1172
-83.83542, 39.94285, Kohl's, USA-United States, 1600 N Bechtle Ave, +1 (937) 328-0730
-119.85929, 36.80806, Kohl's, USA-United States, 3699 W Shaw Ave, +1 (559) 274-1470
-71.48354, 41.72015, Kohl's, USA-United States, 650 Bald Hill Rd Ste 300, +1 (401) 822-8204
-111.84160, 33.28514, Kohl's, USA-United States, 1430 S Arizona Ave, +1 (480) 782-5865
-97.78705, 32.72969, Kohl's, USA-United States, 148 E Interstate 20, +1 (817) 594-9140
-81.89793, 26.68186, Kohl's, USA-United States, 513 Pine Island Rd, +1 (239) 573-8319
-86.20608, 43.14717, Kohl's, USA-United States, 5695 Harvey St, +1 (231) 798-9522
-88.99498, 42.26693, Kohl's, USA-United States, 6125 E State St, +1 (815) 397-0048
-83.01631, 40.16193, Kohl's, USA-United States, 120 Meadow Park Ave, +1 (740) 548-7766
-89.73266, 35.05130, Kohl's, USA-United States, 3575 Houston Levee Rd, +1 (901) 850-1452
-93.55421, 37.07003, Kohl's, USA-United States, 301 Geneva Ave, +1 (417) 206-0356
-93.31111, 45.05880, Kohl's, USA-United States, 2501 County Road 10, +1 (763) 560-3665
-87.95958, 43.30674, Kohl's, USA-United States, 1953 Wisconsin Ave, +1 (262) 375-1710
-76.96602, 39.56311, Kohl's, USA-United States, 840 Market St, +1 (410) 871-3278
-117.20683, 33.56303, Kohl's, USA-United States, 24661 Madison Ave, +1 (951) 461-7512
-97.40724, 32.68217, Kohl's, USA-United States, 5520 Sw Loop 820, +1 (817) 569-7550
-81.29648, 41.68244, Kohl's, USA-United States, 9581 Mentor Ave, +1 (440) 354-5800
-80.08332, 40.68572, Kohl's, USA-United States, 1717 Route 228, +1 (724) 778-3040
-99.50883, 27.54968, Kohl's, USA-United States, 5219 Santa Maria Ave, +1 (956) 727-0501
-96.70518, 33.03498, Kohl's, USA-United States, 2704 N Central Expy, +1 (972) 309-0080
-93.75811, 41.60063, Kohl's, USA-United States, 10201 University Ave, +1 (515) 226-9888
-96.93788, 32.59709, Kohl's, USA-United States, 424 N Highway 67, +1 (972) 299-9001
-122.73792, 38.48037, Kohl's, USA-United States, 3746 Airway Dr, +1 (707) 566-9880
-83.88790, 36.03521, Kohl's, USA-United States, 5312 Washington Pike, +1 (865) 971-4100
-117.99246, 33.73033, Kohl's, USA-United States, 7777 Edinger Ave, +1 (714) 373-5317
-87.80386, 41.85025, Kohl's, USA-United States, 2200 Harlem Ave, +1 (708) 447-8199
-93.25945, 37.14189, Kohl's, USA-United States, 1909 E Independence St, +1 (417) 890-8520
-84.55560, 34.08110, Kohl's, USA-United States, 120 Woodstock Square Ave, +1 (678) 445-6079
-117.73603, 33.87452, Kohl's, USA-United States, 23001 Savi Ranch Pkwy, +1 (714) 998-8480
-82.86380, 40.05631, Kohl's, USA-United States, 4865 N Hamilton Rd, +1 (614) 428-4385
-73.56720, 40.77681, Kohl's, USA-United States, 28 Jericho Tpke, +1 (516) 338-6777
-105.18507, 39.72678, Kohl's, USA-United States, 16700 W Colfax Ave, +1 (303) 216-1113
-117.12465, 33.13463, Kohl's, USA-United States, 720 Center Dr, +1 (760) 741-1480
-77.01306, 40.24672, Kohl's, USA-United States, 6444 Carlisle Pike, +1 (717) 691-7500
-93.69797, 41.62954, Kohl's, USA-United States, 3800 Merle Hay Rd Ste 1000, +1 (515) 270-2466
-96.12584, 41.29233, Kohl's, USA-United States, 13550 W Maple Rd, +1 (402) 963-9110
-88.00128, 41.64338, Kohl's, USA-United States, 13440 S Archer Ave, +1 (630) 257-2727
-112.17583, 33.63913, Kohl's, USA-United States, 5408 W Bell Rd, +1 (602) 298-5456
-84.02382, 41.87533, Kohl's, USA-United States, 2050 E Us Highway 223, +1 (517) 264-0750
-122.43077, 45.52954, Kohl's, USA-United States, 22557 Ne Park Ln, +1 (503) 665-1327
-77.73868, 43.21595, Kohl's, USA-United States, 4100 Ridge Rd W, +1 (585) 720-0120
-75.53059, 40.19245, Kohl's, USA-United States, 989 Main St, +1 (610) 792-1555
-76.72168, 38.94770, Kohl's, USA-United States, 4200 Mitchellville Rd, +1 (301) 805-9210
-83.47944, 42.32229, Kohl's, USA-United States, 44610 Ford Rd, +1 (734) 354-0416
-73.44217, 40.67802, Kohl's, USA-United States, 5300 Sunrise Hwy, +1 (516) 541-9690
-88.18128, 43.40319, Kohl's, USA-United States, 1400 S Main St, +1 (262) 334-0381
-74.00077, 40.59503, Kohl's, USA-United States, 8973 Bay Pkwy, +1 (718) 266-6357
-81.36308, 41.33215, Kohl's, USA-United States, 475 Sycamore Ln, +1 (330) 995-5668
-76.55880, 37.15573, Kohl's, USA-United States, 380 Hickory Point Blvd, +1 (757) 988-3013
-80.31486, 36.06601, Kohl's, USA-United States, 1010 Hanes Mall Blvd, +1 (336) 659-6562
-85.61378, 38.24807, Kohl's, USA-United States, 110 Oxmoor Ln, +1 (502) 327-0020
-81.38634, 41.35391, Kohl's, USA-United States, 7185 N Aurora Rd, +1 (330) 995-5049
-80.88394, 34.11675, Kohl's, USA-United States, 10136 Two Notch Rd, +1 (803) 865-9719
-74.30142, 40.29771, Kohl's, USA-United States, 168 Us Highway 9, +1 (732) 972-7861
-121.89768, 37.41304, Kohl's, USA-United States, 1150 Great Mall Dr, +1 (408) 262-4055
-78.82358, 43.03861, Kohl's, USA-United States, 3115 Niagara Falls Blvd, +1 (716) 691-4157
-87.84020, 42.05049, Kohl's, USA-United States, 590 Golf Mill Ctr, +1 (847) 296-7600
-84.23384, 39.19600, Kohl's, USA-United States, 1128 State Route 28, +1 (513) 722-3040
-94.45802, 39.24618, Kohl's, USA-United States, 8540 Church Rd, +1 (816) 781-0567
-117.76282, 34.11277, Kohl's, USA-United States, 2229 Foothill Blvd, +1 (909) 392-3248
-97.39527, 35.43533, Kohl's, USA-United States, 7401 Se 29th St, +1 (405) 736-6992
-88.72651, 41.95113, Kohl's, USA-United States, 2306 Sycamore Rd, +1 (815) 748-3600
-88.30305, 42.22633, Kohl's, USA-United States, 5420 Northwest Hwy, +1 (815) 455-1100
-77.44678, 43.21329, Kohl's, USA-United States, 925 Holt Rd, +1 (585) 872-2810
-86.35629, 39.71802, Kohl's, USA-United States, 2685 E Main St, +1 (317) 837-8812
-81.86202, 41.16335, Kohl's, USA-United States, 4095 Pearl Rd, +1 (330) 722-1977
-92.95942, 44.83473, Kohl's, USA-United States, 7990 Hardwood Ave S, +1 (651) 768-8590
-121.96790, 37.50312, Kohl's, USA-United States, 43782 Christy St, +1 (510) 687-0460
-82.88009, 39.91921, Kohl's, USA-United States, 2800 S Hamilton Rd, +1 (614) 759-0333
-78.69681, 42.87257, Kohl's, USA-United States, 4835 Transit Rd, +1 (716) 656-8602
-86.62946, 33.64383, Kohl's, USA-United States, 5900 Chalkville Mountain Rd, +1 (205) 661-0580
-74.05199, 40.79042, Kohl's, USA-United States, 3 Mill Creek Dr, +1 (201) 553-9143
-122.49766, 45.61686, Kohl's, USA-United States, 17001 Se Mill Plain Blvd, +1 (360) 254-6594
-98.21830, 26.27163, Kohl's, USA-United States, 7900 N 10th St, +1 (956) 664-9123
-85.68755, 43.02120, Kohl's, USA-United States, 745 Center Dr Nw, +1 (616) 785-0500
-93.20317, 44.73313, Kohl's, USA-United States, 14926 Florence Trl, +1 (952) 997-3000
-81.82350, 41.31071, Kohl's, USA-United States, 17555 Southpark Ctr, +1 (440) 572-4474
-84.16658, 34.07237, Kohl's, USA-United States, 3620 Peachtree Pkwy, +1 (678) 474-4993
-94.51868, 38.81399, Kohl's, USA-United States, 914 E North Ave, +1 (816) 331-3190
-112.09986, 33.64862, Kohl's, USA-United States, 17852 N 19th Ave, +1 (602) 298-1893
-84.04935, 39.77163, Kohl's, USA-United States, 2850 Centre Dr, +1 (937) 320-0888
-74.85026, 40.50423, Kohl's, USA-United States, 325 Us Highway 202, +1 (908) 806-4059
-97.49427, 35.31356, Kohl's, USA-United States, 2600 S Telephone Rd, +1 (405) 793-2050
-77.30381, 38.65602, Kohl's, USA-United States, 13725 Foulger Sq, +1 (703) 583-7100
-71.39378, 42.29903, Kohl's, USA-United States, 1 Worcester Rd, +1 (508) 879-9103
-77.63302, 37.41983, Kohl's, USA-United States, 4701 Commonwealth Center Pkwy, +1 (804) 763-1986
-76.98580, 39.82508, Kohl's, USA-United States, 360 Eisenhower Dr, +1 (717) 637-4900
-86.02203, 39.92709, Kohl's, USA-United States, 8141 E 96th St, +1 (317) 598-1388
-81.43229, 40.86027, Kohl's, USA-United States, 5478 Dressler Rd Nw, +1 (330) 494-5200
-76.01789, 43.03458, Kohl's, USA-United States, 100 Towne Dr, +1 (315) 637-5880
-96.60628, 40.81644, Kohl's, USA-United States, 401 N 84th St, +1 (402) 484-5200
-87.71239, 42.01166, Kohl's, USA-United States, 3333 W Touhy Ave, +1 (847) 673-9140
-89.50692, 43.05426, Kohl's, USA-United States, 7401 W Towne Way, +1 (608) 833-9293
-116.92757, 32.74649, Kohl's, USA-United States, 2398 Jamacha Rd, +1 (619) 670-2330
-95.25983, 38.92507, Kohl's, USA-United States, 3240 Iowa St, +1 (785) 842-6133
-97.14871, 32.95021, Kohl's, USA-United States, Gateway Plz, +1 (817) 749-5645
-118.05981, 33.86927, Kohl's, USA-United States, 12821 Towne Center Dr, +1 (562) 403-0210
-84.61732, 33.85809, Kohl's, USA-United States, 1825 E West Connector, +1 (770) 941-3032
-96.13346, 41.22671, Kohl's, USA-United States, 3351 Oak View Dr, +1 (402) 333-3033
-96.02226, 41.17672, Kohl's, USA-United States, 8909 S 71st Ave, +1 (402) 537-0742
-88.13303, 43.18989, Kohl's, USA-United States, N95w18000 Appleton Ave, +1 (262) 251-9075
-111.98383, 33.30516, Kohl's, USA-United States, 4637 E Chandler Blvd, +1 (480) 785-7561
-95.94943, 36.02620, Kohl's, USA-United States, 9595 S Delaware Ave, +1 (918) 299-5073
-88.11969, 41.70378, Kohl's, USA-United States, 1138 W Boughton Rd, +1 (630) 759-9883
-121.55032, 37.00117, Kohl's, USA-United States, 6765 Camino Arroyo, +1 (408) 848-2032
-76.95513, 39.05748, Kohl's, USA-United States, 12024 Cherry Hill Rd, +1 (301) 572-5576
-84.64097, 39.01280, Kohl's, USA-United States, 61 Spiral Dr, +1 (859) 647-6817
-95.58953, 30.01070, Kohl's, USA-United States, 22529 State Highway 249, +1 (281) 257-3908
-84.14632, 33.95053, Kohl's, USA-United States, 2050 W Liddell Rd, +1 (678) 417-1818
-84.69040, 33.87480, Kohl's, USA-United States, 1825 E West Connector Sw, +1 (770) 941-3032
-89.79277, 35.19148, Kohl's, USA-United States, 2335 N Germantown Pkwy, +1 (901) 213-4019
-76.13384, 36.84383, Kohl's, USA-United States, 4564 Virginia Beach Blvd, +1 (757) 473-1017
-80.30744, 40.68118, Kohl's, USA-United States, 97 Wagner Rd, +1 (724) 774-0434
-95.60224, 29.92320, Kohl's, USA-United States, 12330 Fm 1960 Rd W, +1 (832) 237-3144
-72.64842, 41.67496, Kohl's, USA-United States, 1899 Silas Deane Hwy, +1 (860) 721-0777
-96.45969, 32.89964, Kohl's, USA-United States, 823 E Interstate 30, +1 (972) 772-5920
-111.70308, 33.45176, Kohl's, USA-United States, 5933 E Mckellips Rd, +1 (480) 924-8527
-117.71565, 33.99696, Kohl's, USA-United States, 4093 Grand Ave, +1 (909) 591-8525
-74.94990, 40.10356, Kohl's, USA-United States, 2325 Street Rd, +1 (215) 244-2540
-87.84637, 42.71904, Kohl's, USA-United States, 5500 Washington Ave, +1 (262) 632-2101
-84.27898, 39.10322, Kohl's, USA-United States, 4607 Eastgate Blvd, +1 (513) 752-7453
-83.32776, 43.04343, Kohl's, USA-United States, 1880 Demille Rd, +1 (810) 245-3866
-104.77057, 39.51077, Kohl's, USA-United States, 11485 S Twenty Mile Rd, +1 (303) 805-5538
-87.85151, 41.61450, Kohl's, USA-United States, 3 Orland Park Pl, +1 (708) 460-7800
-95.15847, 29.55727, Kohl's, USA-United States, 18178 Gulf Fwy, +1 (281) 286-2161
-96.77081, 43.51044, Kohl's, USA-United States, 3800 S Louise Ave, +1 (605) 361-4336
-86.69702, 33.41618, Kohl's, USA-United States, 1100 Inverness Cors, +1 (205) 980-4770
-105.16209, 39.96030, Kohl's, USA-United States, 919 W Dillon Rd, +1 (303) 665-2200
-93.10623, 45.18292, Kohl's, USA-United States, 733 Apollo Dr, +1 (651) 784-0418
-74.03622, 40.72636, Kohl's, USA-United States, 40 Mall Dr E, +1 (201) 656-5420
-90.42685, 38.75141, Kohl's, USA-United States, 12222 Saint Charles Rock Rd, +1 (314) 739-7622
-71.32521, 41.79273, Kohl's, USA-United States, Providence, +1 (508) 336-2109
-83.99315, 33.97242, Kohl's, USA-United States, 630 Collins Hill Rd, +1 (678) 442-6646
-88.33561, 42.16285, Kohl's, USA-United States, 734 S Randall Rd, +1 (847) 658-7441
-88.20930, 41.76084, Kohl's, USA-United States, 4340 Fox Valley Center Dr, +1 (630) 820-1011
-97.67116, 30.42350, Kohl's, USA-United States, 13609 N I H 35, +1 (512) 670-7778
-86.08387, 39.66603, Kohl's, USA-United States, 4850 E Southport Rd, +1 (317) 782-3616
-97.65057, 35.56148, Kohl's, USA-United States, 9001 Nw Passage, +1 (405) 621-1779
-115.28344, 36.15886, Kohl's, USA-United States, 8671 W Charleston Blvd, +1 (702) 387-3191
-73.40928, 41.43616, Kohl's, USA-United States, 106 Federal Rd, +1 (203) 740-2000
-74.14462, 40.82874, Kohl's, USA-United States, 14 Main Ave, +1 (973) 661-9470
-82.92084, 40.10410, Kohl's, USA-United States, 133 Huber Village Blvd, +1 (614) 794-3363
-120.88061, 37.51872, Kohl's, USA-United States, 2751 Countryside Dr, +1 (209) 656-0430
-93.49984, 44.77393, Kohl's, USA-United States, 1529 17th Ave E, +1 (952) 233-8733
-117.63023, 33.55584, Kohl's, USA-United States, 27702 Antonio Pkwy, +1 (949) 365-0034
-75.63682, 40.02623, Kohl's, USA-United States, 200 W Lincoln Hwy, +1 (610) 280-1140
-86.14419, 39.87240, Kohl's, USA-United States, 819 E 64th St, +1 (317) 254-3800
-75.30102, 40.25194, Kohl's, USA-United States, 2333 W Main St # D, +1 (215) 412-4150
-105.08132, 39.65987, Kohl's, USA-United States, 3150 S Wadsworth Blvd, +1 (303) 989-0308
-81.94415, 40.84567, Kohl's, USA-United States, 3792 Burbank Rd, +1 (330) 345-6358
-93.16429, 44.83029, Kohl's, USA-United States, 1350 Town Centre Dr, +1 (651) 688-8388
-84.47380, 37.87270, Kohl's, USA-United States, 150 Kohls Dr, +1 (859) 885-5055
-81.73019, 28.52318, Kohl's, USA-United States, 12305 Us Highway 27, +1 (352) 394-0441
-85.59235, 42.91590, Kohl's, USA-United States, 3131 Woodland Dr Se, +1 (616) 957-0110
-84.28314, 33.54372, Kohl's, USA-United States, 5005 Mount Zion Pkwy, +1 (678) 565-0556
-79.68370, 40.31733, Kohl's, USA-United States, 2 Barnes Lake Rd, +1 (724) 863-7386
-76.42442, 40.32041, Kohl's, USA-United States, 1261 Quentin Rd, +1 (717) 277-0951
-105.06336, 40.52336, Kohl's, USA-United States, 813 E Harmony Rd, +1 (970) 223-0400
-78.60128, 35.90712, Kohl's, USA-United States, 9700 Falls Of Neuse Rd, +1 (919) 518-0569
-111.97713, 33.67884, Kohl's, USA-United States, 21001 N Tatum Blvd, +1 (602) 538-1750
-74.21113, 39.96448, Kohl's, USA-United States, 33 Route 37 W, +1 (732) 736-9330
-89.35191, 43.04619, Kohl's, USA-United States, 2501 W Broadway, +1 (608) 221-4700
-97.38307, 27.68539, Kohl's, USA-United States, 5626 Saratoga Blvd, +1 (361) 992-3726
-97.69367, 30.63286, Kohl's, USA-United States, 1019 W University Ave, +1 (512) 864-3228
-83.18638, 42.54298, Kohl's, USA-United States, 1265 Coolidge Hwy, +1 (248) 822-9101
-117.52500, 33.82909, Kohl's, USA-United States, 2489 Tuscany St, +1 (951) 272-1137
-117.32660, 33.88807, Kohl's, USA-United States, 19260 Van Buren Blvd, +1 (951) 780-0785
-88.18675, 43.02819, Kohl's, USA-United States, 2130 E Moreland Blvd, +1 (262) 547-6323
-121.75402, 37.96173, Kohl's, USA-United States, 5511 Lone Tree Way, +1 (925) 513-3370
-116.99239, 32.83876, Kohl's, USA-United States, 9412 Mission Gorge Rd, +1 (619) 258-4270
-78.14884, 39.13881, Kohl's, USA-United States, 300 Admiral Byrd Dr, +1 (540) 723-4000
-117.88601, 33.76023, Kohl's, USA-United States, 1351 W 17th St, +1 (714) 973-9383
-94.72926, 38.95636, Kohl's, USA-United States, 12381 W 95th St, +1 (913) 438-0806
-71.49467, 42.14851, Kohl's, USA-United States, 91 Medway Rd, +1 (508) 634-3690
-88.26701, 42.36150, Kohl's, USA-United States, 2450 N Richmond Rd, +1 (815) 344-0024
-73.05117, 40.92172, Kohl's, USA-United States, 5000 Nesconset Hwy, +1 (631) 642-1730
-73.49310, 41.29470, Kohl's, USA-United States, 125 Danbury Rd, +1 (203) 438-7767
-74.27164, 40.94361, Kohl's, USA-United States, 1800 State Route 23, +1 (973) 696-6514
-83.34333, 42.45112, Kohl's, USA-United States, 30150 Grand River Ave, +1 (248) 442-8999
-118.07226, 33.78335, Kohl's, USA-United States, 12345 Seal Beach Blvd, +1 (562) 594-3831
-81.20460, 28.55137, Kohl's, USA-United States, 422 N Alafaya Trl, +1 (407) 282-0169
-122.79007, 45.49136, Kohl's, USA-United States, 11055 Sw Canyon Rd, +1 (503) 350-0407
-86.62477, 33.64199, Kohl's, USA-United States, 5900 Chalkville Rd, +1 (205) 661-1557
-122.21358, 38.13599, Kohl's, USA-United States, 1190 Admiral Callaghan Ln, +1 (707) 649-9851
-76.94741, 39.40799, Kohl's, USA-United States, 1324 Londontown Blvd, +1 (410) 549-7707
-105.13107, 40.14578, Kohl's, USA-United States, 1211 S Hover St, +1 (720) 494-0400
-71.49343, 42.14831, Kohl's, USA-United States, 91 Medway Rd, +1 (508) 634-3690
-118.92257, 34.18376, Kohl's, USA-United States, 1960 Newbury Rd, +1 (805) 499-8061
-77.24525, 39.19875, Kohl's, USA-United States, 20918 Frederick Rd, +1 (301) 515-6050
-119.22442, 34.26346, Kohl's, USA-United States, 4950 Telephone Rd, +1 (805) 642-0474
-74.00273, 41.09394, Kohl's, USA-United States, 220 E Route 59, +1 (845) 627-2002
-98.46041, 29.60656, Kohl's, USA-United States, 1950 N Loop 1604 E, +1 (210) 490-2973
-93.18471, 44.79033, Kohl's, USA-United States, 1651 Cliff Rd, +1 (651) 636-8322
-98.32883, 29.56455, Kohl's, USA-United States, 8098 Agora Pkwy, +1 (210) 566-2597
-93.42309, 44.85172, Kohl's, USA-United States, 450 Prairie Center Dr, +1 (952) 829-1314
-97.68917, 30.48120, Kohl's, USA-United States, 200 Sundance Pkwy, +1 (512) 248-8882
-86.64114, 36.18122, Kohl's, USA-United States, 2330 Jackson Downs Blvd, +1 (615) 885-1378
-91.63577, 42.02785, Kohl's, USA-United States, 361 Collins Rd Ne, +1 (319) 393-9234
-81.45412, 41.53913, Kohl's, USA-United States, 6245 Wilson Mills Rd, +1 (440) 442-6300
-117.04737, 32.93787, Kohl's, USA-United States, 12880 Gregg Ct, +1 (858) 668-2860
-88.06973, 42.04996, Kohl's, USA-United States, 410 E Golf Rd, +1 (847) 885-3266
-98.66371, 29.55009, Kohl's, USA-United States, 11781 Bandera Rd, +1 (210) 647-7268
-81.42075, 28.66563, Kohl's, USA-United States, 945 W State Road 436, +1 (407) 788-2480
-115.28762, 36.28083, Kohl's, USA-United States, 6700 N Durango Dr, +1 (702) 655-2175
-93.44974, 45.10145, Kohl's, USA-United States, 8080 Wedgewood Ln N, +1 (763) 420-4919
-75.28803, 40.16583, Kohl's, USA-United States, 1301 Skippack Pike, +1 (610) 239-1980
-73.41212, 40.80041, Kohl's, USA-United States, 834 Walt Whitman Rd, +1 (631) 424-7339
-87.96415, 42.38517, Kohl's, USA-United States, 6525 Grand Ave, +1 (847) 855-0707
-74.09865, 40.39012, Kohl's, USA-United States, 800 State Route 35, +1 (732) 706-1669
-117.83919, 33.82190, Kohl's, USA-United States, 2001 N Lincoln St, +1 (714) 685-0815
-121.91828, 37.52780, Kohl's, USA-United States, 43600 Mission Blvd, +1 (510) 659-6221
-95.37915, 29.55586, Kohl's, USA-United States, 10318 Broadway St, +1 (713) 436-4703
-87.63658, 41.56915, Kohl's, USA-United States, 17620 Halsted St, +1 (708) 957-0124
-87.89001, 41.48828, Kohl's, USA-United States, 22077 Thyme Ln, +1 (815) 469-8195
-88.73012, 41.94835, Kohl's, USA-United States, 2070 Sycamore Rd, +1 (815) 748-3600
-96.64089, 33.16871, Kohl's, USA-United States, 3001 S Central Expy, +1 (214) 544-3535
-84.74177, 33.88706, Kohl's, USA-United States, 5220 Jimmy Lee Smith Pkwy, +1 (678) 567-0151
-97.06674, 33.03506, Kohl's, USA-United States, 2501 Cross Timbers Rd, +1 (972) 691-1106
-97.02122, 33.05703, Kohl's, USA-United States, 1001 Valley Ridge Blvd, +1 (972) 353-3438
-84.36127, 39.35247, Kohl's, USA-United States, 7935 Tylersville Rd, +1 (513) 755-8823
-70.98845, 41.64805, Kohl's, USA-United States, 81 Faunce Corner Rd, +1 (508) 994-7031
-80.10469, 36.10805, Kohl's, USA-United States, 224 Harmon Creek Rd, +1 (336) 993-2400
-118.14746, 34.60665, Kohl's, USA-United States, 39850 10th St W, +1 (661) 265-7885
-77.40114, 38.96026, Kohl's, USA-United States, 2100 Centreville Rd, +1 (703) 437-8787
-117.18652, 34.03856, Kohl's, USA-United States, 27629 W San Bernardino Ave, +1 (909) 307-2056
-87.85118, 41.15884, Kohl's, USA-United States, 2006 Kinzie Ave, +1 (815) 939-0478
-87.91275, 42.88159, Kohl's, USA-United States, 9035 S Howell Ave, +1 (414) 764-7200
-97.24484, 37.74801, Kohl's, USA-United States, 3561 N Rock Rd, +1 (316) 636-1126
-105.17564, 39.81249, Kohl's, USA-United States, 15680 W 64th Ave, +1 (303) 403-8362
-81.49221, 40.98993, Kohl's, USA-United States, 2975 S Arlington Rd, +1 (330) 245-0958
-110.97592, 32.34829, Kohl's, USA-United States, 7785 N Oracle Rd, +1 (520) 297-0114
-72.83074, 41.27497, Kohl's, USA-United States, 1075 W Main St, +1 (203) 481-2375
-87.95515, 42.38345, Kohl's, USA-United States, 6120 Grand Ave, +1 (847) 855-0928
-104.74230, 40.39573, Kohl's, USA-United States, 4224 Centerplace Dr, +1 (970) 330-0489
-88.76127, 43.08331, Kohl's, USA-United States, 510 Wright Rd, +1 (920) 699-7606
-86.10735, 39.91008, Kohl's, USA-United States, 8487 Union Chapel Rd Ste 960, +1 (317) 722-0980
-117.62879, 33.56454, Kohl's, USA-United States, 27426 Antonio Pkwy, +1 (949) 365-0034
-73.44510, 41.09766, Kohl's, USA-United States, 500 Connecticut Ave, +1 (203) 838-4144
-112.02471, 40.70513, Kohl's, USA-United States, 3031 S 5600 W, +1 (801) 955-9174
-80.00614, 40.52696, Kohl's, USA-United States, 4801 Mcknight Rd, +1 (412) 358-8730
-81.69459, 28.39786, Kohl's, USA-United States, 15715 Green Cove Blvd, +1 (352) 394-1080
-96.95959, 32.91773, Kohl's, USA-United States, 1035 Market Pl, +1 (214) 574-5750
-89.95106, 38.78981, Kohl's, USA-United States, 2120 Troy Rd, +1 (618) 692-4710
-111.80833, 33.37876, Kohl's, USA-United States, 1121 E Baseline Rd, +1 (480) 926-0290
-84.30440, 39.29092, Kohl's, USA-United States, 9201 Fields Ertel Rd, +1 (513) 583-7664
-77.38920, 39.02767, Kohl's, USA-United States, 21245 Signal Hill Plz, +1 (703) 430-3487
-89.00127, 42.71260, Kohl's, USA-United States, 2500 Milton Ave, +1 (608) 752-9700
-83.86229, 42.58522, Kohl's, USA-United States, 1400 Lawson Dr, +1 (517) 540-9781
-84.73405, 33.72343, Kohl's, USA-United States, 2989 Chapel Hill Rd, +1 (678) 838-2662
-106.57733, 31.86681, Kohl's, USA-United States, 5680 N Desert Blvd, +1 (915) 585-1422
-77.60122, 37.64945, Kohl's, USA-United States, 11240 W Broad St, +1 (804) 364-3270
-87.74558, 41.65293, Kohl's, USA-United States, 13130 Rivercrest Dr, +1 (708) 385-9335
-75.65243, 39.72699, Kohl's, USA-United States, 4437 Kirkwood Hwy, +1 (302) 633-9960
-88.26495, 42.99125, Kohl's, USA-United States, 2200 W Saint Paul Ave, +1 (262) 650-0797
-73.22597, 41.17715, Kohl's, USA-United States, 190 Tunxis Hill Rd, +1 (203) 330-8191
-87.94196, 42.22979, Kohl's, USA-United States, 235 N Milwaukee Ave, +1 (847) 913-9800
-117.29873, 33.17793, Kohl's, USA-United States, 3410 Marron Rd, +1 (760) 730-3520
-83.10681, 42.53753, Kohl's, USA-United States, 500 John R Rd, +1 (248) 585-2400
-88.11273, 41.95106, Kohl's, USA-United States, 6 Stratford Square Mall, +1 (630) 351-6300
-121.16770, 38.67104, Kohl's, USA-United States, 1013 Riley St, +1 (916) 983-9970
-84.03571, 35.92790, Kohl's, USA-United States, 220 Morrell Rd, +1 (865) 769-9090
-111.89457, 33.61843, Kohl's, USA-United States, 8680 E Raintree Dr, +1 (480) 609-9830
-111.97920, 40.61683, Kohl's, USA-United States, 7349 Plaza Center Dr, +1 (801) 282-0935
-77.38054, 38.85831, Kohl's, USA-United States, 12551 Fair Lakes Cir, +1 (703) 802-8063
-84.41970, 39.00000, Kohl's, USA-United States, 395 Cross Roads Dr, +1 (859) 781-5095
-86.08739, 42.81916, Kohl's, USA-United States, 12288 Felch St, +1 (616) 393-7777
-105.10966, 39.56383, Kohl's, USA-United States, 8444 S Kipling Pkwy, +1 (720) 922-9000
-86.82101, 35.93737, Kohl's, USA-United States, 300 Spring Creek Dr, +1 (615) 771-3772
-81.39141, 41.35712, Kohl's, USA-United States, 7005 N Aurora Rd, +1 (330) 562-4055
-73.64044, 40.62264, Kohl's, USA-United States, 3600 Long Beach Rd, +1 (516) 763-4788
-84.33561, 39.49321, Kohl's, USA-United States, 6825 Roosevelt Ave, +1 (513) 422-3331
-97.13467, 32.65917, Kohl's, USA-United States, 5410 S Cooper St, +1 (817) 417-6540
-116.96431, 32.64884, Kohl's, USA-United States, 2325 Otay Lakes Rd, +1 (619) 591-5920
-93.16919, 45.01495, Kohl's, USA-United States, 1651 County Road B2 W, +1 (651) 636-8322
-74.45848, 40.84105, Kohl's, USA-United States, 1711 State Route 10, +1 (973) 829-0197
-82.01406, 41.46167, Kohl's, USA-United States, 35906 Detroit Rd, +1 (440) 937-4166
-87.91621, 43.11964, Kohl's, USA-United States, 5700 N Port Washington Rd, +1 (414) 961-0909
-111.59815, 33.44480, Kohl's, USA-United States, 1632 N Signal Butte Rd, +1 (480) 357-3158
-121.41787, 38.40704, Kohl's, USA-United States, 9650 Bruceville Rd, +1 (916) 714-6470
-96.91570, 33.02165, Kohl's, USA-United States, 4120 Old Denton Rd, +1 (972) 939-2887
-89.96991, 34.96273, Kohl's, USA-United States, 1160 Goodman Rd E, +1 (662) 536-3151
-83.34205, 42.45060, Kohl's, USA-United States, 30010 Grand River Ave, +1 (248) 476-4650
-94.77379, 38.88383, Kohl's, USA-United States, 16250 W 135th St, +1 (913) 780-9300
-86.62070, 36.33302, Kohl's, USA-United States, 1030 Glenbrook Way, +1 (615) 826-2048
-117.47503, 34.15018, Kohl's, USA-United States, 14963 Summit Ave, +1 (909) 463-9812
-97.32005, 32.56285, Kohl's, USA-United States, 1173 N Burleson Blvd, +1 (817) 426-0339
-86.25875, 39.79512, Kohl's, USA-United States, 5660 Crawfordsville Rd, +1 (317) 244-7666
-73.15010, 41.23307, Kohl's, USA-United States, 100 Hawley Ln, +1 (203) 378-8199
-77.16838, 40.19517, Kohl's, USA-United States, 226 York Rd, +1 (717) 243-4595
-83.24843, 42.20115, Kohl's, USA-United States, 14500 Racho Blvd, +1 (734) 374-0203
-92.42815, 34.75416, Kohl's, USA-United States, 13909 Chenal Pkwy, +1 (501) 312-8000
-77.20077, 39.11687, Kohl's, USA-United States, 9871 Washingtonian Blvd, +1 (301) 963-2244
-111.09486, 32.35705, Kohl's, USA-United States, 5850 W Arizona Pavilions Dr, +1 (520) 572-6890
