-122.62730, 47.61560, Lowe's, USA-Bremerton
-80.93661, 35.14668, Lowe's, USA-S W Charlotte
-116.96527, 32.64824, Lowe's, USA-Eastlake
-82.82302, 37.82625, Lowe's, USA-Paintsville
-78.39741, 41.03455, Lowe's, USA-Clearfield
-101.93810, 33.54430, Lowe's, USA-Lubbock
-81.94544, 40.84566, Lowe's, USA-Wooster
-81.47631, 41.16734, Lowe's, USA-Stow
-76.61430, 39.19390, Lowe's, USA-Glen Burnie
-93.50833, 41.64336, Lowe's, USA-Altoona
-81.75634, 32.43432, Lowe's, USA-Statesboro
-84.20592, 40.28975, Lowe's, USA-Sidney
-80.58146, 37.15156, Lowe's, USA-Pulaski County (Fairlawn)
-119.76517, 39.15036, Lowe's, USA-Carson City
-117.33669, 33.69334, Lowe's, USA-Lake Elsinore
-71.64538, 42.28087, Lowe's, USA-Westborough
-74.72329, 41.35316, Lowe's, USA-Matamoras
-87.47277, 36.81828, Lowe's, USA-Hopkinsville
-84.28106, 34.09514, Lowe's, USA-N Alpharetta
-76.08214, 38.78262, Lowe's, USA-Easton
-95.46139, 30.20855, Lowe's, USA-The Woodlands
-88.89436, 30.45720, Lowe's, USA-D'iberville
-82.28010, 34.93590, Lowe's, USA-Greer
-96.60747, 33.66622, Lowe's, USA-Sherman
-86.68198, 33.41950, Lowe's, USA-Inverness
-84.25940, 39.18850, Lowe's, USA-Milford (Miami Twp)
-81.47180, 30.32000, Lowe's, USA-N E Jacksonville
-87.46880, 41.51810, Lowe's, USA-Schererville
-86.57346, 30.73142, Lowe's, USA-Crestview
-82.98096, 40.14020, Lowe's, USA-N Columbus
-89.83954, 34.96752, Lowe's, USA-Olive Branch
-84.37598, 33.91629, Lowe's, USA-Sandy Springs
-84.18160, 33.43030, Lowe's, USA-Mcdonough
-113.55560, 37.10028, Lowe's, USA-St George
-81.21149, 34.00241, Lowe's, USA-Lexington
-88.37507, 41.78078, Lowe's, USA-Aurora
-75.45812, 44.70527, Lowe's, USA-Ogdensburg
-70.93790, 42.24430, Lowe's, USA-Weymouth
-121.55121, 37.00519, Lowe's, USA-Gilroy
-82.84955, 31.48383, Lowe's, USA-Douglas
-108.58571, 39.08016, Lowe's, USA-Grand Junction
-74.22390, 40.13790, Lowe's, USA-Howell
-81.07224, 36.96612, Lowe's, USA-Wythville
-87.95314, 42.91853, Lowe's, USA-Franklin
-97.14690, 32.59410, Lowe's, USA-Mansfield
-80.64305, 34.24868, Lowe's, USA-Camden
-74.94240, 40.01960, Lowe's, USA-Delran
-96.40886, 34.00300, Lowe's, USA-Durant
-99.76521, 32.40161, Lowe's, USA-Abilene
-122.68057, 45.59363, Lowe's, USA-Portland - Delta Park
-80.61110, 35.42620, Lowe's, USA-Concord
-85.75571, 38.32808, Lowe's, USA-Clarksville
-76.09660, 36.81240, Lowe's, USA-Virginia Beach
-87.63738, 37.97659, Lowe's, USA-W Evansville
-75.66629, 40.01982, Lowe's, USA-E Caln Twp (Downingtown)
-74.63380, 40.20080, Lowe's, USA-Hamilton
-76.97220, 39.56460, Lowe's, USA-Westminster
-97.48181, 35.22328, Lowe's, USA-Norman
-86.32678, 41.36186, Lowe's, USA-Plymouth
-77.61420, 37.51480, Lowe's, USA-Midlothian
-83.28377, 42.50029, Lowe's, USA-Southfield
-86.88163, 36.48961, Lowe's, USA-Springfield
-82.67980, 38.49900, Lowe's, USA-Russel / Ashland
-82.18402, 29.14923, Lowe's, USA-Ocala
-86.12106, 39.86715, Lowe's, USA-C Indianapolis
-81.88516, 34.97047, Lowe's, USA-E Spartanburg
-96.99568, 28.87276, Lowe's, USA-Victoria
-78.96690, 35.06730, Lowe's, USA-Fayetteville
-93.27393, 38.71139, Lowe's, USA-Sedalia
-80.15020, 33.03730, Lowe's, USA-Summerville
-95.16588, 29.99911, Lowe's, USA-Atascocita
-81.31130, 28.50770, Lowe's, USA-S E Orlando
-83.66986, 41.61630, Lowe's, USA-S W Toledo
-77.41150, 37.34770, Lowe's, USA-Chester
-76.82320, 38.89350, Lowe's, USA-Largo
-89.58192, 36.86199, Lowe's, USA-Sikeston
-87.49524, 38.69462, Lowe's, USA-Vincennes
-83.45474, 42.65874, Lowe's, USA-White Lake
-74.25811, 40.69433, Lowe's, USA-Union
-86.59327, 36.31442, Lowe's, USA-Hendersonville
-80.83454, 38.31044, Lowe's, USA-Summersville
-97.46183, 35.65092, Lowe's, USA-Edmond
-81.60275, 31.81839, Lowe's, USA-Hinesville
-75.02695, 42.44937, Lowe's, USA-Oneonta
-81.10705, 29.26058, Lowe's, USA-Ormond Beach
-94.09939, 33.44565, Lowe's, USA-Texarkana
-95.33134, 35.77072, Lowe's, USA-Muskogee
-80.86525, 35.44636, Lowe's, USA-Huntersville
-70.70930, 41.97310, Lowe's, USA-Kingston
-75.55010, 39.19470, Lowe's, USA-Dover
-77.08220, 38.77250, Lowe's, USA-Alexandria
-122.06440, 37.60080, Lowe's, USA-Union City
-75.65990, 39.63300, Lowe's, USA-Christiana
-80.07611, 26.51361, Lowe's, USA-Boynton Beach
-90.47710, 31.25816, Lowe's, USA-Mccomb
-86.81766, 35.94505, Lowe's, USA-Franklin
-77.40916, 38.46748, Lowe's, USA-Stafford
-74.60908, 39.43522, Lowe's, USA-Egg Harbor
-74.18639, 42.97218, Lowe's, USA-Amsterdam
-77.60770, 34.45108, Lowe's, USA-Surf City
-98.44646, 34.62161, Lowe's, USA-Lawton
-76.98380, 39.82620, Lowe's, USA-Hanover
-82.90527, 39.97374, Lowe's, USA-E Columbus (Whitehall)
-81.83785, 27.90272, Lowe's, USA-Bartow
-80.72684, 32.42702, Lowe's, USA-Beaufort
-81.41791, 28.33988, Lowe's, USA-N Kissimmee
-94.74079, 39.11751, Lowe's, USA-Kansas City
-81.25158, 37.24069, Lowe's, USA-Bluefield
-94.47917, 37.06209, Lowe's, USA-Joplin
-75.92776, 40.37423, Lowe's, USA-Reading
-81.76980, 26.22190, Lowe's, USA-Naples
-85.16613, 40.77170, Lowe's, USA-Bluffton
-103.19411, 34.43516, Lowe's, USA-Clovis
-80.04668, 32.93756, Lowe's, USA-N Charleston
-75.14007, 40.15704, Lowe's, USA-Upper Moreland
-80.43409, 37.81220, Lowe's, USA-Lewisburg
-93.33791, 45.19741, Lowe's, USA-Coon Rapids
-80.25810, 35.79020, Lowe's, USA-Lexington
-82.12220, 27.98740, Lowe's, USA-Plant City
-86.42624, 42.08181, Lowe's, USA-Benton Harbor
-75.66045, 40.22731, Lowe's, USA-Pottstown
-122.46010, 48.77110, Lowe's, USA-Bellingham
-96.69715, 33.05543, Lowe's, USA-E Plano
-82.86164, 38.73532, Lowe's, USA-Wheelersburg
-76.46022, 39.37156, Lowe's, USA-White Marsh
-95.63217, 29.59294, Lowe's, USA-Sugar Land
-81.24094, 28.65421, Lowe's, USA-Oviedo
-82.19788, 34.20242, Lowe's, USA-Greenwood
-78.56074, 35.59691, Lowe's, USA-Clayton
-111.72089, 33.38764, Lowe's, USA-E Mesa
-74.17370, 39.99210, Lowe's, USA-Toms River
-78.99678, 33.79203, Lowe's, USA-Conway
-87.68092, 30.36668, Lowe's, USA-Foley
-106.64860, 35.20260, Lowe's, USA-N W Albuquerque
-97.12220, 32.68047, Lowe's, USA-S Arlington
-93.45906, 37.13193, Lowe's, USA-Republic
-75.89720, 42.15910, Lowe's, USA-Binghamton
-73.89200, 42.77160, Lowe's, USA-Niskayuna
-77.24069, 42.87271, Lowe's, USA-Canandaigua
-122.29714, 47.57933, Lowe's, USA-Rainier
-121.15615, 38.67141, Lowe's, USA-Folsom
-97.78532, 32.72828, Lowe's, USA-Weatherford
-89.91598, 34.31123, Lowe's, USA-Batesville
-122.20208, 47.87752, Lowe's, USA-Millcreek
-122.98920, 44.91390, Lowe's, USA-Salem
-91.00580, 38.53820, Lowe's, USA-Washington
-88.72360, 41.94870, Lowe's, USA-De Kalb
-76.82008, 40.27908, Lowe's, USA-Harrisburg
-80.08650, 26.80681, Lowe's, USA-Lake Park
-80.09350, 40.68580, Lowe's, USA-Cranberry Twp
-104.88312, 39.59654, Lowe's, USA-Greenwood Village
-115.56807, 32.81227, Lowe's, USA-El Centro
-115.11156, 36.15714, Lowe's, USA-Sunrise
-80.15740, 26.16730, Lowe's, USA-Oakland Park
-84.22310, 31.60890, Lowe's, USA-Albany
-79.96890, 32.74740, Lowe's, USA-James Island
-117.45210, 33.91720, Lowe's, USA-Riverside
-120.31985, 47.44180, Lowe's, USA-Wenatchee
-88.34075, 41.90144, Lowe's, USA-St Charles
-75.45299, 40.12890, Lowe's, USA-Oaks
-95.45560, 29.68790, Lowe's, USA-Meyerland
-89.78530, 35.20600, Lowe's, USA-E Bartlett
-97.94544, 30.30649, Lowe's, USA-Bee Cave
-97.72030, 31.09010, Lowe's, USA-Killeen
-78.74144, 35.75994, Lowe's, USA-Cary
-79.99311, 39.62762, Lowe's, USA-S Morgantown
-96.89973, 32.76417, Lowe's, USA-W Dallas
-92.06760, 30.52900, Lowe's, USA-Opelousas
-87.21790, 30.48100, Lowe's, USA-Pensacola
-82.09240, 33.50810, Lowe's, USA-Augusta
-74.88549, 39.01437, Lowe's, USA-Cape May
-82.40894, 28.53321, Lowe's, USA-Brooksville
-80.74260, 35.29280, Lowe's, USA-N Charlotte
-95.38790, 32.47230, Lowe's, USA-Lindale
-88.71394, 34.31682, Lowe's, USA-Tupelo
-82.06911, 39.33663, Lowe's, USA-Athens
-75.64936, 41.45487, Lowe's, USA-Scranton
-81.21125, 34.98465, Lowe's, USA-York
-81.89592, 35.33878, Lowe's, USA-Forest City
-89.40016, 36.05342, Lowe's, USA-Dyersburg
-76.00770, 40.96727, Lowe's, USA-Hazleton
-80.84685, 28.55503, Lowe's, USA-Titusville
-104.70328, 38.72188, Lowe's, USA-Fountain
-97.40377, 35.43634, Lowe's, USA-Midwest City
-81.14370, 31.97990, Lowe's, USA-S Savannah
-78.74670, 42.79722, Lowe's, USA-Orchard Park
-88.12650, 30.68301, Lowe's, USA-Mobile
-122.85461, 42.36866, Lowe's, USA-Medford
-79.38080, 40.28560, Lowe's, USA-Latrobe
-84.17415, 33.93102, Lowe's, USA-Norcross
-79.91044, 40.41162, Lowe's, USA-Homestead
-117.72206, 33.57998, Lowe's, USA-Aliso Viejo
-93.22950, 36.61297, Lowe's, USA-Branson - (Hollister)
-90.67510, 35.82000, Lowe's, USA-Jonesboro
-95.63636, 30.08996, Lowe's, USA-Tomball
-86.57490, 39.16630, Lowe's, USA-Bloomington
-83.32606, 36.20615, Lowe's, USA-Morristown
-84.62360, 39.02030, Lowe's, USA-Florence
-116.59662, 43.60353, Lowe's, USA-Nampa
-94.34854, 32.55327, Lowe's, USA-Marshall
-77.42370, 38.89560, Lowe's, USA-Chantilly
-95.59055, 29.73520, Lowe's, USA-Royal Oaks
-106.58040, 35.17192, Lowe's, USA-N E Albuquerque
-78.71989, 35.87002, Lowe's, USA-W Raleigh
-111.90189, 40.67092, Lowe's, USA-Murray
-84.89765, 38.16347, Lowe's, USA-Frankfort
-105.09875, 40.15030, Lowe's, USA-Longmont
-95.62918, 36.29091, Lowe's, USA-Claremore
-86.24014, 35.39212, Lowe's, USA-Tullahoma
-90.44553, 38.51039, Lowe's, USA-Fenton
-83.71084, 41.67477, Lowe's, USA-Sylvania Township
-94.65851, 31.65375, Lowe's, USA-Nacogdoches
-112.11860, 33.60830, Lowe's, USA-N Phoenix
-77.90123, 40.81789, Lowe's, USA-State College
-74.01986, 40.80512, Lowe's, USA-N Bergen
-69.90747, 43.90989, Lowe's, USA-Brunswick
-82.37437, 29.62614, Lowe's, USA-S W Gainesville
-80.86556, 35.59383, Lowe's, USA-Mooresville
-86.94384, 34.78745, Lowe's, USA-Athens
-85.24850, 35.14070, Lowe's, USA-N Chattanooga
-111.89174, 33.30697, Lowe's, USA-Chandler
-88.41204, 33.52073, Lowe's, USA-Columbus
-86.18713, 41.70450, Lowe's, USA-Mishawaka
-86.24883, 41.79207, Lowe's, USA-Niles
-84.42539, 39.17042, Lowe's, USA-Norwood
-76.88572, 38.76903, Lowe's, USA-Clinton
-90.53728, 38.59255, Lowe's, USA-Ballwin
-116.35233, 43.63472, Lowe's, USA-Meridian
-80.74150, 28.29660, Lowe's, USA-Rockledge
-87.78649, 41.92720, Lowe's, USA-Chicago (Brickyard)
-95.16640, 29.81010, Lowe's, USA-E Houston
-96.89032, 33.18180, Lowe's, USA-Little Elm
-82.26680, 38.41690, Lowe's, USA-Barboursville
-123.21850, 45.19050, Lowe's, USA-Mcminnville
-117.53930, 33.86960, Lowe's, USA-Corona
-117.24771, 33.19532, Lowe's, USA-Vista
-78.79388, 35.79850, Lowe's, USA-N Cary
-81.13584, 37.31292, Lowe's, USA-Princeton
-122.05424, 47.55120, Lowe's, USA-Issaquah
-83.96260, 43.48020, Lowe's, USA-Saginaw
-117.59692, 33.64294, Lowe's, USA-Rancho Santa Margarita
-82.98364, 34.69352, Lowe's, USA-Seneca
-97.09029, 33.19602, Lowe's, USA-Denton
-84.28669, 39.82068, Lowe's, USA-Dayton - Trotwood
-79.83170, 32.83040, Lowe's, USA-Mt Pleasant
-96.62149, 32.82505, Lowe's, USA-Mesquite
-89.99363, 34.96476, Lowe's, USA-Southaven
-83.57172, 35.87522, Lowe's, USA-Sevierville
-83.77290, 42.99980, Lowe's, USA-Flint
-86.80159, 33.23172, Lowe's, USA-Alabaster
-75.34350, 40.41770, Lowe's, USA-Quakertown
-78.89530, 33.71030, Lowe's, USA-Myrtle Beach
-93.61024, 42.00152, Lowe's, USA-Ames
-88.67794, 32.35922, Lowe's, USA-Meridian
-71.50722, 42.16396, Lowe's, USA-Milford
-80.27460, 36.18380, Lowe's, USA-N Winston
-112.34350, 33.46160, Lowe's, USA-Goodyear
-79.19354, 40.62212, Lowe's, USA-Indiana
-111.69858, 40.27431, Lowe's, USA-Orem
-80.27770, 27.25110, Lowe's, USA-Jensen Beach
-82.97594, 39.35382, Lowe's, USA-Chillicothe
-122.34416, 47.72009, Lowe's, USA-N Seattle
-77.50495, 38.23178, Lowe's, USA-Spotsylvania County
-99.50180, 27.55960, Lowe's, USA-Laredo
-74.16269, 40.62719, Lowe's, USA-N W Staten Island
-88.61293, 42.62817, Lowe's, USA-Delavan
-114.33080, 48.24130, Lowe's, USA-Kalispell
-83.61543, 42.51577, Lowe's, USA-Lyon Township
-79.40607, 37.80530, Lowe's, USA-Lexington
-81.64499, 28.82513, Lowe's, USA-Mount Dora
-117.00421, 33.74254, Lowe's, USA-Hemet
-84.04878, 39.77286, Lowe's, USA-Beaver Creek
-82.45215, 40.39983, Lowe's, USA-Mount Vernon
-121.27000, 38.02200, Lowe's, USA-E Stockton
-79.76354, 40.43835, Lowe's, USA-Monroeville
-84.62400, 33.94660, Lowe's, USA-W Marietta
-96.14299, 41.29158, Lowe's, USA-N W Omaha
-86.72318, 36.07003, Lowe's, USA-Nashville
-82.62922, 39.73691, Lowe's, USA-Lancaster
-77.40460, 39.38260, Lowe's, USA-Frederick
-77.42645, 39.02652, Lowe's, USA-Sterling
-94.79670, 32.13695, Lowe's, USA-Henderson
-111.92309, 33.63660, Lowe's, USA-Scottsdale
-78.89745, 36.04137, Lowe's, USA-N Durham
-86.45319, 35.52004, Lowe's, USA-Shelbyville
-74.15820, 40.05750, Lowe's, USA-Brick Twp
-82.70325, 35.27234, Lowe's, USA-Brevard
-83.76144, 40.33272, Lowe's, USA-Bellefontaine
-86.89344, 41.67252, Lowe's, USA-Michigan City
-92.45980, 31.27340, Lowe's, USA-Alexandria
-80.88004, 35.81442, Lowe's, USA-Statesville
-74.30810, 40.35410, Lowe's, USA-Marlboro
-97.18375, 32.85860, Lowe's, USA-Hurst
-77.90060, 34.15660, Lowe's, USA-S Wilmington
-97.43310, 32.75320, Lowe's, USA-White Settlement
-116.49236, 33.81519, Lowe's, USA-Palm Springs
-81.51900, 30.61990, Lowe's, USA-Fernandina Beach
-83.82804, 39.44652, Lowe's, USA-Wilmington
-80.69131, 35.21040, Lowe's, USA-E Charlotte
-105.16696, 39.96340, Lowe's, USA-Louisville
-71.44260, 41.79700, Lowe's, USA-Cranston
-84.53870, 34.08390, Lowe's, USA-Woodstock
-97.67582, 30.40992, Lowe's, USA-N E Austin
-82.49953, 36.54863, Lowe's, USA-Kingsport
-80.63399, 41.02778, Lowe's, USA-Boardman
-83.30984, 42.61463, Lowe's, USA-Bloomfield
-117.40947, 47.72117, Lowe's, USA-Spokane
-122.50703, 47.16714, Lowe's, USA-Lakewood
-78.83040, 40.30610, Lowe's, USA-Johnstown
-77.62241, 40.57802, Lowe's, USA-Lewistown
-81.29080, 28.91220, Lowe's, USA-Orange City
-79.47988, 34.76010, Lowe's, USA-Laurinburg
-82.32124, 31.19762, Lowe's, USA-Waycross
-90.74923, 29.61008, Lowe's, USA-Houma
-81.67197, 29.65709, Lowe's, USA-Palatka
-83.07921, 40.58152, Lowe's, USA-Marion
-88.66014, 37.08442, Lowe's, USA-Paducah
-87.71946, 42.01091, Lowe's, USA-Lincolnwood
-119.24870, 34.26400, Lowe's, USA-C Ventura
-84.31490, 34.03930, Lowe's, USA-Alpharetta
-81.63933, 41.13958, Lowe's, USA-Fairlawn
-84.60258, 33.85368, Lowe's, USA-Austell
-91.15054, 40.81452, Lowe's, USA-Burlington
-79.03824, 38.12982, Lowe's, USA-Staunton
-117.96810, 33.91680, Lowe's, USA-La Habra
-82.19011, 28.27239, Lowe's, USA-Zephryhills
-81.96127, 28.95771, Lowe's, USA-Lady Lake
-84.01130, 33.88510, Lowe's, USA-Snellville
-82.40669, 34.89247, Lowe's, USA-N W Greenville
-81.54507, 39.21253, Lowe's, USA-S Parkersburg
-85.77362, 42.88079, Lowe's, USA-Grandville
-71.03140, 41.90610, Lowe's, USA-Raynham
-121.74373, 37.69401, Lowe's, USA-Livermore
-81.15611, 40.90233, Lowe's, USA-Alliance
-104.86735, 39.68487, Lowe's, USA-Aurora
-81.71600, 33.52050, Lowe's, USA-Aiken
-117.78517, 33.72331, Lowe's, USA-Irvine
-84.84984, 35.20152, Lowe's, USA-Cleveland
-87.05744, 35.59592, Lowe's, USA-Columbia
-77.97134, 38.48570, Lowe's, USA-Culpeper
-72.55420, 41.80850, Lowe's, USA-Manchester
-114.62376, 32.67009, Lowe's, USA-Yuma
-95.25294, 30.04320, Lowe's, USA-Kingwood
-79.30100, 36.06759, Lowe's, USA-Mebane
-83.45110, 33.91410, Lowe's, USA-Athens
-118.60650, 34.22040, Lowe's, USA-West Hills
-82.64746, 28.03416, Lowe's, USA-Oldsmar
-82.59090, 28.49910, Lowe's, USA-Spring Hill
-84.33085, 39.49199, Lowe's, USA-Middletown
-94.70964, 31.31542, Lowe's, USA-Lufkin
-71.49898, 41.68153, Lowe's, USA-Warwick
-96.32670, 30.65880, Lowe's, USA-Bryan
-96.39804, 30.14045, Lowe's, USA-Brenham
-88.95832, 38.31235, Lowe's, USA-Mt Vernon
-85.40260, 32.62050, Lowe's, USA-Opelika
-83.39342, 35.16629, Lowe's, USA-Franklin
-85.61110, 43.04110, Lowe's, USA-N E Grand Rapids
-80.67356, 28.07764, Lowe's, USA-Melbourne
-84.27669, 33.54942, Lowe's, USA-Stockbridge
-81.43411, 40.87341, Lowe's, USA-Canton
-86.12710, 40.44010, Lowe's, USA-Kokomo
-72.48960, 42.14780, Lowe's, USA-E Springfield
-85.87964, 39.21094, Lowe's, USA-Columbus
-82.32902, 27.85456, Lowe's, USA-Riverview
-92.02190, 30.29450, Lowe's, USA-N Lafayette
-87.62956, 40.18623, Lowe's, USA-Danville
-87.30250, 36.57570, Lowe's, USA-Clarksville
-121.37434, 38.05572, Lowe's, USA-N Stockton
-71.32947, 41.79943, Lowe's, USA-Seekonk
-86.58746, 34.77318, Lowe's, USA-N Huntsville
-90.16690, 38.91860, Lowe's, USA-Alton
-84.53380, 37.97860, Lowe's, USA-S Lexington
-85.67923, 35.04216, Lowe's, USA-Kimball
-75.03940, 39.73310, Lowe's, USA-Turnersville
-95.76480, 39.03620, Lowe's, USA-Topeka
-94.77469, 39.01028, Lowe's, USA-Shawnee
-74.73991, 41.07565, Lowe's, USA-Hampton Twp
-90.73310, 42.48990, Lowe's, USA-Dubuque
-80.88649, 34.11432, Lowe's, USA-Richland County
-76.56389, 40.32002, Lowe's, USA-Palmyra
-91.76440, 37.96486, Lowe's, USA-Rolla
-116.27897, 43.59139, Lowe's, USA-Boise
-121.06640, 37.70250, Lowe's, USA-Modesto
-97.82898, 30.21881, Lowe's, USA-S W Austin (Sunset Valley)
-81.42340, 28.44880, Lowe's, USA-S Orlando
-97.92900, 29.88010, Lowe's, USA-San Marcos
-80.76600, 41.88040, Lowe's, USA-Ashtabula
-75.14155, 39.92039, Lowe's, USA-S Philadelphia
-96.33322, 42.45402, Lowe's, USA-Sioux City
-82.93010, 42.44850, Lowe's, USA-Harper Woods
-92.64907, 37.66603, Lowe's, USA-Lebanon
-82.02586, 33.40972, Lowe's, USA-S W Augusta
-90.05600, 29.98347, Lowe's, USA-Central New Orleans
-118.53610, 34.42710, Lowe's, USA-Santa Clarita
-118.08750, 33.83020, Lowe's, USA-Long Beach
-94.14299, 36.13076, Lowe's, USA-Fayetteville
-96.83305, 32.42189, Lowe's, USA-Waxahachie
-80.23396, 38.99868, Lowe's, USA-Buckhannon
-106.06564, 36.01321, Lowe's, USA-Espanola
-71.17146, 42.25079, Lowe's, USA-Dedham
-89.14987, 31.71069, Lowe's, USA-Laurel
-81.42780, 41.62700, Lowe's, USA-Willoughby
-97.76220, 35.48440, Lowe's, USA-Yukon
-79.95247, 40.87760, Lowe's, USA-Butler
-86.11907, 39.63760, Lowe's, USA-S Indianapolis
-80.24870, 26.00980, Lowe's, USA-Pembroke Pines
-122.43306, 45.52936, Lowe's, USA-Wood Village
-87.85120, 41.16250, Lowe's, USA-Kankakee
-91.85694, 29.98660, Lowe's, USA-New Iberia
-85.78269, 35.70242, Lowe's, USA-Mcminnville
-80.10097, 26.25537, Lowe's, USA-Pompano Beach
-86.90652, 36.13289, Lowe's, USA-W Nashville
-85.26467, 38.20867, Lowe's, USA-Shelbyville
-86.09350, 42.81980, Lowe's, USA-Holland
-114.45757, 42.58570, Lowe's, USA-Twin Falls
-95.76720, 36.06230, Lowe's, USA-Broken Arrow
-84.44444, 33.47100, Lowe's, USA-Fayetteville
-74.29480, 40.55080, Lowe's, USA-Woodbridge
-100.81300, 46.83102, Lowe's, USA-Bismarck
-82.02880, 39.99207, Lowe's, USA-Zanesville
-77.23940, 39.12680, Lowe's, USA-Gaithersburg
-78.58177, 35.84556, Lowe's, USA-N Raleigh
-85.99287, 40.03246, Lowe's, USA-Noblesville
-84.01654, 35.09814, Lowe's, USA-Murphy
-76.91840, 41.25830, Lowe's, USA-Montoursville
-75.49155, 43.22831, Lowe's, USA-Rome
-82.25010, 34.71130, Lowe's, USA-Simpsonville
-77.60013, 38.79727, Lowe's, USA-Gainesville
-75.84098, 41.24294, Lowe's, USA-Wilkes - Barre
-76.52000, 38.30256, Lowe's, USA-St Mary's County
-121.83070, 38.00470, Lowe's, USA-Antioch
-96.11287, 32.32922, Lowe's, USA-Gun Barrel City
-93.73703, 38.77718, Lowe's, USA-Warrensburg
-93.99331, 29.94194, Lowe's, USA-Port Arthur
-103.22150, 44.11110, Lowe's, USA-Rapid City
-81.15090, 34.08000, Lowe's, USA-Irmo
-83.62650, 43.01700, Lowe's, USA-Burton
-77.98490, 39.44670, Lowe's, USA-Martinsburg
-86.55290, 35.98570, Lowe's, USA-Smyrna
-92.21790, 34.78820, Lowe's, USA-N Little Rock
-79.77290, 34.16890, Lowe's, USA-S Florence
-74.97470, 39.94260, Lowe's, USA-Maple Shade
-89.37447, 31.32041, Lowe's, USA-Hattiesburg
-97.58013, 33.21095, Lowe's, USA-Decatur
-76.12552, 43.14838, Lowe's, USA-Cicero
-82.46303, 27.44456, Lowe's, USA-Bradenton
-86.43424, 36.95252, Lowe's, USA-Bowling Green
-80.31320, 36.06460, Lowe's, USA-Winston West
-112.22282, 33.46687, Lowe's, USA-W Phoenix
-97.55604, 35.60679, Lowe's, USA-N Oklahoma City
-90.37784, 40.97722, Lowe's, USA-Galesburg
-117.17598, 33.13644, Lowe's, USA-San Marcos
-76.58186, 36.75020, Lowe's, USA-Suffolk
-97.27654, 37.57845, Lowe's, USA-Derby
-79.12455, 37.43503, Lowe's, USA-Madison Heights (N Lynchburg)
-75.28577, 40.65311, Lowe's, USA-Easton
-76.27101, 43.04284, Lowe's, USA-Camillus
-97.36133, 27.70158, Lowe's, USA-Corpus Christi
-84.10364, 36.96622, Lowe's, USA-Corbin
-79.81996, 34.18805, Lowe's, USA-Florence
-95.83639, 36.29417, Lowe's, USA-Owasso
-72.71930, 41.66400, Lowe's, USA-Newington
-89.71383, 39.76275, Lowe's, USA-Springfield
-71.48120, 42.01550, Lowe's, USA-Woonsocket
-93.48200, 45.01830, Lowe's, USA-Plymouth
-82.45621, 43.03500, Lowe's, USA-Ft Gratiot
-82.39487, 28.85661, Lowe's, USA-Inverness
-79.00572, 34.66696, Lowe's, USA-Lumberton
-85.59080, 42.24420, Lowe's, USA-Portage
-88.30486, 36.28411, Lowe's, USA-Paris
-83.87647, 42.58556, Lowe's, USA-Howell
-79.84270, 40.14030, Lowe's, USA-Belle Vernon
-104.79140, 39.63790, Lowe's, USA-S E Aurora
-82.68820, 34.55260, Lowe's, USA-Anderson
-91.32050, 39.93440, Lowe's, USA-Quincy
-83.54514, 31.44442, Lowe's, USA-Tifton
-115.30110, 36.10130, Lowe's, USA-W Spring Valley
-79.01260, 35.94590, Lowe's, USA-Chapel Hill
-96.85531, 32.64368, Lowe's, USA-S W Dallas
-92.10442, 34.88691, Lowe's, USA-Jacksonville
-83.11917, 39.91750, Lowe's, USA-S W Columbus
-81.12024, 38.03393, Lowe's, USA-Fayetteville
-88.81098, 35.55074, Lowe's, USA-S Jackson
-90.33425, 38.61943, Lowe's, USA-Maplewood
-80.39934, 41.01482, Lowe's, USA-New Castle (Union Twp)
-88.95460, 39.92150, Lowe's, USA-Decatur
-89.08707, 30.39945, Lowe's, USA-Gulfport
-100.50620, 31.43080, Lowe's, USA-San Angelo
-149.87825, 61.18181, Lowe's, USA-Anchorage
-84.74910, 33.39650, Lowe's, USA-Newnan
-84.62094, 37.06722, Lowe's, USA-Somerset
-76.73601, 39.28720, Lowe's, USA-Catonsville
-76.84264, 40.83002, Lowe's, USA-Sunbury
-82.45042, 35.33039, Lowe's, USA-Hendersonville
-84.29630, 39.06790, Lowe's, USA-S E Cincinnati (Withamsville)
-75.29440, 40.10310, Lowe's, USA-Plymouth Meeting
-105.03801, 40.40646, Lowe's, USA-Loveland
-88.97781, 42.27052, Lowe's, USA-Rockford
-89.79697, 35.11934, Lowe's, USA-Germantown Parkway
-122.50320, 47.23519, Lowe's, USA-Tacoma
-117.14814, 33.53231, Lowe's, USA-Temecula
-115.22625, 36.23893, Lowe's, USA-N W Las Vegas
-93.27149, 31.12263, Lowe's, USA-Leesville
-87.98436, 43.09131, Lowe's, USA-C Milwaukee
-74.70100, 40.88500, Lowe's, USA-Mt Olive
-76.50946, 42.42881, Lowe's, USA-Ithaca
-91.09384, 30.46172, Lowe's, USA-N Baton Rouge
-106.57317, 31.86153, Lowe's, USA-W El Paso
-78.63743, 35.32233, Lowe's, USA-Erwin (Dunn)
-80.10288, 36.10656, Lowe's, USA-Kernersville
-105.05957, 39.85966, Lowe's, USA-Westminster
-88.33565, 42.18180, Lowe's, USA-Lake In The Hills
-85.17420, 42.26060, Lowe's, USA-Battle Creek
-84.24850, 43.65760, Lowe's, USA-Midland
-104.99105, 39.94027, Lowe's, USA-N Westminster
-84.67168, 42.74064, Lowe's, USA-W Lansing
-86.61979, 36.19310, Lowe's, USA-Hermitage
-121.29720, 44.10914, Lowe's, USA-Bend
-83.00434, 39.88191, Lowe's, USA-S Columbus
-74.05699, 40.29830, Lowe's, USA-Eatontown
-111.98110, 40.61690, Lowe's, USA-W Jordan
-94.20500, 36.04942, Lowe's, USA-S Fayetteville
-121.30805, 38.11711, Lowe's, USA-Lodi
-86.26592, 39.77888, Lowe's, USA-W Indianapolis
-117.12630, 32.78252, Lowe's, USA-Mission Valley
-83.84654, 34.29142, Lowe's, USA-Gainesville
-97.94350, 36.39040, Lowe's, USA-Enid
-89.58177, 37.29627, Lowe's, USA-Cape Girardeau
-76.82324, 34.74112, Lowe's, USA-Morehead City
-155.99094, 19.64662, Lowe's, USA-Kona
-82.73731, 27.83987, Lowe's, USA-Pinellas Park
-97.08180, 33.07115, Lowe's, USA-Flower Mound
-86.06851, 39.50591, Lowe's, USA-Franklin
-121.79750, 39.71560, Lowe's, USA-Chico
-86.26731, 34.30133, Lowe's, USA-Guntersville
-77.53557, 39.74092, Lowe's, USA-Waynesboro
-86.38240, 39.76170, Lowe's, USA-Avon
-122.27550, 47.82010, Lowe's, USA-Lynnwood
-77.47200, 43.21280, Lowe's, USA-Webster
-82.44240, 40.02670, Lowe's, USA-Heath
-75.10510, 39.83230, Lowe's, USA-Deptford
-104.75424, 40.39537, Lowe's, USA-Greeley
-94.99868, 33.17189, Lowe's, USA-Mt Pleasant
-72.99742, 40.82541, Lowe's, USA-Medford
-82.52090, 35.57790, Lowe's, USA-E Asheville
-87.91758, 41.50604, Lowe's, USA-New Lenox
-78.98140, 33.65010, Lowe's, USA-S Myrtle Beach
-76.48731, 41.01125, Lowe's, USA-Bloomsburg
-85.15003, 35.03511, Lowe's, USA-Chattanooga
-77.63738, 36.43449, Lowe's, USA-Roanoke Rapids
-84.10915, 39.64507, Lowe's, USA-Wilmington Pike
-77.62534, 39.92642, Lowe's, USA-Chambersburg
-97.78344, 32.43282, Lowe's, USA-Granbury
-79.75540, 39.90250, Lowe's, USA-Uniontown
-81.60380, 30.16840, Lowe's, USA-S Jacksonville
-77.51480, 38.79040, Lowe's, USA-N Manassas
-78.87710, 35.74560, Lowe's, USA-Apex
-84.59970, 39.25970, Lowe's, USA-N W Cincinnati
-95.53075, 29.78571, Lowe's, USA-Bunker Hill
-81.74593, 30.16487, Lowe's, USA-Orange Park
-94.45060, 39.24600, Lowe's, USA-Liberty
-79.42325, 36.59799, Lowe's, USA-Danville
-90.60187, 38.66637, Lowe's, USA-Chesterfield
-71.04768, 42.09009, Lowe's, USA-Brockton
-89.86642, 35.93041, Lowe's, USA-Blytheville
-84.99501, 34.76319, Lowe's, USA-Dalton
-70.32313, 43.67423, Lowe's, USA-Portland
-84.81950, 39.83145, Lowe's, USA-Richmond
-76.51220, 37.12640, Lowe's, USA-Newport News
-106.51430, 35.11780, Lowe's, USA-E Albuquerque
-82.50520, 27.90320, Lowe's, USA-S Tampa
-82.99460, 40.01353, Lowe's, USA-C Columbus
-82.72910, 27.95981, Lowe's, USA-S Clearwater
-73.49129, 44.69633, Lowe's, USA-Plattsburgh
-82.91893, 40.05519, Lowe's, USA-N E Columbus
-117.99281, 33.77031, Lowe's, USA-Westminster
-83.87392, 36.02916, Lowe's, USA-E Knoxville
-117.91686, 33.85481, Lowe's, USA-Anaheim
-116.99281, 32.83904, Lowe's, USA-Santee
-117.81690, 34.10850, Lowe's, USA-San Dimas
-121.74797, 37.96238, Lowe's, USA-S Antioch
-90.40680, 38.21177, Lowe's, USA-Festus
-81.80210, 38.41430, Lowe's, USA-Nitro
-96.90258, 32.98629, Lowe's, USA-Carrollton
-85.49519, 36.13870, Lowe's, USA-Cookeville
-83.83607, 39.94415, Lowe's, USA-Springfield
-86.48685, 36.36551, Lowe's, USA-Gallatin
-76.23666, 36.28312, Lowe's, USA-Elizabeth City
-118.77673, 34.28321, Lowe's, USA-Simi Valley
-122.22445, 47.32039, Lowe's, USA-Auburn
-87.35861, 36.04725, Lowe's, USA-Dickson
-112.18549, 33.55263, Lowe's, USA-Glendale
-89.89347, 35.35610, Lowe's, USA-Millington
-95.29632, 29.69639, Lowe's, USA-S E Houston
-95.92140, 36.13940, Lowe's, USA-N Tulsa
-81.29738, 29.05602, Lowe's, USA-Deland
-111.98582, 41.18823, Lowe's, USA-Riverdale
-82.95764, 35.52152, Lowe's, USA-Waynesville
-81.69181, 41.04318, Lowe's, USA-Wadsworth
-84.50042, 33.65756, Lowe's, USA-Camp Creek
-70.87563, 42.88538, Lowe's, USA-Seabrook
-74.89480, 40.16950, Lowe's, USA-Middletown Twp
-112.01527, 43.48303, Lowe's, USA-Idaho Falls
-87.01111, 34.56651, Lowe's, USA-Decatur
-76.86120, 39.08700, Lowe's, USA-Laurel (Lakes)
-122.99717, 45.00745, Lowe's, USA-Keizer
-117.23959, 34.47421, Lowe's, USA-Apple Valley
-95.56580, 29.98060, Lowe's, USA-N W Houston
-117.33522, 47.65678, Lowe's, USA-Spokane Valley
-85.43258, 37.79872, Lowe's, USA-Bardstown
-87.66625, 34.72594, Lowe's, USA-Muscle Shoals
-77.55550, 37.63820, Lowe's, USA-W Richmond
-95.88730, 36.00170, Lowe's, USA-Bixby
-82.21114, 36.56145, Lowe's, USA-S Bristol
-94.95088, 30.70911, Lowe's, USA-Livingston
-79.85858, 37.01763, Lowe's, USA-Rocky Mount
-97.60889, 38.78232, Lowe's, USA-Salina
-78.83360, 39.64330, Lowe's, USA-Allegany
-97.16952, 31.52561, Lowe's, USA-Waco
-95.59847, 33.10676, Lowe's, USA-Sulphur Springs
-75.02740, 40.08080, Lowe's, USA-N E Philadelphia
-104.79630, 41.16400, Lowe's, USA-Cheyenne
-117.74009, 34.01467, Lowe's, USA-Chino Hills
-88.95050, 40.48840, Lowe's, USA-Bloomington
-82.06943, 29.20841, Lowe's, USA-E Ocala
-83.24754, 33.10252, Lowe's, USA-Milledgeville
-105.08220, 39.79585, Lowe's, USA-Arvada
-80.43054, 37.16252, Lowe's, USA-Christiansburg
-83.47572, 42.32345, Lowe's, USA-Canton
-114.03800, 46.89300, Lowe's, USA-Missoula
-74.37320, 41.45920, Lowe's, USA-Middletown
-81.92519, 27.99822, Lowe's, USA-Lakeland
-92.36138, 30.23136, Lowe's, USA-Crowley
-117.20760, 33.56210, Lowe's, USA-Murrieta
-80.02840, 35.99050, Lowe's, USA-N High Point
-83.48176, 38.19138, Lowe's, USA-Morehead
-119.08897, 35.38237, Lowe's, USA-Bakersfield
-80.61344, 36.48572, Lowe's, USA-Mt Airy
-96.03026, 41.25871, Lowe's, USA-Omaha
-75.17352, 38.74769, Lowe's, USA-Sussex County
-93.71556, 32.44167, Lowe's, USA-S E Shreveport
-88.13181, 41.93817, Lowe's, USA-Carol Stream
-85.93641, 31.77559, Lowe's, USA-Troy
-98.36630, 29.54480, Lowe's, USA-N E San Antonio
-77.31020, 38.65400, Lowe's, USA-Dale City
-74.96160, 40.13874, Lowe's, USA-Bensalem Twp
-95.74294, 34.91789, Lowe's, USA-Mcalester
-91.60973, 41.69176, Lowe's, USA-Iowa City / Coralville
-112.11020, 33.70941, Lowe's, USA-Happy Valley
-76.54871, 42.95043, Lowe's, USA-Auburn
-83.40069, 41.95287, Lowe's, USA-Frenchtown
-78.47083, 38.08843, Lowe's, USA-Charlottesville
-97.01394, 33.05786, Lowe's, USA-Lewisville
-122.96031, 46.14776, Lowe's, USA-Longview
-80.94142, 33.96425, Lowe's, USA-S E Columbia
-83.57042, 41.72156, Lowe's, USA-N Toledo
-84.08257, 35.91911, Lowe's, USA-W Knoxville
-93.77260, 41.59620, Lowe's, USA-W Des Moines
-85.65321, 40.08046, Lowe's, USA-Anderson
-82.03926, 35.70447, Lowe's, USA-Marion
-87.99580, 42.05400, Lowe's, USA-Arlington Heights
-76.73373, 37.34989, Lowe's, USA-Williamsburg
-82.65978, 41.40538, Lowe's, USA-Sandusky
-73.94750, 41.04172, Lowe's, USA-Orangeburg
-95.47910, 30.33180, Lowe's, USA-Conroe
-111.82744, 41.75872, Lowe's, USA-Logan
-121.40200, 38.45480, Lowe's, USA-Elk Grove
-82.79450, 27.89580, Lowe's, USA-Largo
-117.21387, 34.06170, Lowe's, USA-Redlands
-78.69952, 42.99024, Lowe's, USA-E Amherst
-78.84450, 38.43676, Lowe's, USA-Harrisonburg
-76.72090, 38.95170, Lowe's, USA-Bowie
-82.90046, 42.55535, Lowe's, USA-S Clinton Twp
-81.29390, 41.68470, Lowe's, USA-Mentor
-81.69290, 35.72380, Lowe's, USA-Morganton
-83.44971, 42.54211, Lowe's, USA-Commerce Twp
-82.51334, 37.47782, Lowe's, USA-Pikeville
-86.04677, 39.90046, Lowe's, USA-N E Indianapolis
-85.66613, 38.20155, Lowe's, USA-Central Louisville
-75.53913, 39.83206, Lowe's, USA-N Wilmington
-76.87267, 38.95679, Lowe's, USA-New Carrollton
-80.17420, 40.44900, Lowe's, USA-Robinson Twp
-80.87934, 36.69201, Lowe's, USA-Galax
-97.40854, 32.68582, Lowe's, USA-S Fort Worth
-77.17736, 40.20009, Lowe's, USA-Carlisle
-81.52110, 35.90030, Lowe's, USA-Lenoir
-91.03754, 33.36902, Lowe's, USA-Greenville
-81.51980, 40.76516, Lowe's, USA-Massilon
-88.22468, 30.68423, Lowe's, USA-W Mobile
-85.38056, 38.78276, Lowe's, USA-Madison
-80.66790, 40.37040, Lowe's, USA-Steubenville
-82.57430, 34.82480, Lowe's, USA-Easley
-111.96367, 33.32061, Lowe's, USA-W Chandler
-87.05050, 30.39170, Lowe's, USA-Gulf Breeze
-111.79019, 33.33680, Lowe's, USA-Gilbert
-92.33513, 36.35806, Lowe's, USA-Mountain Home
-79.79374, 36.00286, Lowe's, USA-S E Greensboro
-96.79144, 33.01053, Lowe's, USA-W Plano
-88.16570, 30.59790, Lowe's, USA-S W Mobile
-74.08876, 40.83213, Lowe's, USA-E Rutherford
-94.40830, 38.92930, Lowe's, USA-Lees Summit
-101.92050, 35.16120, Lowe's, USA-Amarillo
-70.96912, 42.55734, Lowe's, USA-Danvers
-78.93961, 38.06455, Lowe's, USA-Waynesboro
-80.25792, 26.16437, Lowe's, USA-Sunrise
-75.72780, 39.44860, Lowe's, USA-Middletown
-96.68440, 32.86488, Lowe's, USA-N E Dallas
-97.42620, 37.67970, Lowe's, USA-W Wichita
-121.27103, 38.67798, Lowe's, USA-Citrus Heights
-116.38559, 33.79988, Lowe's, USA-Palm Desert
-95.62088, 31.73470, Lowe's, USA-Palestine
-117.68246, 34.10795, Lowe's, USA-Upland
-75.99491, 40.31390, Lowe's, USA-S Reading
-81.99267, 34.93537, Lowe's, USA-Spartanburg Relo
-78.30390, 35.52170, Lowe's, USA-Smithfield
-97.17877, 27.92333, Lowe's, USA-Aransas Pass
-79.89797, 39.65022, Lowe's, USA-Morgantown
-93.79900, 32.40982, Lowe's, USA-Shreveport
-95.86090, 36.06130, Lowe's, USA-S Tulsa
-122.95702, 45.50380, Lowe's, USA-Hillsboro
-98.20304, 26.19220, Lowe's, USA-Pharr
-83.58725, 41.54312, Lowe's, USA-Perrysburg
-92.05955, 32.49393, Lowe's, USA-Monroe
-98.66669, 29.55011, Lowe's, USA-N W San Antonio
-84.02440, 36.00900, Lowe's, USA-N Knoxville
-86.56788, 34.64192, Lowe's, USA-Huntsville
-98.53880, 33.88060, Lowe's, USA-Wichita Falls
-121.95853, 38.37167, Lowe's, USA-Vacaville
-111.98353, 41.08775, Lowe's, USA-Layton
-85.08840, 41.09435, Lowe's, USA-E Ft Wayne
-117.34485, 34.47057, Lowe's, USA-Victorville
-84.24460, 40.05720, Lowe's, USA-Troy
-119.31141, 36.29633, Lowe's, USA-Visalia
-79.88910, 36.05460, Lowe's, USA-S W Greensboro
-81.53454, 35.27910, Lowe's, USA-Shelby
-80.77238, 35.06571, Lowe's, USA-S Charlotte
-117.43658, 34.13928, Lowe's, USA-N Fontana
-112.02492, 40.68331, Lowe's, USA-W Valley City
-71.57510, 43.45383, Lowe's, USA-Tilton
-93.26120, 37.14980, Lowe's, USA-Springfield
-78.38568, 40.49372, Lowe's, USA-Altoona
-90.29728, 38.80903, Lowe's, USA-Florissant
-88.66015, 30.39437, Lowe's, USA-Gautier
-81.55191, 39.31266, Lowe's, USA-Wood County
-89.51550, 44.49525, Lowe's, USA-Plover
-89.58391, 40.68055, Lowe's, USA-E Peoria
-82.83133, 39.92151, Lowe's, USA-S E Columbus
-80.58478, 35.91827, Lowe's, USA-Mocksville
-76.36315, 40.04166, Lowe's, USA-W Lancaster
-77.62830, 43.07710, Lowe's, USA-Henrietta
-83.59106, 41.05863, Lowe's, USA-Findlay
-72.83820, 41.67300, Lowe's, USA-Plainville
-119.77972, 39.54604, Lowe's, USA-Sparks
-81.66447, 35.09090, Lowe's, USA-Gaffney
-81.49299, 40.97881, Lowe's, USA-Green
-76.87608, 42.15495, Lowe's, USA-Big Flats
-89.19474, 37.74362, Lowe's, USA-Carbondale
-80.20450, 26.27460, Lowe's, USA-Coral Springs
-82.42298, 27.07186, Lowe's, USA-Venice
-92.34815, 42.45497, Lowe's, USA-Waterloo
-77.60930, 37.65320, Lowe's, USA-Short Pump
-86.83910, 40.41820, Lowe's, USA-Lafayette
-85.82934, 31.31616, Lowe's, USA-Enterprise
-96.99518, 32.83321, Lowe's, USA-Irving
-121.28021, 38.78869, Lowe's, USA-N Roseville
-75.24460, 40.24680, Lowe's, USA-Montgomeryville
-86.01400, 39.80268, Lowe's, USA-E Indianapolis
-79.07428, 40.04096, Lowe's, USA-Somerset
-85.88174, 37.73156, Lowe's, USA-Elizabethtown
-84.09930, 33.82610, Lowe's, USA-Stone Mountain
-80.84134, 36.27562, Lowe's, USA-Elkin
-84.03270, 41.87510, Lowe's, USA-Adrian
-81.96128, 33.50406, Lowe's, USA-N Augusta
-94.22380, 36.42037, Lowe's, USA-N Bentonville
-74.30236, 40.43612, Lowe's, USA-Old Bridge
-108.58312, 45.75548, Lowe's, USA-Billings
-83.53893, 34.54246, Lowe's, USA-Cornelia
-102.15960, 32.01200, Lowe's, USA-Midland
-94.35825, 39.03706, Lowe's, USA-Independence
-75.54717, 39.09660, Lowe's, USA-Camden
-94.49334, 38.81246, Lowe's, USA-Raymore
-89.06682, 36.41365, Lowe's, USA-Union City
-122.18217, 47.63143, Lowe's, USA-Bellevue
-79.89804, 36.69562, Lowe's, USA-Martinsville
-86.40953, 32.46053, Lowe's, USA-Prattville
-104.62172, 38.30908, Lowe's, USA-Pueblo
-85.85568, 41.26885, Lowe's, USA-Warsaw
-90.49635, 30.50398, Lowe's, USA-Hammond
-79.48335, 36.07940, Lowe's, USA-Burlington
-85.75351, 34.43667, Lowe's, USA-Ft Payne
-80.45080, 41.23150, Lowe's, USA-Hermitage
-93.70843, 32.54821, Lowe's, USA-Bossier City
-122.19643, 47.97750, Lowe's, USA-Everett
-78.91666, 36.73559, Lowe's, USA-S Boston
-95.42836, 29.81109, Lowe's, USA-N Central Houston
-105.96300, 32.93946, Lowe's, USA-Alamogordo
-76.35833, 36.80947, Lowe's, USA-Portsmouth
-149.39848, 61.57604, Lowe's, USA-Wasilla
-97.85070, 27.49263, Lowe's, USA-Kingsville
-97.11388, 32.94170, Lowe's, USA-Southlake
-93.22357, 37.00288, Lowe's, USA-Ozark
-97.39082, 32.37953, Lowe's, USA-Cleburne
-84.44961, 39.03828, Lowe's, USA-Highland Heights
-85.83483, 38.15273, Lowe's, USA-S W Louisville
-76.42531, 40.30706, Lowe's, USA-Lebanon
-78.64980, 35.72550, Lowe's, USA-Garner
-89.95135, 38.78084, Lowe's, USA-Glen Carbon
-89.98494, 38.59116, Lowe's, USA-Fairview Heights
-118.32300, 33.92130, Lowe's, USA-Hawthorne
-79.75014, 34.92092, Lowe's, USA-Rockingham
-94.16660, 30.11910, Lowe's, USA-Beaumont
-74.16840, 40.41570, Lowe's, USA-Holmdel
-92.24394, 38.58055, Lowe's, USA-Jefferson City
-90.05966, 29.89547, Lowe's, USA-Harvey
-120.47475, 46.56370, Lowe's, USA-Union Gap
-95.43479, 30.05992, Lowe's, USA-Spring
-79.80420, 35.69030, Lowe's, USA-Asheboro
-85.89200, 41.61670, Lowe's, USA-Goshen
-86.82300, 33.45100, Lowe's, USA-Homewood
-79.87062, 37.32245, Lowe's, USA-E Roanoke
-121.97013, 37.50535, Lowe's, USA-Fremont
-80.74154, 41.22951, Lowe's, USA-Trumbull County
-70.76990, 42.10834, Lowe's, USA-Pembroke
-97.23925, 32.89751, Lowe's, USA-Keller
-117.31600, 33.22930, Lowe's, USA-Oceanside
-77.45744, 37.55504, Lowe's, USA-C Richmond
-84.95283, 32.54081, Lowe's, USA-N Columbus
-84.59611, 39.42525, Lowe's, USA-Hamilton
-84.28899, 33.24579, Lowe's, USA-Griffin
-81.21034, 36.14911, Lowe's, USA-Wilkesboro
-83.22156, 37.28523, Lowe's, USA-Hazard
-73.74830, 43.10550, Lowe's, USA-Saratoga Springs
-79.79272, 40.57188, Lowe's, USA-N E Pittsburgh
-84.62072, 40.12654, Lowe's, USA-Greenville
-96.81642, 32.91066, Lowe's, USA-N Dallas
-84.31740, 33.88550, Lowe's, USA-Chamblee
-83.32293, 30.83961, Lowe's, USA-Valdosta
-77.06116, 35.56479, Lowe's, USA-Washington
-80.45890, 35.64650, Lowe's, USA-Salisbury
-71.34775, 41.93859, Lowe's, USA-N Attleboro
-81.73588, 41.42302, Lowe's, USA-Brooklyn
-76.87089, 37.89646, Lowe's, USA-Tappahannock
-84.34792, 33.75906, Lowe's, USA-Atlanta - Edgewood
-77.92920, 35.38160, Lowe's, USA-Goldsboro
-84.36528, 30.47671, Lowe's, USA-N W Tallahassee
-90.42989, 37.79074, Lowe's, USA-Farmington
-90.13314, 32.46856, Lowe's, USA-Madison
-80.22692, 27.16172, Lowe's, USA-Stuart
-86.77780, 33.35600, Lowe's, USA-Hoover
-74.63000, 40.51820, Lowe's, USA-Hillsborough
-84.16590, 40.77130, Lowe's, USA-Lima
-84.76056, 33.72586, Lowe's, USA-Douglasville
-78.43954, 36.33875, Lowe's, USA-Henderson
-115.03280, 36.06317, Lowe's, USA-Henderson
-86.52015, 38.86041, Lowe's, USA-Bedford
-119.69763, 36.80907, Lowe's, USA-Clovis
-74.82238, 40.83644, Lowe's, USA-Hackettstown
-81.87220, 26.52740, Lowe's, USA-Ft Myers
-104.98967, 39.89047, Lowe's, USA-Northglenn
-83.09498, 40.09999, Lowe's, USA-Dublin
-72.16341, 41.36928, Lowe's, USA-Waterford
-86.96420, 33.40960, Lowe's, USA-Bessemer
-120.49681, 37.31847, Lowe's, USA-Merced
-71.07322, 43.02674, Lowe's, USA-Epping
-76.98330, 40.23881, Lowe's, USA-Mechanicsburg Relo
-81.65614, 36.20012, Lowe's, USA-Boone
-82.53514, 35.44484, Lowe's, USA-S Asheville
-79.41984, 35.16462, Lowe's, USA-Southern Pines
-82.31990, 27.92190, Lowe's, USA-Brandon
-76.47580, 43.46355, Lowe's, USA-Oswego
-85.57550, 38.23972, Lowe's, USA-E Louisville
-96.46908, 32.89142, Lowe's, USA-Rockwall
-94.65691, 39.25375, Lowe's, USA-N Kansas City
-87.41160, 39.40960, Lowe's, USA-Terre Haute
-105.11460, 39.74063, Lowe's, USA-N Lakewood
-76.25170, 36.76360, Lowe's, USA-Chesapeake
-85.18958, 30.73465, Lowe's, USA-Marianna
-84.11440, 33.91450, Lowe's, USA-Gwinnett
-97.79150, 30.46660, Lowe's, USA-N W Austin
-85.36206, 37.33925, Lowe's, USA-Campbellsville
-91.72323, 35.22219, Lowe's, USA-Searcy
-115.32968, 36.16071, Lowe's, USA-W Summerlin
-95.30330, 32.28410, Lowe's, USA-Tyler
-79.13484, 35.45442, Lowe's, USA-Sanford
-85.19910, 41.07460, Lowe's, USA-W Ft Wayne
-88.14414, 42.02512, Lowe's, USA-Schaumburg
-85.42430, 31.20580, Lowe's, USA-Dothan
-82.52900, 38.40930, Lowe's, USA-Burlington
-118.04365, 34.55711, Lowe's, USA-E Palmdale
-77.53567, 37.53082, Lowe's, USA-S Richmond
-94.35480, 35.46834, Lowe's, USA-Van Buren
-84.46080, 39.28600, Lowe's, USA-Springdale
-78.48583, 35.79703, Lowe's, USA-Knightdale
-85.58410, 42.91200, Lowe's, USA-Kentwood
-87.31680, 41.47350, Lowe's, USA-Merrillville
-84.45190, 38.00760, Lowe's, USA-E Lexington
-94.60580, 38.88500, Lowe's, USA-South Kansas City
-115.25853, 36.18044, Lowe's, USA-Summerlin
-93.05946, 34.46122, Lowe's, USA-Hot Springs
-92.44210, 35.10938, Lowe's, USA-Conway
-81.41900, 28.66570, Lowe's, USA-Altamonte Springs
-122.55205, 45.67746, Lowe's, USA-E  Vancouver
-104.71858, 38.87403, Lowe's, USA-E Colorado Springs
-88.84734, 35.66842, Lowe's, USA-Jackson
-81.23231, 35.47929, Lowe's, USA-Lincolnton
-84.31289, 39.30337, Lowe's, USA-Mason
-79.23320, 37.34750, Lowe's, USA-Lynchburg
-97.89487, 38.07219, Lowe's, USA-Hutchinson
-73.92112, 41.62178, Lowe's, USA-Poughkeepsie
-73.79130, 42.60730, Lowe's, USA-Glenmont
-80.29420, 25.93340, Lowe's, USA-N W Miami / Dade
-73.65020, 43.33320, Lowe's, USA-Glens Falls
-94.81460, 39.80600, Lowe's, USA-St Joseph
-80.20158, 26.35155, Lowe's, USA-W Boca Raton
-93.89910, 36.91413, Lowe's, USA-Monett
-81.02684, 29.11142, Lowe's, USA-Port Orange
-72.88190, 41.32260, Lowe's, USA-New Haven
-81.59292, 34.28390, Lowe's, USA-Newberry
-95.13950, 29.54200, Lowe's, USA-Baybrook
-94.17595, 36.17372, Lowe's, USA-Springdale
-84.47849, 34.68253, Lowe's, USA-E Elijay
-84.62518, 35.44741, Lowe's, USA-Athens
-85.64623, 44.72275, Lowe's, USA-Traverse City
-93.46716, 44.78073, Lowe's, USA-Shakopee
-149.86490, 61.12270, Lowe's, USA-S Anchorage
-83.32219, 33.94062, Lowe's, USA-E Athens
-76.89660, 38.64100, Lowe's, USA-Charles County
-79.66740, 36.38680, Lowe's, USA-Reidsville
-78.88478, 35.11443, Lowe's, USA-N Fayetteville
-77.64938, 35.26014, Lowe's, USA-Kinston
-122.18550, 48.14939, Lowe's, USA-Smokey Point
-83.47983, 33.56347, Lowe's, USA-Madison
-70.22569, 44.11920, Lowe's, USA-Auburn
-108.14055, 36.77149, Lowe's, USA-Farmington
-87.17496, 41.54936, Lowe's, USA-Portage
-82.67867, 30.18014, Lowe's, USA-Lake City
-119.02940, 35.29850, Lowe's, USA-S Bakersfield
-71.13051, 42.50435, Lowe's, USA-Woburn
-81.56539, 38.31306, Lowe's, USA-E Charleston
-94.76752, 36.57350, Lowe's, USA-Grove
-75.56834, 38.41112, Lowe's, USA-Salisbury
-105.09040, 39.62200, Lowe's, USA-Lakewood
-80.20336, 26.67900, Lowe's, USA-Royal Palm Beach
-88.31444, 36.62862, Lowe's, USA-Murray
-85.67384, 40.53771, Lowe's, USA-Marion
-96.20377, 41.23305, Lowe's, USA-S W Omaha
-96.92736, 35.38236, Lowe's, USA-Shawnee
-74.33669, 40.99086, Lowe's, USA-Butler
-89.60163, 39.83852, Lowe's, USA-N Springfield
-73.60380, 40.73710, Lowe's, USA-Garden City
-89.63200, 40.74710, Lowe's, USA-Peoria
-118.12378, 33.81029, Lowe's, USA-C Long Beach
-118.04733, 33.89553, Lowe's, USA-Norwalk
-72.99070, 41.27630, Lowe's, USA-Orange
-78.72876, 41.12300, Lowe's, USA-Dubois
-122.42167, 37.63877, Lowe's, USA-San Bruno
-85.44207, 40.21869, Lowe's, USA-Muncie
-81.94080, 26.66860, Lowe's, USA-Cape Coral
-122.28910, 47.15730, Lowe's, USA-Puyallup
-84.23589, 30.47917, Lowe's, USA-N E Tallahassee
-81.41880, 39.40630, Lowe's, USA-Marietta
-80.08910, 42.05650, Lowe's, USA-Erie
-81.71294, 38.32939, Lowe's, USA-S Charleston
-85.16450, 41.14100, Lowe's, USA-N Ft Wayne
-80.28164, 39.27362, Lowe's, USA-Clarksburg
-95.45310, 29.03960, Lowe's, USA-Lake Jackson
-80.18190, 42.07260, Lowe's, USA-W Erie
-80.17474, 35.34312, Lowe's, USA-Albemarle
-123.35775, 43.25103, Lowe's, USA-Roseburg
-77.95104, 35.73582, Lowe's, USA-Wilson
-92.60350, 38.15746, Lowe's, USA-Osage Beach
-97.31618, 32.56203, Lowe's, USA-Burleson
-115.20323, 36.15770, Lowe's, USA-C Las Vegas
-82.73790, 28.01591, Lowe's, USA-Clearwater
-81.52349, 41.31384, Lowe's, USA-Macedonia
-98.43430, 29.49150, Lowe's, USA-N E Central San Antonio
-82.67332, 28.28025, Lowe's, USA-Port Richey
-92.29230, 38.96110, Lowe's, USA-Columbia
-75.95635, 43.97383, Lowe's, USA-Watertown
-147.69120, 64.85767, Lowe's, USA-Fairbanks
-96.60968, 32.94378, Lowe's, USA-Garland
-89.90900, 35.14663, Lowe's, USA-Memphis
-74.66176, 40.31107, Lowe's, USA-W Windsor
-97.20600, 37.67760, Lowe's, USA-E Wichita
-84.22170, 39.64070, Lowe's, USA-Dayton Mall
-95.80544, 29.52925, Lowe's, USA-Rosenberg
-90.16276, 30.00286, Lowe's, USA-Metairie
-81.28770, 28.75760, Lowe's, USA-Sanford
-93.32284, 30.21940, Lowe's, USA-Sulphur
-111.05387, 32.33487, Lowe's, USA-Marana
-81.43794, 40.47852, Lowe's, USA-New Philadelphia
-95.15821, 29.64882, Lowe's, USA-Pasadena
-81.50611, 41.42386, Lowe's, USA-Bedford Heights
-80.85380, 35.08780, Lowe's, USA-Pineville
-77.76390, 39.62940, Lowe's, USA-Hagerstown
-82.29701, 34.82896, Lowe's, USA-Greenville
-83.68110, 42.23140, Lowe's, USA-Ann Arbor
-119.22210, 46.21560, Lowe's, USA-Kennewick
-117.98662, 33.71668, Lowe's, USA-Huntington Beach
-117.27870, 33.94230, Lowe's, USA-Moreno Valley
-77.82120, 35.96490, Lowe's, USA-Rocky Mount
-115.11610, 36.00710, Lowe's, USA-W Henderson
-97.16541, 32.76403, Lowe's, USA-E Fort Worth
-94.95220, 29.39660, Lowe's, USA-Texas City
-86.80466, 33.61050, Lowe's, USA-Fultondale
-71.47187, 42.94155, Lowe's, USA-Bedford
-81.28330, 35.70000, Lowe's, USA-Hickory
-80.72013, 40.05161, Lowe's, USA-Wheeling
-116.80028, 47.70181, Lowe's, USA-Coeur D' Alene
-81.10940, 33.97850, Lowe's, USA-W Columbia
-90.13895, 32.40063, Lowe's, USA-Ridgeland
-87.62840, 34.82970, Lowe's, USA-Florence
-88.25816, 40.13842, Lowe's, USA-Champaign
-158.00350, 21.39950, Lowe's, USA-Waipahu
-93.09662, 35.28321, Lowe's, USA-Russellville
-80.86993, 40.07461, Lowe's, USA-St Clairsville
-112.34961, 33.63628, Lowe's, USA-Surprise
-83.08817, 42.56321, Lowe's, USA-Sterling Heights
-81.73177, 30.31602, Lowe's, USA-W Jacksonville
-82.59434, 36.97372, Lowe's, USA-Wise Cnty
-90.07990, 30.44770, Lowe's, USA-Covington
-111.84123, 33.24649, Lowe's, USA-Ocotillo
-98.51130, 29.60660, Lowe's, USA-N San Antonio
-82.77664, 36.18142, Lowe's, USA-Greenville
-80.35980, 26.03020, Lowe's, USA-W Davie
-97.16236, 34.18910, Lowe's, USA-Ardmore
-86.74680, 34.75470, Lowe's, USA-Madison
-84.13663, 34.18332, Lowe's, USA-Cumming
-75.03532, 39.86265, Lowe's, USA-Lawnside
-83.21313, 42.28097, Lowe's, USA-Allen Park
-80.82626, 32.24243, Lowe's, USA-Bluffton (Hilton Head)
-77.71679, 43.21277, Lowe's, USA-Greece
-80.38673, 33.95789, Lowe's, USA-Sumter
-83.21165, 35.94148, Lowe's, USA-Newport
-118.10430, 33.98530, Lowe's, USA-Pico Rivera
-122.24943, 47.46140, Lowe's, USA-Tukwila
-85.03844, 35.98712, Lowe's, USA-Crossville
-82.35689, 32.20178, Lowe's, USA-Vidalia
-83.02720, 42.52250, Lowe's, USA-Warren
-96.87010, 46.86210, Lowe's, USA-Fargo
-78.81681, 42.99917, Lowe's, USA-W Amherst
-79.59632, 40.30619, Lowe's, USA-Greensburg
-89.79731, 35.04686, Lowe's, USA-S E Memphis
-80.04640, 32.81124, Lowe's, USA-W Ashley
-75.13830, 40.22970, Lowe's, USA-Warrington
-118.33439, 34.19118, Lowe's, USA-Burbank
-118.14633, 34.67440, Lowe's, USA-Lancaster
-81.79930, 28.82620, Lowe's, USA-Lake County
-86.22240, 39.90966, Lowe's, USA-N W Indianapolis
-94.72920, 32.54110, Lowe's, USA-Longview
-83.18997, 42.18487, Lowe's, USA-Southgate
-79.96410, 37.31790, Lowe's, USA-Roanoke
-77.45880, 37.63450, Lowe's, USA-N Richmond
-77.87400, 34.23520, Lowe's, USA-University Centre
-73.76682, 42.86296, Lowe's, USA-Halfmoon (Clifton Park)
-122.58153, 45.42320, Lowe's, USA-Clackamas County
-90.40640, 38.56220, Lowe's, USA-Kirkwood
-90.81554, 29.81326, Lowe's, USA-Thibodaux
-70.44636, 43.83943, Lowe's, USA-N Windham
-85.23474, 34.27362, Lowe's, USA-Rome
-85.98813, 33.99661, Lowe's, USA-Gadsden
-81.72933, 28.01197, Lowe's, USA-Winter Haven
-74.09350, 40.72268, Lowe's, USA-Jersey City
-112.23918, 33.60862, Lowe's, USA-Peoria
-117.60398, 33.45731, Lowe's, USA-San Clemente
-84.77100, 34.20470, Lowe's, USA-Cartersville
-119.79144, 36.84574, Lowe's, USA-Fresno
-84.53477, 38.22814, Lowe's, USA-Georgetown
-97.67747, 30.48214, Lowe's, USA-Round Rock
-84.77486, 37.61685, Lowe's, USA-Danville
-85.80196, 33.61405, Lowe's, USA-Oxford
-122.83154, 47.04855, Lowe's, USA-Olympia
-82.11735, 41.39806, Lowe's, USA-Elyria
-86.19351, 43.20411, Lowe's, USA-Muskegon
-122.34084, 48.44142, Lowe's, USA-Mt Vernon
-82.37914, 28.11563, Lowe's, USA-Tampa Palms
-83.11718, 41.37290, Lowe's, USA-Fremont
-97.06724, 36.73952, Lowe's, USA-Ponca City
-73.98604, 41.97092, Lowe's, USA-Ulster
-110.83887, 32.23605, Lowe's, USA-E Tucson
-80.45114, 27.64042, Lowe's, USA-Vero Beach
-96.80421, 33.10328, Lowe's, USA-Frisco
-85.92648, 37.00175, Lowe's, USA-Glasgow
-84.21711, 37.99798, Lowe's, USA-Winchester
-84.16895, 33.70071, Lowe's, USA-S Dekalb - Lithonia
-81.55300, 30.33000, Lowe's, USA-E Jacksonville
-82.97086, 42.62504, Lowe's, USA-Clinton Twp
-118.30892, 33.82405, Lowe's, USA-Torrance
-114.95610, 36.01470, Lowe's, USA-Central Henderson
-110.97828, 32.28223, Lowe's, USA-C Tucson
-93.31194, 37.25244, Lowe's, USA-N Springfield
-80.96660, 34.93690, Lowe's, USA-Rock Hill
-106.43840, 31.90150, Lowe's, USA-N El Paso
-88.50554, 34.91672, Lowe's, USA-Corinth
-84.28575, 37.73033, Lowe's, USA-Richmond
-85.64850, 42.29550, Lowe's, USA-Kalamazoo
-87.49104, 37.36232, Lowe's, USA-Madisonville
-82.40456, 36.34488, Lowe's, USA-Johnson City
-73.76220, 42.74780, Lowe's, USA-Colonie
-77.40780, 35.56247, Lowe's, USA-Greenville
-81.75021, 37.06218, Lowe's, USA-Claypool Hill
-90.52610, 41.56050, Lowe's, USA-Davenport
-81.98500, 35.04868, Lowe's, USA-Boiling Springs
-122.75372, 45.42894, Lowe's, USA-Tigard
-74.43920, 40.55500, Lowe's, USA-Piscataway
-77.66920, 37.40270, Lowe's, USA-W Chesterfield
-97.05174, 36.14032, Lowe's, USA-Stillwater
-104.74808, 38.97071, Lowe's, USA-N Colorado Springs
-91.06450, 30.37702, Lowe's, USA-S Baton Rouge
-85.67202, 38.10777, Lowe's, USA-S Louisville
-94.76300, 38.88170, Lowe's, USA-Olathe
-81.11088, 35.25784, Lowe's, USA-Franklin Square
-78.67740, 33.82960, Lowe's, USA-N Myrtle Beach
-75.99990, 42.09860, Lowe's, USA-Vestal
-78.33988, 34.99366, Lowe's, USA-Clinton
-83.40970, 42.33320, Lowe's, USA-Westland
-111.89525, 40.58678, Lowe's, USA-Sandy
-83.76259, 32.88092, Lowe's, USA-N W Macon
-78.17051, 39.15732, Lowe's, USA-Winchester
-95.64459, 29.87861, Lowe's, USA-W Houston
-76.53381, 37.38520, Lowe's, USA-Gloucester
-83.67740, 32.81440, Lowe's, USA-Macon
-86.35805, 39.61646, Lowe's, USA-Mooresville
-81.80744, 26.61063, Lowe's, USA-N E Fort Myers
-88.20551, 41.74690, Lowe's, USA-Naperville
-76.67621, 39.97544, Lowe's, USA-York
-76.18844, 40.69722, Lowe's, USA-Pottsville
-90.53255, 38.78831, Lowe's, USA-St Charles
-85.24610, 34.95240, Lowe's, USA-Ft Oglethorpe
-97.36130, 31.07110, Lowe's, USA-Temple
-94.97647, 29.77814, Lowe's, USA-Baytown
-112.46486, 42.91180, Lowe's, USA-Pocatello
-97.42530, 32.80750, Lowe's, USA-N W Ft Worth
-96.68149, 33.10257, Lowe's, USA-Allen
-84.53730, 42.65980, Lowe's, USA-S Lansing
-91.97279, 34.20848, Lowe's, USA-Pine Bluff
-106.77280, 32.34140, Lowe's, USA-Las Cruces
-83.99080, 34.08740, Lowe's, USA-Buford
-82.12692, 36.63292, Lowe's, USA-Bristol
-89.74734, 30.28094, Lowe's, USA-Slidell
-82.66620, 27.79280, Lowe's, USA-S St Petersburg
-87.46761, 37.99578, Lowe's, USA-E Evansville
-83.76244, 31.19015, Lowe's, USA-Moultrie
-99.11684, 30.06822, Lowe's, USA-Kerrville
-88.84307, 33.44730, Lowe's, USA-Starkville
-86.12500, 40.00000, Lowe's, USA-Carmel
-86.51880, 33.56437, Lowe's, USA-Leeds
-75.13925, 40.67752, Lowe's, USA-Phillipsburg
-84.43300, 42.26960, Lowe's, USA-Jackson
-83.12065, 40.02681, Lowe's, USA-W Columbus
-78.40332, 33.97634, Lowe's, USA-Shallotte
-94.34112, 35.34865, Lowe's, USA-Ft Smith
-98.55370, 29.51110, Lowe's, USA-N W Central San Antonio
-118.14476, 34.59996, Lowe's, USA-Palmdale
-88.12506, 41.69263, Lowe's, USA-Bolingbrook
-106.30384, 31.72469, Lowe's, USA-E El Paso
-82.82940, 42.67373, Lowe's, USA-N Chesterfield
-119.79408, 39.47578, Lowe's, USA-Reno
-86.63880, 30.44240, Lowe's, USA-Ft Walton Beach
-80.58020, 35.02604, Lowe's, USA-Monroe
-86.83894, 34.15622, Lowe's, USA-Cullman
-92.06962, 30.17167, Lowe's, USA-Lafayette
-98.64860, 29.43720, Lowe's, USA-W San Antonio
-77.08894, 35.10222, Lowe's, USA-New Bern
-93.17820, 30.19190, Lowe's, USA-Lake Charles
-93.24681, 44.09646, Lowe's, USA-Owatonna
-75.22380, 43.12730, Lowe's, USA-Utica
-76.43795, 36.81787, Lowe's, USA-W Chesapeake
-77.50810, 38.29850, Lowe's, USA-Fredericksburg
-84.55349, 35.89406, Lowe's, USA-Harriman
-76.21336, 36.85824, Lowe's, USA-Norfolk
-84.13860, 39.87708, Lowe's, USA-Huber Heights
-86.29648, 36.18935, Lowe's, USA-Lebanon
-83.94454, 30.83712, Lowe's, USA-Thomasville
-117.55494, 34.10572, Lowe's, USA-Rancho Cucamonga
-90.05779, 32.34357, Lowe's, USA-Flowood
-89.15068, 32.76146, Lowe's, USA-Philadelphia
-80.86513, 33.51736, Lowe's, USA-Orangeburg
-90.69708, 38.79142, Lowe's, USA-O'fallon
-82.58980, 40.77960, Lowe's, USA-Ontario
-84.58487, 37.90135, Lowe's, USA-Nicholasville
-83.98910, 35.77080, Lowe's, USA-Blount County
-85.51305, 43.68657, Lowe's, USA-Big Rapids
-81.20750, 28.54710, Lowe's, USA-Waterford Lakes
-72.71860, 41.81670, Lowe's, USA-Bloomfield
-95.71440, 29.78327, Lowe's, USA-Katy
-78.53740, 35.96840, Lowe's, USA-Wake Forest
-76.63830, 39.45650, Lowe's, USA-Timonium
-80.31030, 40.68040, Lowe's, USA-Monaca
-83.66970, 32.61840, Lowe's, USA-Warner Robins
-74.07260, 41.50290, Lowe's, USA-Newburgh
-87.12166, 37.72375, Lowe's, USA-Owensboro
-95.95026, 36.74069, Lowe's, USA-Bartlesville
-86.22095, 32.35340, Lowe's, USA-S Montgomery
-82.54490, 28.02700, Lowe's, USA-Central Tampa
-87.27150, 30.43450, Lowe's, USA-S W Pensacola
-80.22752, 40.18490, Lowe's, USA-Washington
-84.01336, 33.64189, Lowe's, USA-Conyers
-84.36014, 41.30752, Lowe's, USA-Defiance
-110.99219, 32.13583, Lowe's, USA-S W Tucson
-122.31278, 47.28815, Lowe's, USA-Federal Way
-156.45168, 20.88305, Lowe's, USA-Kahului
-82.24897, 36.34700, Lowe's, USA-Elizabethton
-107.34173, 39.55453, Lowe's, USA-Glenwood Springs
-81.50454, 28.55102, Lowe's, USA-W Orlando
-86.64850, 33.59770, Lowe's, USA-Trussville
-90.47600, 41.47110, Lowe's, USA-Moline
-84.16683, 34.07356, Lowe's, USA-Duluth
-84.69258, 45.02635, Lowe's, USA-Gaylord
-94.18030, 36.33758, Lowe's, USA-Rogers
-104.77217, 39.53625, Lowe's, USA-Parker
-88.52262, 30.38289, Lowe's, USA-Pascagoula
-84.67438, 34.03503, Lowe's, USA-Acworth
-80.69727, 35.12245, Lowe's, USA-S E Charlotte
-94.01902, 30.90579, Lowe's, USA-Jasper
-86.42550, 35.84449, Lowe's, USA-Murfreesboro
-73.99693, 40.67195, Lowe's, USA-Brooklyn
-76.39430, 37.04010, Lowe's, USA-Hampton
-116.28939, 33.70883, Lowe's, USA-La Quinta
-78.04473, 33.95497, Lowe's, USA-Southport
-80.94970, 34.07170, Lowe's, USA-N E Columbia
-79.97230, 37.22810, Lowe's, USA-S Roanoke
-74.80562, 39.98160, Lowe's, USA-Mt Holly
-97.74030, 30.36560, Lowe's, USA-Central Austin
-81.35270, 41.24090, Lowe's, USA-Streetsboro
-77.39870, 34.78220, Lowe's, USA-Jacksonville
-81.17458, 37.79690, Lowe's, USA-Beckley
-83.84424, 42.28936, Lowe's, USA-Scio Township
-87.70114, 44.07702, Lowe's, USA-Manitowoc
-79.83740, 36.11610, Lowe's, USA-N Greensboro
-97.51389, 35.38983, Lowe's, USA-S Oklahoma City
-85.65567, 30.18832, Lowe's, USA-Panama City
-70.98742, 41.64267, Lowe's, USA-N Dartmouth
-82.62740, 35.56720, Lowe's, USA-W Asheville
-76.31575, 39.46429, Lowe's, USA-S Bel Air
-75.04050, 39.42750, Lowe's, USA-Millville
-97.76380, 30.20060, Lowe's, USA-S E Austin
-86.71048, 36.28020, Lowe's, USA-Madison
-95.26367, 29.55653, Lowe's, USA-Pearland
-87.55050, 33.16400, Lowe's, USA-Tuscaloosa
-97.08619, 47.88869, Lowe's, USA-Grand Forks
-71.78149, 42.29078, Lowe's, USA-Worcester
-87.88702, 42.57424, Lowe's, USA-Kenosha
-94.97563, 35.88838, Lowe's, USA-Tahlequah
-84.88544, 39.07973, Lowe's, USA-Lawrenceburg
-82.04004, 37.87942, Lowe's, USA-Logan
