-86.793697,33.333799,Lumber Liquidators - 2242 Pelham Pkwy; Pelham,AL 35124>205-941-9955
-86.629425,33.605392,Lumber Liquidators - 1805 Tin Valley Circle; Birmingham,AL 35235>205-572-4850
-86.567015,34.654764,Lumber Liquidators - 8402 Whitesburg Dr S; Huntsville,AL 35802>256-513-4656
-86.232441,32.382405,Lumber Liquidators - 4345 Atlanta Hwy; Montgomery,AL 36109>334-239-3488
-88.137674,30.671314,Lumber Liquidators - 3725 Airport Blvd; Mobile,AL 36608>251-545-3353
-92.3551226,34.74283,Lumber Liquidators - 6 Freeway Dr; Little Rock,AR 72205>501-588-4735
-94.1504719,36.175418,Lumber Liquidators - 1840 W Sunset Ave; Springdale,AR 72762>479-439-8544
-112.065592,33.428081,Lumber Liquidators - 2120 S 7th St; Phoenix,AZ 85034>602-454-2552
-111.899727,33.618926,Lumber Liquidators - 8340 E Rain Tree Dr: Scottsdale,AZ 85260>480-582-1400
-111.7989,33.281488,Lumber Liquidators - 2460 E Germann Rd; Chandler,AZ 85286>623-321-3590
-112.256461,33.573587,Lumber Liquidators - 9700 N 91st Ave; Peoria,AZ 85345>623-239-3062
-111.015358,32.27604,Lumber Liquidators - 3745 N I-10 EB Frontage Rd; Tucson,AZ 85705>520-790-7029
-118.13994,33.990832,Lumber Liquidators - 6548 Telegraph Rd; City Of Commerce,CA 90040>323-721-0800
-118.437531,34.037659,Lumber Liquidators - 2310 Cotner Ave; Los Angeles,CA 90064>213-785-3456
-117.565844,34.099132,Lumber Liquidators - 10920 Arrow Route; Rancho Cucamonga,CA 91730>909-937-1122
-117.8735663,33.9934419,Lumber Liquidators - 19555 Walnut Dr S; City Of Industry,CA 91748>626-465-1560
-117.1482991,32.8867009,Lumber Liquidators - 7924 Miramar Rd; San Diego,CA 92126>858-689-0800
-116.3819564,33.7996392,Lumber Liquidators - 73-806 Dinah Shore Dr; Palm Desert,CA 92211>760-469-4368
-117.8411033,33.726497,Lumber Liquidators - 1850 E Edinger Ave; Santa Ana,CA 92705>714-258-8100
-119.20454,34.250964,Lumber Liquidators - 6250 Inez St; Ventura,CA 93003>805-256-7070
-120.6709046,35.2441972,Lumber Liquidators - 170 Suburban Rd; San Luis Obispo,CA 93401>805-706-0387
-122.3698932,37.5951463,Lumber Liquidators - 1501 Adrian Rd; Burlingame,CA 94010>650-204-4663
-122.065337,37.981923,Lumber Liquidators - 110 2nd Ave S; Pacheco,CA 94553>925-231-1059
-122.1561501,37.7044458,Lumber Liquidators - 2997 Teagarden St; San Leandro,CA 94578>510-524-7800
-121.905534,37.367019,Lumber Liquidators - 1575 Terminal Ave; San Jose,CA 95112>408-463-6300
-104.825336,39.704804,Lumber Liquidators - 14015 E Exposition Ave; Aurora,CO 80012>720-307-6645
-105.092925,39.616531,Lumber Liquidators - 8500 W Crestline Ave; Littleton,CO 80123>720-593-4350
-104.8814036,39.5543244,Lumber Liquidators - 8204-B Park Meadows Dr; Lone Tree,CO 80124>720-259-4370
-104.988381,39.788562,Lumber Liquidators - 5060 Acoma St; Denver,CO 80216>303-292-1515
-105.119921,40.151085,Lumber Liquidators - 633 Frontage Rd; Longmont,CO 80501>720-204-3477
-105.1193286,40.1511462,Lumber Liquidators - 633 Frontage Rd; Longmont,CO 80501>720-204-3477
-105.031888,40.580045,Lumber Liquidators - 2415 E Mulberry St; Fort Collins,CO 80524>970-372-0197
-104.8269245,38.8986497,Lumber Liquidators - 4624 Northpark Dr; Colorado Springs,CO 80918>719-266-9299
-108.597264,39.085758,Lumber Liquidators - 2465 Hwy 6 & 50; Grand Junction,CO 81505>970-628-0160
-72.661069,41.736749,Lumber Liquidators - 121 Brainard Rd; Hartford,CT 06114>860-527-8434
-72.161019,41.379353,Lumber Liquidators - 150 Cross Rd; Waterford,CT 06385>860-237-4545
-73.030466,41.2406,Lumber Liquidators - 1389 Boston Post Rd; Milford,CT 06460>203-693-4022
-72.872972,41.356961,Lumber Liquidators - 430 Universal Dr N; North Haven,CT 06473>203-889-4703
-72.902843,41.316212,Lumber Liquidators - 1175 State St; New Haven,CT 06511>203-889-4703
-73.005774,41.568414,Lumber Liquidators - 1012 Wolcott St; Waterbury,CT 06705>203-721-6145
-73.126101,41.80007,Lumber Liquidators - 237 High St; Torrington,CT 06790>860-387-7032
-73.415058,41.408453,Lumber Liquidators - 71 Newtown Rd; Danbury,CT 06810>203-702-1430
-73.4486338,41.0953271,Lumber Liquidators - 651 Connecticut Ave; Norwalk,CT 06854>203-842-0840
-75.671285,39.666842,Lumber Liquidators - 23 University Plaza; Newark,DE 19702>302-273-8193
-75.444309,39.813227,Lumber Liquidators - 203 Naamans Rd; Claymont,DE 19703>302-798-1400
-75.549089,39.195947,Lumber Liquidators - 2940 N DuPont Hwy; Dover,DE 19901>302-747-5988
-75.5581895,38.4660631,Lumber Liquidators - 38491 Sussex Hwy; Delmar,DE 19940>302-248-5345
-81.063067,29.244546,Lumber Liquidators - 1757 N Nova Rd; Holly Hill,FL 32117>386- 868-1191
-81.655651,30.3321838,Lumber Liquidators - 624 Beautyrest Ave; Jacksonville,FL 32205>904-783-6446
-84.2269174,30.4253183,Lumber Liquidators - 1516 Capital Cir SE; Tallahassee,FL 32301>850-942-0000
-85.625686,30.164826,Lumber Liquidators - 901 NE Ave; Panama City,FL 32401>850-387-4328
-81.276773,28.775124,Lumber Liquidators - 2885 S Orlando Dr; Sanford,FL 32773>321-420-1176
-81.403892,28.417092,Lumber Liquidators - 9655 S Orange Blossom Trl; Orlando,FL 32839>407-999-0020
-80.6614507,28.078726,Lumber Liquidators - 2525 W New Haven Ave; Melbourne,FL 32904>321-473-3510
-80.3355894,25.6466066,Lumber Liquidators - 8785 SW 133rd St; Miami,FL 33176>786-507-8820
-82.063096,28.034732,Lumber Liquidators - 4017 S Frontage Rd; Plant City,FL 33566>863-808-1058
-82.579522,27.99654,Lumber Liquidators - 8444 W Hillsborough Ave; Tampa,FL 33615>813-867-2760
-82.668596,27.792389,Lumber Liquidators - 2599 22nd Ave N; Saint Petersburg,FL 33713>727-394-3255
-84.283868,34.09089,Lumber Liquidators - 735 N Main St; Alpharetta,GA 30009>404-692-4483
-84.032487,33.683242,Lumber Liquidators - 1820 Rockbridge Rd NW; Conyers,GA 30012>770-860-0606
-84.140336,33.951317,Lumber Liquidators - 3855 Venture Dr; Duluth,GA 30096>678-430-3953
-84.767558,33.725609,Lumber Liquidators - 7424 Douglas Blvd; Douglasville,GA 30135>470-377-0055
-84.612928,34.015084,Lumber Liquidators - 2500 N Cobb Pkwy; Kennesaw,GA 30152>770-850-0606
-84.746388,33.402002,Lumber Liquidators - 33 Amlajack Blvd; Newnan,GA 30265>678-228-2405
-82.069975,33.517971,Lumber Liquidators - 3475 Old Petersburg Rd; Augusta,GA 30907>706-955-2789
-83.7596295,32.6537561,Lumber Liquidators - 150 Tower Centre Dr; Byron,GA 31008>478-225-4604
-81.161742,32.047434,Lumber Liquidators - 4131 Ogeechee Rd; Savannah,GA 31405>912-480-0519
-84.9246494,32.5124232,Lumber Liquidators - 4211 Milgen Rd; Columbus,GA 31907>706-405-3367
-93.7541712,41.6169772,Lumber Liquidators - 10131 Hickman Rd; Urbandale,IA 50322>515-322-1465
-91.62335,42.029768,Lumber Liquidators - 1418 Twixt Town Rd; Marion,IA 52404>319-243-3035
-90.5800736,41.5599847,Lumber Liquidators - 321 W Kimberly Rd; Davenport,IA 52806>866-839-7095
-111.982488,43.510297,Lumber Liquidators - 1574 N Hitt Rd; Idaho Falls,ID 83401>208-881-9782
-116.274127,43.5777589,Lumber Liquidators - 7428 W Mossy Cup St; Boise,ID 83709>208-286-1180
-87.9504608,42.0319929,Lumber Liquidators - 1460 E Algonquin Rd; Arlington Heights,IL 60005>847-357-0400
-87.7247359,41.7203906,Lumber Liquidators - 4145 W 95th St; Oak Lawn,IL 60453>708-572-8888
-87.660541,41.9111211,Lumber Liquidators - 1606 N Throop St; Chicago,IL 60642>773-696-2600
-89.0287747,42.2276349,Lumber Liquidators - 3290 S Alpine Rd; Rockford,IL 61109>815-873-6631
-89.546582,40.6890828,Lumber Liquidators - 1467 N Main St; East Peoria,IL 61611>309-740-1801
-89.6044477,39.8390364,Lumber Liquidators - 2731 N Dirksen Pkwy; Springfield,IL 62702>217-953-4006 
-86.102962,39.585918,Lumber Liquidators - 2117 Independence Dr; Greenwood,IN 46143>317-522-0076
-85.986696,39.774926,Lumber Liquidators - 10207 E Washington St; Indianapolis,IN 46229>317-762-2341
-86.2210766,39.9081645,Lumber Liquidators - 8410 N Michigan Rd; Indianapolis,IN 46268>317-541-1444
-87.350076,41.471805,Lumber Liquidators - 1140 W 81st Ave; Merrillville,IN 46410>219-801-7622
-86.2499676,41.7232596,Lumber Liquidators - 3725 Cleveland Rd; South Bend,IN 46637>574-485-2524
-85.174854,41.1121368,Lumber Liquidators - 2639 Goshen Rd; Fort Wayne,IN 46808>260-494-3210
-87.538809,37.988872,Lumber Liquidators - 1200 N Willow Rd; Evansville,IN 47711>812-618-1301
-86.825466,40.413658,Lumber Liquidators - 4315 Commerce Dr; Lafayette,IN 47905>765-588-3554
-94.724965,38.950308,Lumber Liquidators - 9800 Quivira Rd; Lenexa,KS 66215>913-254-9800
-95.758081,39.028907,Lumber Liquidators - 5907 SW 21st St; Topeka,KS 66604>785-783-0608
-97.444677,37.669558,Lumber Liquidators - 8909 W Kellogg Dr; Wichita,KS 67209>316-768-4552
-85.833295,38.162683,Lumber Liquidators - 5236 Dixie Hwy; Louisville,KY 40216>502-915-2838
-85.569506,38.2122464,Lumber Liquidators - 2223 Plantside Dr; Jeffersontown,KY 40299>502-499-6600
-84.4466924,38.0412419,Lumber Liquidators - 2320 Fortune Dr; Lexington,KY 40509>859-963-1441
-84.65333,38.989644,Lumber Liquidators - 7800 Connector Dr; Florence,KY 41042>859-918-9961
-86.4241065,36.9546146,Lumber Liquidators - 1109 Lovers Ln; Bowling Green,KY 42103>270-282-0790
-90.181046,29.951933,Lumber Liquidators - 800 S Clearview Pkwy; Harahan,LA 70123>504-733-6230
-89.822369,30.303272,Lumber Liquidators - 2170 Gause Blvd W; Slidell,LA 70460>985-288-1890
-91.9748744,30.1649656,Lumber Liquidators - 3401 U. 90; Broussard,LA 70518>337-326-4683
-90.8383,30.495066,Lumber Liquidators - 9125 Comar Dr; Walker,LA 70785>225-263-1990
-91.050246,30.393658,Lumber Liquidators - 11770 Airline Hwy; Baton Rouge,LA 70809>225-298-1388
-93.7501789,32.5251516,Lumber Liquidators - 343 Bert Kouns Industrial Loop; Shreveport,LA 71106>318-402-0992
-72.636406,42.367687,Lumber Liquidators - 10 West St; West Hatfield,MA 01088>413-349-4064
-72.466725,42.151338,Lumber Liquidators - 2148 Boston Rd; Wilbraham,MA 01095>413-682-1583
-71.758054,42.541083,Lumber Liquidators - 110 Water Tower Plaza; Leominster,MA 01453>978-751-3745
-71.679816,42.275939,Lumber Liquidators - 835 Hartford Tpke; Shrewsbury,MA 01545>508-925-9070
-71.124582,42.4984449,Lumber Liquidators - 345 Washington St; Woburn,MA 01801>781-935-4111
-71.1725,42.270023,Lumber Liquidators - 1455 VFW Pkwy; Boston,MA 02026>617-327-1222
-71.0374263,42.2209958,Lumber Liquidators - 240 Wood Rd; Braintree,MA 02184>781-849-9663
-70.651517,41.92897,Lumber Liquidators - 76 Shops at 5 Way; Plymouth,MA 02360>508-927-1138
-70.284692,41.6571,Lumber Liquidators - 20 Charles St; Barnstable Town,MA 02601>508-815-4121
-71.212729,41.754428,Lumber Liquidators - 207 Swansea Mall Dr; Swansea,MA 02777>508-689-5925
-76.884546,38.648683,Lumber Liquidators - 2260 Crain Hwy; Waldorf,MD 20601>240-435-2092
-76.912887,39.030596,Lumber Liquidators - 10711 Baltimore Ave; Beltsville,MD 20705>301-931-3467
-77.153999,39.094299,Lumber Liquidators - 800 Hungerford Dr; Rockville,MD 20850>301-971-4772
-76.291585,39.443799,Lumber Liquidators - 2710 Pulaski Hwy; Edgewood,MD 21040>443-490-0180
-76.59778,39.196732,Lumber Liquidators - 585-A E Ordnance Rd; Glen Burnie,MD 21060>443-422-6758
-76.625022,39.444317,Lumber Liquidators - 2151 York Rd; Lutherville Timonium,MD 21093>443-846-0430
-76.447588,39.359695,Lumber Liquidators - 9902 C Pulaski Hwy; Middle River,MD 21220>443-274-7266
-76.7563891,39.3306959,Lumber Liquidators - 2707 N Rolling Rd; Windsor Mill,MD 21244>410-944-9988
-76.524,38.974406,Lumber Liquidators - 10 Lincoln Ct; Annapolis,MD 21401>443-951-0202
-77.4128013,39.3899752,Lumber Liquidators - 7311 Grove Rd; Frederick,MD 21704>240-575-3065
-70.331846,43.597774,Lumber Liquidators - 443 US Rte 1; Scarborough,ME 04074>207-885-9900
-70.226849,44.125475,Lumber Liquidators - 730 Center St; Auburn,ME 04210>207-692-2236
-68.7446471,44.7812402,Lumber Liquidators - 510 Wilson St; Brewer,ME 04412>207-631-2370
-82.917367,42.56124,Lumber Liquidators - 35906 Groesbeck Hwy; Clinton Township,MI 48035>586-863-0090
-83.258689,42.196007,Lumber Liquidators - 23267 Eureka Rd; Taylor,MI 48180>734-407-7983
-83.650965,42.230007,Lumber Liquidators - 2623 Ellsworth Rd; Ypsilanti,MI 48197>734-547-3143
-83.313464,42.382482,Lumber Liquidators - 13080 Inkster Rd; Redford,MI 48239>313-532-1200
-83.241885,42.670475,Lumber Liquidators - 2434 Pontiac Rd; Auburn Hills,MI 48326>248-630-3941
-84.03292,43.434908,Lumber Liquidators - 5901 Brockway Rd; Saginaw,MI 48638>989-321-2628
-84.544087,42.662482,Lumber Liquidators - 462 E Edgewood Blvd; Lansing,MI 48911>517-455-7672
-85.644539,42.297027,Lumber Liquidators - 4432 W Main St; Kalamazoo,MI 49006>269-743-0030
-85.663654,43.033133,Lumber Liquidators - 230 Lamoreaux Dr NE; Comstock Park,MI 49321>616-997-2500
-85.6241571,44.7335709,Lumber Liquidators - 2404 S Airport Rd W; Traverse City,MI 49684>231-668-9207
-92.950411,44.947753,Lumber Liquidators - 7700 Hudson Rd; Woodbury,MN 55125>651-967-0260
-93.5945548,44.8591839,Lumber Liquidators - 2973 Water Tower Pl; Chanhassen,MN 55317>952-314-4975 
-93.296328,44.749809,Lumber Liquidators - 1355 W 141st St; Burnsville,MN 55337>507-298-2469
-93.26617,45.131618,Lumber Liquidators - 36 County Rd; Blaine,MN 55434>763-784-3440
-92.113644,46.764046,Lumber Liquidators - 367 Garfield Ave; Duluth,MN 55802>218-260-4917
-92.5062181,44.0756063,Lumber Liquidators - 5139 US 52; Rochester,MN 55901>507-216-0978
-92.5062181,44.0756063,Lumber Liquidators - 5139 US 52; Rochester,MN 55901>507-216-0978
-90.4627986,38.542673,Lumber Liquidators - 958 S Highway Dr; Fenton,MO 63026>636-764-0429
-90.570295,38.7957176,Lumber Liquidators - 4016 N Service Rd; St Peters,MO 63376>636-875-1044
-94.362526,38.918357,Lumber Liquidators - 300 NE 291 Hwy; Lees Summit,MO 64086>816-272-2528
-92.290305,38.963282,Lumber Liquidators - 3200 Clark La; Columbia,MO 65202>573-234-4453
-93.2313367,37.2098525,Lumber Liquidators - 3103 E Chestnut Expy; Springfield,MO 65802>417-459-4421
-89.999643,34.956262,Lumber Liquidators - 6550 Interstate Blvd; Horn Lake,MS 38637>662-298-4764
-90.1557212,32.4002056,Lumber Liquidators - 950 W County Line Rd; Jackson,MS 39213>601-991-9000
-89.089708,30.425283,Lumber Liquidators - 9444 Hwy 49; Gulfport,MS 39503>228-206-2306
-79.8853809,36.0590483,Lumber Liquidators - 3402 W Wendover Ave; Greensboro,NC 27407>336-790-0060
-78.6081848,35.8032369,Lumber Liquidators - 2011 Raleigh Blvd; Raleigh,NC 27604>919-828-4449
-78.9409404,36.0173294,Lumber Liquidators - 3157 Hillsborough Rd; Durham,NC 27705>919-246-9986
-77.377337,35.581457,Lumber Liquidators - 315 SE Greenville Blvd; Greenville,NC 27858>252-558-1559
-81.126342,35.262561,Lumber Liquidators - 2930-39/42 E Franklin Blvd; Gastonia,NC 28056>704-879-2231
-80.698487,35.120274,Lumber Liquidators - 11101 E Independence Blvd; Matthews,NC 28105>704-749-2490
-80.462476,35.654804,Lumber Liquidators - 403 Bendix Dr; Salisbury,NC 28146>704-314-0664
-80.894835,35.251795,Lumber Liquidators - 1108 Thomasboro Dr; Charlotte,NC 28208>704-509-5555
-78.970094,35.069683,Lumber Liquidators - 1916 Skibo Rd; Fayetteville,NC 28314>910-302-8180
-77.83052,34.2625079,Lumber Liquidators - 6816 Gordon Rd; Wilmington,NC 28405>910-795-0025 
-81.348184,35.71936,Lumber Liquidators - 571 US Hwy 70 SW; Hickory,NC 28602>828-449-3282
-82.523261,35.4515559,Lumber Liquidators - 495 Watson Rd; Arden,NC 28704>828-483-4189
-96.834187,46.8840829,Lumber Liquidators - 3453 7th Ave N; Fargo,ND 58102>701-540-4026
-96.0430541,41.2187977,Lumber Liquidators - 4147 S 84th St; Omaha,NE 68127>402-218-1720
-96.631797,40.815976,Lumber Liquidators - 6401 Q St; Lincoln,NE 68505>402-858-1927
-71.4426148,42.7130769,Lumber Liquidators - 225 Daniel Webster Hwy; Nashua,NH 03060>603-821-2136 
-71.4118253,42.988586,Lumber Liquidators - 1207 Hanover St; Manchester,NH 03104>603-666-0333
-72.2567309,43.639704,Lumber Liquidators - 91 Mechanic St; Lebanon,NH 03766>603-448-2778
-70.8149781,42.9971247,Lumber Liquidators - 5 Lafayette Terrace; North Hampton,NH 03862>603-379-6024
-70.88156,43.225853,Lumber Liquidators - 200 Tri City Plaza; Somersworth,NH 03878>603-617-4760
-74.297654,40.879576,Lumber Liquidators - 311 Rte 46; Fairfield,NJ 07004>862-881-4606
-74.249358,40.697957,Lumber Liquidators - 1603 Rte 22; Union,NJ 07083>908-613-0843
-74.296564,40.537541,Lumber Liquidators - 507 King Georges Rd; Woodbridge,NJ 07095>908-259-4170
-74.0484997,40.8691351,Lumber Liquidators - 14 E Wesley St; South Hackensack,NJ 07606>201-343-5255
-74.04025,40.25344,Lumber Liquidators - 1604 SR 35; Oakhurst,NJ 07755>732-963-2035
-75.028223,39.918591,Lumber Liquidators - 1205 Warren Ave; Cherry Hill,NJ 08002>856-324-4450
-75.111021,39.831457,Lumber Liquidators - 1450 Clements Bridge Rd; Woodbury,NJ 08096>856-291-6500
-74.514139,39.387122,Lumber Liquidators - 7034 Black Horse Pike; Pleasantville,NJ 08232>609-910-0897
-75.039235,39.426154,Lumber Liquidators - 2251 N 2nd St; Millville,NJ 08332>609-736-2404
-74.657867,40.202482,Lumber Liquidators - 8 Commerce Way; Trenton,NJ 08691>609-588-8082
-74.180691,39.98412,Lumber Liquidators - 1258 Hooper Ave; Toms River,NJ 08753>848-480-0787
-74.3971414,40.4411884,Lumber Liquidators - 2 Claire Rd; East Brunswick,NJ 08816>732-387-4274
-74.61688,40.532916,Lumber Liquidators - 6 Old Camplain Rd; Hillsborough,NJ 08844>908-428-6000
-106.591759,35.142263,Lumber Liquidators - 5300 Pan American E Fwy NE; Albuquerque,NM 87109>505-883-7200
-115.049187,36.028191,Lumber Liquidators - 27 South Stephanie St; Las Vegas,NV 89012>702-893-3338
-115.235,36.2434,Lumber Liquidators - 4588 North Rancho Dr; Las Vegas,NV 89130>702-802-0873
-119.7720129,39.442591,Lumber Liquidators - 9728 S Virginia St; Reno,NV 89511>775-851-4949
-73.9900211,40.7377473,Lumber Liquidators - 30 E 18th St; New York,NY 10003>212-352-1111
-73.880853,40.940776,Lumber Liquidators - 132 Saw Mill River Rd; Yonkers,NY 10701>914-595-1411
-73.995272,40.6709563,Lumber Liquidators - 64 12th St; Brooklyn,NY 11215>347-756-4215
-73.561488,40.75501,Lumber Liquidators - 24 Kinkel St; Westbury,NY 11590>516-874-2033
-73.2176982,40.8071476,Lumber Liquidators - 22 Central Ave; Hauppauge,NY 11788>631-232-2020
-73.91085,41.605878,Lumber Liquidators - 1708 US- 9; Wappingers Falls,NY 12590>845-223-7764
-82.829056,39.925718,Lumber Liquidators - 2736 Brice Rd; Reynoldsburg,OH 43068>614-285-3101
-83.114681,39.953647,Lumber Liquidators - 4242 W Broad St; Columbus,OH 43228>614-851-4500
-82.980055,40.06132,Lumber Liquidators - 1454 Morse Rd; Columbus,OH 43229>614-636-4666
-83.642444,41.533294,Lumber Liquidators - 26495 Southpoint Rd; Perrysburg,OH 43551>419-931-6770
-81.292194,41.683382,Lumber Liquidators - 9690 Mentor Ave; Mentor,OH 44060>440-709-3000
-81.911447,41.419543,Lumber Liquidators - 26103 Lorain Rd; North Olmsted,OH 44070>440-252-3220
-81.6807013,41.4205577,Lumber Liquidators - 540 Old Brookpark Rd; Cleveland,OH 44109>216-661-2100
-80.632592,41.015718,Lumber Liquidators - 7661 S Ave; Youngstown,OH 44512>330-259-3250
-81.4285443,40.873126,Lumber Liquidators - 6331 Promler Ave; Canton,OH 44720>330-754-0005 
-82.592823,40.77409,Lumber Liquidators - 2178 W 4th St; Ontario,OH 44906>419-989-4240
-84.4643035,39.315097,Lumber Liquidators - 4810 Peter Pl; Cincinnati,OH 45246>513-942-4406
-84.310052,39.073034,Lumber Liquidators - 454 Ohio Pke; Cincinnati,OH 45255>513-823-2544
-84.223374,39.646672,Lumber Liquidators - 450 Springboro Pike; Dayton,OH 45449>937-684-9660
-97.483612,35.209769,Lumber Liquidators - 700 Ed Noble Pkwy; Norman,OK 73072>405-896-8223
-97.618314,35.465323,Lumber Liquidators -5835 W Reno Ave; Oklahoma City,OK 73127>405-948-1800
-95.874027,36.062569,Lumber Liquidators - 9137 E 71st St; Tulsa,OK 74133>918-270-2111
-122.697674,45.541747,Lumber Liquidators - 2245 NW Nicolai St; Portland,OR 97210>503-221-4944
-122.627601,45.443,Lumber Liquidators - 10872 SE Oak St; ilwaukie,OR 97222>503-420-3097
-122.752202,45.435167,Lumber Liquidators - 7301 SW Dartmouth; Tigard,OR 97223>503-964-6827
-122.536917,45.527804,Lumber Liquidators - 12225 NE Glisan St; Portland,OR 97230>503-308-8901
-122.982565,44.914544,Lumber Liquidators - 3920 Rickey St SE; Salem,OR 97301>503-967-7447
-123.161411,44.048628,Lumber Liquidators - 4095 W 11th Ave; Eugene,OR 97402>541-393-2585
-121.299608,44.101417,Lumber Liquidators - 20505 Robal Rd; Bend,OR 97701>541-209-0772
-79.733583,40.43549,Lumber Liquidators - 4721 William Penn Hwy; Monroeville,PA 15146>412-204-0013
-80.134951,40.431253,Lumber Liquidators - 4700 Campbells Run Rd; Pittsburgh,PA 15205>412-788-4666
-79.545908,40.287923,Lumber Liquidators - 1075 S Main St; Greensburg,PA 15601>412-927-0354
-76.8373759,40.1821162,Lumber Liquidators - 2 Laurel Rd; New Cumberland,PA 17070>717-798-8605
-75.481581,40.622211,Lumber Liquidators - 1204 MacArthur Rd; Whitehall,PA 18052>610-628-1186
-75.8452515,41.2432877,Lumber Liquidators - 211 Mundy St; Wilkes-Barre,PA 18702>570-301-6908
-75.01225,40.0977561,Lumber Liquidators - 10500 E Roosevelt Blvd; Philadelphia,PA 19116>267-234-7570
-77.1945247,41.2033216,Lumber Liquidators - N1420 E Dr 422 Business Ce; Oaks,PA 19456>484-991-4075
-71.494658,41.703718,Lumber Liquidators - 1301 Bald Hill Rd; Warwick,RI 02886>401-626-4245
-81.1434768,34.0693602,Lumber Liquidators - 4068 Fernandina Rd; Columbia,SC 29212>803-753-1767
-80.0389,32.944739,Lumber Liquidators - 2093 Eagle Landing Blvd; North Charleston,SC 29406>843-212-4800
-80.033628,32.789108,Lumber Liquidators - 2049 Savannah Hwy; Charleston,SC 29407>843-720-7888
-79.7913672,34.2356245,Lumber Liquidators - 2011 N Cashua Dr; Florence,SC 29501>843-536-4524
-79.020866,33.581315,Lumber Liquidators - 3338 US 17 Bus; Murrells Inlet,SC 29576>843-310-3502
-78.709047,33.810426,Lumber Liquidators - 2006 Hwy 17 S; North Myrtle Beach,SC 29582>843-353-0390
-82.264926,34.938516,Lumber Liquidators - 1367 W Wade Hampton Blvd; Greer,SC 29650>864-416-4670
-82.2806704,34.7477343,Lumber Liquidators - 3005 Kemet Dr; Simpsonville,SC 29681>864-881-6620
-81.006866,34.95999,Lumber Liquidators - 1801 Cherry Rd; Rock Hill,SC 29732>803-610-1680
-96.7767773,43.5231078,Lumber Liquidators - 2519 S Shirley Ave; Sioux Falls,SD 57106>605-610-3230
-86.594208,35.991946,Lumber Liquidators - 131 Charter Pl; La Vergne,TN 37086>615-793-6993
-86.703074,36.290331,Lumber Liquidators - 1553 Gallatin Pke N; Madison,TN 37115>615-997-0021
-85.196812,35.065133,Lumber Liquidators - 4295 Cromwell Rd; Chattanooga,TN 37421>423-933-3201
-82.491927,36.549299,Lumber Liquidators - 2637 E Stone Dr; Kingsport,TN 37660>423-343-4168
-84.1355061,35.9095063,Lumber Liquidators - 504 Carden Jennings Ln; Knoxville,TN 37932>865-622-3740
-89.830755,35.179019,Lumber Liquidators - 6949 Appling Farms Pkwy; Memphis,TN 38133>901-743-3339
-96.9158615,32.9627575,Lumber Liquidators - 1620 I-35 Frontage Rd; Carrollton,TX 75006>972-323-5077
-96.710845,33.023196,Lumber Liquidators - 1717 N Central Expy; Plano,TX 75075>972-422-0727
-95.56521,29.854013,Lumber Liquidators - 5829 W Sam Houston Pkwy N; Houston,TX 77041>832-467-9993
-95.3192604,29.6943895,Lumber Liquidators - 6148 S Loop E Fwy; Houston,TX 77087>713-649-3900
-94.1298232,30.0415717,Lumber Liquidators - 4395 W Cardinal Dr; Beaumont,TX 77705>409-299-3645
-97.4364751,27.7404721,Lumber Liquidators - 1910 S Padre Island Dr; Corpus Christi,TX 78416>361-356-4910
-98.259978,26.193351,Lumber Liquidators - 3401 W Expy 83; McAllen,TX 78503>956-467-5679
-97.692785,30.349748,Lumber Liquidators - 8627 I-35 N; Austin,TX 78753>512-444-0244
-101.940427,33.547361,Lumber Liquidators - 5004 Frankford Ave; Lubbock,TX 79424>806-577-4109
-106.3348203,31.7474956,Lumber Liquidators - 1111 Barranca Dr; El Paso,TX 79935>915-590-3300
-111.7220867,40.3372818,Lumber Liquidators - 1451 W 40 S; Lindon,UT 84042>801-429-9465 
-111.902452,40.727961,Lumber Liquidators - 389 W 1830 S; Salt Lake City,UT 84115>801-886-8878
-77.504009,38.777725,Lumber Liquidators - 10356 Festival La; Manassas,VA 20109>571-535-4352
-77.441701,38.892229,Lumber Liquidators - 14310 Sullyfield Cir; Chantilly,VA 20151>703-563-4321
-77.533352,39.112527,Lumber Liquidators - 1065 Edwards Ferry Rd NE; Leesburg,VA 20176>571-762-0541
-77.189717,38.732734,Lumber Liquidators - 8245 Backlick Rd; Lorton,VA 22079>703-339-1180
-77.496303,38.263775,Lumber Liquidators - 4507 Jefferson Davis Hwy; Fredericksburg,VA 22401>540-446-5035
-76.811331,37.414153,Lumber Liquidators - 3000 John Deere Rd; Toano,VA 23168>757-566-7546
-77.579072,37.506578,Lumber Liquidators - 9990 Robious Rd; North Chesterfield,VA 23235>804-404-7292
-77.54356,37.634555,Lumber Liquidators - 8818-B W Broad St; Richmond,VA 23294>804-404-7856
-76.104349,36.841384,Lumber Liquidators - 3756 Virginia Beach Blvd; Virginia Beach,VA 23452>757-215-0856
-76.262674,36.835903,Lumber Liquidators - 416 Campostella Rd; Norfolk,VA 23523>757-494-7900
-76.40708,37.039155,Lumber Liquidators - 2326 W Mercury Blvd; Hampton,VA 23666>757-952-0620
-80.0507972,37.2734776,Lumber Liquidators - 356 Apperson Dr; Salem,VA 24153>540-765-4200
-79.168438,37.360932,Lumber Liquidators - 3700 Candlers Mountain Rd; Lynchburg,VA 24502>434-845-1207
-73.115173,44.448517,Lumber Liquidators - 329 Harvest Ln; Williston,VT 05495>802-316-4113
-122.167047,47.62925,Lumber Liquidators - 2021 130th Ave NE: Bellevue,WA 98005>425-458-3671
-122.333699,47.574041,Lumber Liquidators - 3300 1st Ave S; Seattle,WA 98134>206-625-5200
-122.249492,47.459544,Lumber Liquidators - 120 Andover Park E; Tukwila,WA 98188>253-333-9830
-122.289345,47.894635,Lumber Liquidators - 11338 Mukilteo Speedway; Mukilteo,WA 98275>425-320-3980
-122.502984,47.233025,Lumber Liquidators - 3001 S Huson St; Tacoma,WA 98409>253-617-0071
-122.93615,47.034704,Lumber Liquidators - 1520 Cooper Point Rd SW; Olympia,WA 98502>360-529-4481
-117.230835,47.674802,Lumber Liquidators - 12918 E Indiana Ave; Spokane Valley,WA 99216>509-891-0111
-119.2056101,46.2145353,Lumber Liquidators - 6300 W Deschutes Ave; Kennewick,WA 99336>509-396-6912
-87.900604,42.568027,Lumber Liquidators - 7650 75th St; Kenosha,WI 53142>262-835-1100
-87.996278,43.018855,Lumber Liquidators - 6740 W Greenfield Ave; West Allis,WI 53214>414-386-0425
-89.2513929,43.1733649,Lumber Liquidators - 2255 McCoy Rd; Sun Prairie,WI 53590>608-318-4140
-89.45403,43.03423,Lumber Liquidators - 4615 Verona Rd; Madison,WI 53711>608-620-7306
-88.1005689,44.439123,Lumber Liquidators - 1452 Mid Valley Dr; De Pere,WI 54115>920-351-4570
-81.833292,38.445257,Lumber Liquidators - 4200 First Ave; Nitro,WV 25143>304-759-8639
-77.9638869,39.4562099,Lumber Liquidators - 85 Lynn Haven Dr; Martinsburg ,WV 25404>304-596-0920
-80.725083,40.053089,Lumber Liquidators - 2738 Chapline St; Wheeling,WV 26003>304-907-0137