-72.76048, 41.72372, Macy's - Farmington (Westfarms Mall) USA-(CT) Farmington, USA-100 Westfarms Mall, +1 860-561-3030
-80.31620, 40.66979, Macy's - Monaca (Beaver Valley Mall) USA-(PA) Monaca, USA-100 Beaver Valley Mall Blvd, +1 724 774-1200
-83.97014, 43.47718, Macy's - Saginaw (Fashion Square Mall) USA-(MI) Saginaw, USA-4750 Fashion Square Mall, +1 989 797-6300
-121.92829, 37.69311, Macy's - Pleasanton, USA-(CA) Pleasanton, 1300 Stoneridge Mall Rd, +1 925-463-3333
-93.17348, 45.01463, Macy's - Roseville, USA-(MN) Roseville, 900 Rosedale Ctr, +1 651 639-6600
-118.09252, 33.86165, Macy's - Cerritos (Los Cerritos Center) USA-(CA) Cerritos, USA-500 Los Cerritos Mall, +1 562-860-0411
-75.56739, 38.39808, Macy's - Salisbury, USA-(MD) Salisbury, 2304 N Salisbury Blvd, +1 410 860-0660
-122.10353, 37.64995, Macy's - Hayward, USA-(CA) Hayward, 800 Southland Mall, +1 510-786-4300
-82.59144, 40.76889, Macy's - Mansfield (Richland Mall) USA-(OH) Mansfield, USA-655 Richland Mall, +1 419 529-2411
-83.38513, 42.33907, Macy's - Westland, USA-(MI) Westland, 35000 West Warren Avenue, +1 734 458-5400
-81.63863, 38.35585, Macy's - Charleston (Charleston Town Center) USA-(WV) Charleston, USA-201 Lee St E, +1 304 345-9450
-82.52399, 27.30860, Macy's - Sarasota, USA-(FL) Sarasota, 600 Southgate Plaza, +1 941-953-9300
-118.49313, 34.01305, Macy's - Santa Monica (Santa Monica Place) USA-(CA) Santa Monica, USA-315 Colorado Ave, +1 310-393-1441
-90.19030, 38.62822, Macy's - St Louis (St. Louis Centre) USA-(MO) St Louis, USA-601 Olive St, +1 314 444-3111
-122.40708, 37.78669, Macy's - San Francisco (Union Square) USA-(CA) San Francisco, USA-170 O'Farrell St., +1 415-397-3333
-122.30244, 37.54115, Macy's - San Mateo (Hillsdale Mall) USA-(CA) San Mateo, USA-2838 S El Camino Real, +1 650-341-3333
-76.06715, 36.81998, Macy's - Virginia Beach (Lynnhaven Mall) USA-(VA) Virginia Beach, USA-701 Lynnhaven Pkwy, +1 757 306-0666
-74.54662, 40.90462, Macy's - Rockaway (Townsquare Mall) USA-(NJ) Rockaway, USA-303 Mount Hope Ave, +1 973 442-2511
-83.64205, 41.69811, Macy's - Toledo (Franklin Park) USA-(OH) Toledo, USA-5001 Monroe St, +1 419 479-2300
-111.89518, 40.57689, Macy's - Sandy (South Towne) USA-(UT) Sandy, USA-10600 South 110 West, +1 801 576-0081
-98.48382, 29.42355, Macy's - San Antonio (Rivercenter) USA-(TX) San Antonio, USA-151 Bowie St, +1 210 554-6850
-122.58677, 45.65773, Macy's - Vancouver (Vancouver Mall) USA-(WA) Vancouver, USA-8208 NE Vancouver Mall Dr, +1 360 256-4411
-97.43723, 32.73718, Macy's - Fort Worth (Ridgmar Mall) USA-(TX) Fort Worth, USA-2060 Green Oaks Rd, +1 817 570-2400
-84.36404, 33.84896, Macy's - Atlanta (Lenox Square Mall) USA-(GA) Atlanta, USA-3393 Peachtree Rd NE, +1 404 231-2800
-76.73702, 38.94374, Macy's - Bowie, USA-(MD) Bowie, 15300 Emerald Way, +1 301 860-1675
-124.23404, 43.40475, Macy's - North Bend (Pony Village Mall) USA-(OR) North Bend, USA-1611 Virginia Ave., +1 541 751-6000
-90.24705, 38.81733, Macy's - Florissant (Jamestown Mall) USA-(MO) Florissant, USA-500 Jamestown Mall, +1 314 741-4224
-87.96130, 41.84640, Macy's - Oak Brook (Oak Brook Furniture) USA-(IL) Oak Brook, USA-1717 W 22nd St, +1 630 645-4980
-118.19453, 34.07332, Macy's - Los Angeles (Mission Road Clearance Center) USA-(CA) Los Angeles, USA-3880 N Mission Rd, +1 323-227-2650
-71.17076, 42.32176, Macy's - Chestnut Hill (Chestnut Hill) USA-(MA) Chestnut Hill, USA-55 Boylston St, +1 617 243-4600
-93.31691, 45.05834, Macy's - Brooklyn Center (Brookdale Center) USA-(MN) Brooklyn Center, USA-1100 Brookdale Ctr, +1 763 569-6600
-116.78976, 47.73176, Macy's - Coeur D Alene (Coeur d'Alene Mall) USA-(ID) Coeur D Alene, USA-200 W Hanley Ave., +1 208 772-8700
-75.65925, 39.66646, Macy's - Newark (Christiana Mall) USA-(DE) Newark, USA-Christiana-Stanton Road, +1 302-452-3211
-74.08009, 40.92286, Macy's - Paramus, USA-(NJ) Paramus, 275 Route 4 West, +1 201 968-2700
-121.87563, 37.69851, Macy's Home - Pleasanton, USA-(CA) Pleasanton, 4255 Rosewood Dr, +1 925-227-4800
-118.39363, 33.90008, Macy's - Manhattan Beach, USA-(CA) Manhattan Beach, 3400 N Sepulveda Blvd, +1 310-546-5525
-122.67731, 45.51936, Macy's - Portland (Downtown Portland) USA-(OR) Portland, USA-621 SW 5th Ave, +1 503 223-0512
-94.58516, 39.24656, Macy's - Kansas City (Metro North Mall) USA-(MO) Kansas City, USA-400 NW Barry Rd, +1 816 468-4646
-96.83428, 33.02984, Macy's - Plano (Shops at Willow Bend) USA-(TX) Plano, USA-6209 W Park Blvd, +1 469 366-3676
-119.03189, 35.33797, Macy's - Bakersfield, USA-(CA) Bakersfield, 2601 Ming Ave, +1 818-841-2100
-122.25919, 47.45981, Macy's - Tukwila, USA-(WA) Tukwila, 500 Southcenter Mall, +1 425 656-6000
-84.48920, 33.69023, Macy's - Atlanta (Greenbriar) USA-(GA) Atlanta, USA-2841 Greenbriar Park Pkwy, +1 404 346-2690
-80.09082, 26.53473, Macy's - Boynton Beach (Boynton Beach Mall) USA-(FL) Boynton Beach, USA-801 N Congress Ave., +1 561-738-4200
-117.03097, 46.73253, Macy's - Moscow (Palouse Empire Mall) USA-(ID) Moscow, USA-2132 W Pullman Rd, +1 208 892-6000
-75.38755, 40.08853, Macy's - King of Prussia, USA-(PA) King of Prussia, 680 W DeKalb Pike, +1 610 337-9350
-116.96509, 32.80642, Macy's - El Cajon, USA-(CA) El Cajon, 291 Fletcher Pkwy, +1 619-440-1011
-118.25847, 34.04804, Macy's - Los Angeles (Downtown Plaza) USA-(CA) Los Angeles, USA-750 W 7th St, +1 213-628-9311
-84.27604, 33.80837, Macy's - Decatur (North DeKalb) USA-(GA) Decatur, USA-2144 Lawrenceville Highway, +1 404 329-2600
-80.85035, 35.35118, Macy's - Charlotte (Northlake Mall) USA-(NC) Charlotte, USA-6845 Northlake Mall Dr, +1 704 599-8137
-117.34441, 33.16718, Macy's - Carlsbad, USA-(CA) Carlsbad, 2557 El Camino Real, +1 760-729-9121
-117.06679, 33.06865, Macy's - Escondido (North County Fair) USA-(CA) Escondido, USA-220 E Via Rancho Pkwy, +1 760-489-2336
-156.47499, 20.88597, Macy's - Kahului (Kaahumanu) USA-(HI) Kahului, USA-275 Kaahumanu Avenue, +1 808 877-3361
-159.37877, 21.97149, Macy's - Lihue (Kukui Grove) USA-(HI) Kauai, USA-1000 Kukui Grove Center 3-2600 Kaumualiii, +1 808 245-7751
-90.33486, 38.50590, Macy's - St Louis (South County Center) USA-(MO) St Louis, USA-10 S County Center Way, +1 314 892-0110
-82.98393, 40.14166, Macy's - Columbus (Polaris Fashion Place) USA-(OH) Columbus, USA-1300 Polaris Parkway, +1 614 880-6300
-121.30533, 44.08284, Macy's - Bend (Bend River Mall) USA-(OR) Bend, USA-3188 N Highway 97 # 107, +1 541 317-6000
-73.91711, 41.62717, Macy's - Poughkeepsie, USA-(NY) Poughkeepsie, 2001 South Rd, +1 845 297-2222
-80.65098, 28.08196, Macy's - Melbourne, USA-(FL) Melbourne, 1700 W. New Haven Avenue, +1 321-676-9300
-89.71621, 35.02279, Macy's - Collierville (Avenues at Carriage Crossing) USA-(TN) Collierville, USA-4660 Merchants Park Cir, +1 901 861-5520
-98.61807, 29.59290, Macy's - San Antonio (LaCantera) USA-(TX) San Antonio, USA-15900 La Cantera Pkwy, +1 210 332-4800
-94.71753, 38.95641, Macy's - Overland Park (Oak Park Furniture Gallery) USA-(KS) Overland Park, USA-11201 W 95th St, +1 913 888-4910
-121.26677, 38.67310, Macy's - Citrus Heights, USA-(CA) Citrus Heights, 6000 Sunrise Blvd, +1 916-962-3333
-72.80395, 41.55018, Macy's - Meriden, USA-(CT) Meriden, 470 Lewis Ave., +1 203-238-0741
-91.09086, 30.39167, Macy's - Baton Rouge (Mall of Louisiana) USA-(LA) Baton Rouge, USA-6301 Bluebonnet Blvd, +1 225 757-7591
-90.17770, 38.92279, Macy's - Alton (Alton Square) USA-(IL) Alton, USA-100 Alton Square, +1 618 464-4100
-78.82236, 42.98866, Macy's - Amherst (Boulevard) USA-(NY) Amherst, USA-1255 Niagara Falls Blvd, +1 716 837-9400
-116.28092, 43.60859, Macy's - Boise (Boise Town Square) USA-(ID) Boise, USA-370 N Milwaukee St, +1 208 373-6000
-87.94703, 42.24551, Macy's - Vernon Hills (Hawthorn Center) USA-(IL) Vernon Hills, USA-1 Hawthorn Centre, +1 847 918-2700
-117.06630, 32.65789, Macy's - National City (Plaza Bonita) USA-(CA) National City, USA-3000 Plaza Bonita Rd, +1 619-267-3500
-80.36462, 25.78452, Macy's - Miami (West Dade) USA-(FL) Miami, USA-1245 NW 107th Avenue, +1 305-594-6300
-122.46850, 47.21751, Macy's - Tacoma (Tacoma Mall) USA-(WA) Tacoma, USA-4502 S Steele St., +1 253 471-6800
-77.50384, 38.77547, Macy's - Manassas, USA-(VA) Manassas, 8270 Sudley Rd, +1 703 368-7131
-88.20773, 41.75890, Macy's - Aurora (Fox Valley) USA-(IL) Aurora, USA-1 Fox Valley Ctr, +1 630 978-5400
-78.67902, 35.83932, Macy's - Raleigh (Crabtree Valley Mall) USA-(NC) Raleigh, USA-4325 Glenwood Ave, +1 919 510-8700
-117.01008, 32.77964, Macy's - La Mesa (Grossmont) USA-(CA) La Mesa, USA-5500 Grossmont Center Dr, +1 619-465-1121
-75.34954, 39.91356, Macy's - Springfield (Springfield Mall) USA-(PA) Springfield, USA-Baltimore Pike & Sproul Road, +1 610 328-1234
-155.88213, 19.91645, Macy's - Waikoloa (Kings Shops Kona) USA-(HI) Waikoloa, USA-250 Waikoloa Beach Drive, +1 808 885-5385
-117.08771, 32.62949, Macy's - Chula Vista (Chula Vista Center) USA-(CA) Chula Vista, USA-555 Broadway, +1 619-427-1161
-84.42174, 42.72114, Macy's - Okemos (East Lansing (Meridian) USA-(MI) Okemos, USA-1982 W Grand River Ave., +1 517 347-4400
-80.31171, 25.68881, Macy's - Miami (Dadeland) USA-(FL) Miami, USA-7303 N Kendall Dr, +1 305-662-3400
-73.95542, 41.09914, Macy's - West Nyack (Palisades Center) USA-(NY) West Nyack, USA-1920 Palisades Center Drive, +1 845 358-7990
-76.06631, 43.04077, Macy's - DeWitt (Shoppingtown) USA-(NY) DeWitt, USA-3649 Erie Boulevard, +1 315 446-4646
-84.94695, 32.50614, Macy's - Columbus (Peachtree Mall) USA-(GA) Columbus, USA-3091 Manchester Expy, +1 706 478-2300
-76.60182, 39.40239, Macy's - Towson (Towson Town Center) USA-(MD) Towson, USA-813 Dulaney Valley Road, +1 410 337-3600
-84.63071, 42.74118, Macy's - Lansing (Lansing Mall) USA-(MI) Lansing, USA-5700 W Saginaw Hwy, +1 517 886-4400
-79.79355, 40.42664, Macy's - Monroeville (Monroeville Mall) USA-(PA) Monroeville, USA-400 Monroeville Mall, +1 412 858-3700
-97.71867, 30.39822, Macy's - Austin (The Domain) USA-(TX) Austin, USA-3311 Esperanza Crossing, +1 512 490-3300
-95.19882, 29.69089, Macy's - Pasadena (Pasadena Town Square) USA-(TX) Pasadena, USA-1101 Southmore Ave, +1 713 475-3250
-77.35460, 38.86172, Macy's - Fairfax, USA-(VA) Fairfax, 11700 Fair Oaks, +1 703 591-3900
-91.20815, 43.79110, Macy's - La Crosse (Valley View Mall) USA-(WI) La Crosse, USA-3900 State Road 16, +1 608 781-7800
-118.11646, 34.01958, Macy's - Montebello (Montclair Plaza) USA-(CA) Montebello, USA-5200 Montclair Plaza Lane, +1 909-621-3011
-76.93000, 40.22441, Macy's - Camp Hill (Capital City) USA-(PA) Camp Hill, USA-3550 Capital Mall Drive, +1 717 975-3373
-71.05026, 41.86706, Macy's - Taunton (Galleria Mall) USA-(MA) Taunton, USA-2 Galleria Mall Dr, +1 508 880-0030
-82.91200, 40.05220, Macy's - Columbus (Easton Town Center) USA-(OH) Columbus, USA-4141 Easton Loop E, +1 614 342-2300
-155.99766, 19.65001, Macy's - Kailua Kona (Kona Makalapua Center) USA-(HI) Kailua Kona, USA-74-5475 Kamakaeha Avenue, +1 808 329-6300
-92.37153, 38.95764, Macy's - Columbia (Biscayne Commons) USA-(MO) Columbia, USA-201 N Stadium Blvd, +1 573 446-8755
-117.16120, 32.71394, Macy's - San Diego (Horton Plaza) USA-(CA) San Diego, USA-160 Horton Plaza, +1 619-231-4747
-72.53783, 40.87609, Macy's - Hampton Bays, USA-(NY) Hampton Bays, 190 W Montauk Hwy, +1 631 728-5500
-76.85802, 39.21669, Macy's - Columbia, USA-(MD) Columbia, 10300 Little Patuxent Pkwy, +1 410 997-3000
-88.11233, 41.94996, Macy's - Bloomingdale (Stratford Square) USA-(IL) Bloomingdale, USA-1 Stratford Square Mall, +1 630 924-4700
-112.22245, 33.64202, Macy's - Glendale (Arrowhead Towne Center) USA-(AZ) Glendale, USA-7600 W Arrowhead Towne Ctr, +1 623-979-7900
-71.38499, 42.29939, Macy's - Natick (Natick Mall) USA-(MA) Natick, USA-1245 Worcester Rd, +1 508 653-3800
-111.98176, 33.59923, Macy's - Phoenix (Paradise Valley Mall) USA-(AZ) Phoenix, USA-4520 E Cactus Rd, +1 602-494-2100
-93.29369, 44.74378, Macy's - Burnsville, USA-(MN) Burnsville, 14251 Burnhaven Dr, +1 952 435-8811
-74.26390, 40.89259, Macy's - Wayne (Willowbrook Mall) USA-(NJ) Wayne, USA-100 Route 46, +1 973 785-9525
-118.13306, 34.13897, Macy's - Pasadena, USA-(CA) Pasadena, 401 S Lake Ave, +1 626-792-0211
-73.81422, 42.71201, Macy's - Albany (Colonie Center) USA-(NY) Albany, USA-200 Colonie Ctr, +1 518 459-1950
-73.53688, 41.05505, Macy's - Stamford (Stamford Center) USA-(CT) Stamford, USA-151 Broad St, +1 203-462-9611
-76.83113, 40.25402, Macy's - Harrisburg (Harrisburg East) USA-(PA) Harrisburg, USA-3401 Paxton St, +1 717 561-8770
-77.56413, 37.59995, Macy's - Richmond (Regency Square) USA-(VA) Richmond, USA-1406 N Parham Rd, +1 804 740-6700
-77.56413, 37.59995, Macy's Furniture - Richmond (Regency Square) USA-(VA) Richmond, USA-1406 N Parham Rd, +1 804 740-6700
-76.78897, 39.40567, Macy's - Owings Mills, USA-(MD) Owings Mills, 10200 Mill Run Cir, +1 410 363-7700
-98.49726, 29.51734, Macy's - San Antonio (North Star Mall) USA-(TX) San Antonio, USA-200 North Star Mall, +1 210 340-4200
-111.68237, 40.27337, Macy's - Orem (University Mall) USA-(UT) Orem, USA-534 East University Parkway, +1 801 227-3000
-77.08581, 38.96076, Macy's - Chevy Chase, USA-(MD) Chevy Chase, 5300 Western Avenue, +1 240 744-3700
-122.03162, 37.37616, Macy's - Sunnyvale, USA-(CA) Sunnyvale, 200 W Washington Ave, +1 408-732-3333
-117.92774, 34.06998, Macy's - West Covina (Plaza at West Covina) USA-(CA) West Covina, USA-1111 Plaza Drive, +1 626-962-5400
-79.43178, 40.39621, Macy's Furniture - Springfield, USA-(NJ) Springfield, 114 US Highway 22 West, +1 973 376-8699
-73.22005, 41.23008, Macy's - Trumbull (Trumbull Shopping Park) USA-(CT) Trumbull, USA-5065 Main St, +1 203-374-7200
-122.93545, 47.04073, Macy's - Olympia, USA-(WA) Olympia, 625 Black Lake Boulevard, +1 360 534-7000
-71.17525, 42.39769, Macy's - Belmont, USA-(MA) Belmont, 75 Leonard St, +1 617 484-3800
-118.88835, 34.18735, Macy's - Thousand Oaks, USA-(CA) Thousand Oaks, 350 W Hillcrest Dr, +1 805-496-4444
-74.63887, 39.44971, Macy's - Mays Landing (Hamilton Mall) USA-(NJ) Mays Landing, USA-4401 Black Horse Pike, +1 609 484-5207
-116.59978, 43.60082, Macy's - Nampa (Karcher Mall) USA-(ID) Nampa, USA-1509 Caldwell Blvd, +1 208 463-6800
-86.49338, 39.16408, Macy's - Bloomington (College Mall) USA-(IN) Bloomington, USA-3068 E 3rd St, +1 812 333-8781
-86.81939, 36.10075, Macy's - Nashville (Green Hills) USA-(TN) Nashville, USA-3813 Hillsboro Pike, +1 615 383-3300
-122.51303, 37.92771, Macy's - Corte Madera, USA-(CA) Corte Madera, 1400 Redwood Hwy, +1 415-927-3333
-122.46038, 47.21446, Macy's - Tacoma (Tacoma Gallery) USA-(WA) Tacoma, USA-1767 S 48th St, +1 253 471-5400
-82.41457, 29.65943, Macy's - Gainesville, USA-(FL) Gainesville, 6671 W Newberry Rd, +1 352-333-2300
-84.29738, 34.04592, Macy's - Alpharetta (Northpoint Mall) USA-(GA) Alpharetta, USA-5000 N Point Cir, +1 770 410-2600
-79.72427, 40.62252, Macy's - Natrona Heights, USA-(PA) Natrona Heights, 1800 Union Ave, +1 724 226-4000
-71.43598, 42.95414, Macy's - Manchester (Mall of New Hampshire) USA-(NH) Manchester, USA-1500 S Willow St, +1 603 669-3800
-105.25622, 40.02092, Macy's - Boulder, USA-(CO) Boulder, 1900 29th St, +1 303-218-5955
-77.77108, 39.62113, Macy's - Hagerstown (Valley Mall) USA-(MD) Hagerstown, USA-17301 Valley Mall Rd, +1 301 582-0517
-87.74921, 42.05540, Macy's - Skokie (Old Orchard Center) USA-(IL) Skokie, USA-1 Old Orchard Shopping Ctr, +1 847 329-2700
-106.65941, 35.20514, Macy's - Albuquerque (Cottonwood) USA-(NM) Albuquerque, USA-10129 Coors Bypass, +1 505 897-3600
-73.98932, 42.81053, Macy's - Schenectady, USA-(NY) Schenectady, 93 W Campbell Rd, +1 518 374-2700
-123.03439, 44.94325, Macy's - Salem (Downtown Salem) USA-(OR) Salem, USA-400 High St Ne, +1 503 363-2211
-81.42863, 40.85528, Macy's - Canton (Belden Village Mall) USA-(OH) Canton, USA-4300 Belden Village Avenue, +1 330 494-8200
-80.33779, 25.64359, Macy's - Miami (The Falls) USA-(FL) Miami, USA-9100 SW 136th St, +1 305-278-3300
-77.20600, 39.15116, Macy's - Gaithersburg (Lake Forest) USA-(MD) Gaithersburg, USA-701 Russell Ave, +1 301 948-3360
-95.36624, 29.75611, Macy's - Houston (Downtown Houston) USA-(TX) Houston, USA-1110 Main St, +1 713 405-7192
-80.25146, 26.23985, Macy's - Coral Springs (Coral Square) USA-(FL) Coral Springs, USA-9129 W Atlantic Blvd, +1 954-345-3300
-75.54310, 39.76420, Macy's - Wilmington (Concord Mall) USA-(DE) Wilmington, USA-4747 Concord Pike, +1 302-478-1860
-93.32477, 44.87860, Macy's - Edina (Southdale Mall) USA-(MN) Edina, USA-100 Southdale Court, +1 952 924-6600
-93.01830, 45.03167, Macy's - Maplewood, USA-(MN) Maplewood, 3001 White Bear Avenue, +1 651 773-6600
-79.99826, 40.43949, Macy's - Pittsburgh (Downtown Pitt) USA-(PA) Pittsburgh, USA-400 5th Ave, +1 412 232-2000
-80.10610, 26.25962, Macy's - Pompano Beach, USA-(FL) Pompano Beach, 1200 NE 23rd St, +1 954-786-6399
-82.17401, 29.15978, Macy's - Ocala, USA-(FL) Ocala, 3100 SW College Rd., +1 239-434-7525
-122.48612, 48.79700, Macy's Furniture - Bellingham (Bellingham Gallery) USA-(WA) Bellingham, USA-4295 Meridian St, +1 360 715-6850
-78.76025, 35.77377, Macy's - Cary (Cary Town Center) USA-(NC) Cary, USA-1105 Walnut St, +1 919 460-9001
-118.35285, 33.87067, Macy's - Redondo Beach (South Bay Galleria) USA-(CA) Redondo Beach, USA-1801 Hawthorne Blvd, +1 310-370-2511
-121.86190, 37.25394, Macy's - San Jose (Oakridge Mall) USA-(CA) San Jose, USA-5411 Thornwood Dr, +1 408-224-3333
-82.73807, 28.02602, Macy's Home - Clearwater (Countryside Furniture Gallery) USA-(FL) Clearwater, USA-26256 US Highway 19, +1 727-712-5500
-77.60919, 37.50566, Macy's - Richmond (Chesterfield Town Center) USA-(VA) Richmond, USA-11504 Midlothian Turnpike, +1 804 794-5800
-76.17072, 43.06707, Macy's - Syracuse (Carousel Center) USA-(NY) Syracuse, USA-9509 Carousel Ctr, +1 315 466-3333
-87.84146, 42.25267, Macy's - Lake Forest, USA-(IL) Lake Forest, 682 N Bank Ln, +1 847 735-2100
-66.07418, 18.42217, Macy's - San Juan (Plaza Las Americas) USA-(PR) San Juan, USA-525 F. D. Roosevelt Avenue, +1 787 296-3970
-85.58960, 42.21981, Macy's - Portage (Kalamazoo Cross Roads) USA-(MI) Portage, USA-6666 S Westnedge Avenue, +1 616 324-4400
-84.74704, 33.72991, Macy's - Douglasville (Arbor Place) USA-(GA) Douglasville, USA-6690 Douglas Blvd, +1 678 391-2300
-73.15745, 41.19508, Macy's - Milford (Connecticut Post) USA-(CT) Milford, USA-1201 Post Road, +1 203-877-9393
-80.27119, 27.24193, Macy's - Jensen Beach, USA-(FL) Jensen Beach, 3106 NW Federal Hwy, +1 772-692-9400
-116.20441, 43.61759, Macy's - Boise (Downtown Boise) USA-(ID) Boise, USA-918 W Idaho St, +1 208 388-7000
-117.87565, 33.61399, Macy's - Newport Beach, USA-(CA) Newport Beach, 101 Newport Center, +1 949-640-8333
-74.34399, 40.55550, Macy's - Edison (Menlo Park) USA-(NJ) Edison, USA-275 Parsonage Rd, +1 732 549-4400
-86.23769, 39.82707, Macy's - Indianapolis (Lafayette Square) USA-(IN) Indianapolis, USA-3919 Lafayette Rd., +1 317 293-8330
-118.42750, 34.04012, Macy's Home - Los Angeles (Westside Pavillion Home Store) USA-(CA) Los Angeles, USA-10800 W Pico Blvd, +1 310-694-3333
-71.03842, 42.07852, Macy's - Brockton, USA-(MA) Brockton, 200 Gate Mall, +1 508 941-5057
-81.46867, 41.11492, Macy's - Akron (Chapel Hill Center) USA-(OH) Akron, USA-2000 Brittain Rd, +1 330 633-0800
-83.47578, 42.48968, Macy's - Novi (Twelve Oaks) USA-(MI) Novi, USA-27550 Novi Rd, +1 248 344-6848
-81.73067, 28.01250, Macy's - Winter Haven (Citi Center) USA-(FL) Winter Haven, USA-700 Third Street 230 Citi Center, +1 863-297-6300
-116.38820, 33.72118, Macy's - Palm Desert, USA-(CA) Palm Desert, 72-810 Highway 111, +1 760-346-9300
-122.17294, 37.44304, Macy's - Palo Alto (Standford) USA-(CA) Palo Alto, USA-300 Stanford Shopping Court, +1 650-326-3333
-97.36682, 31.07023, Macy's - Temple (Temple Mall) USA-(TX) Temple, USA-3111 S 31st St, +1 254 770-7300
-81.87162, 26.60198, Macy's - Fort Myers, USA-(FL) Fort Myers, 4125 Cleveland Ave, +1 941-278-9300
-86.11070, 40.47430, Macy's - Kokomo (Markland Mall) USA-(IN) Kokomo, USA-1156 S. 17th Street, +1 765 454-6221
-80.32984, 26.00562, Macy's Home - Pembroke Pines (Furniture Gallery) USA-(FL) Pembroke Pines, USA-13640 Pines Blvd., +1 954-438-2325
-122.31173, 47.32030, Macy's - Federal Way (SeaTac Mall) USA-(WA) Federal Way, USA-1901 South SeaTac Mall, +1 253 529-6000
-87.12469, 37.72056, Macy's - Owensboro (Towne Square Mall) USA-(KY) Owensboro, USA-5000 Frederica St, +1 270 685-4411
-77.74273, 39.05593, Macy's - Humble (Deerbrook Mall) USA-(TX) Humble, USA-20131 Highway 59 N, +1 281 540-9250
-119.69833, 34.41870, Macy's - Santa Barbara, USA-(CA) Santa Barbara, 701 State St, +1 805-963-4566
-94.21040, 45.55360, Macy's - St Cloud (Cross Roads Ctr) USA-(MN) St Cloud, USA-4201 W Division St, +1 320 654-4300
-74.38106, 40.42578, Macy's - East Brunswick, USA-(NJ) East Brunswick, 755 State Route 18, +1 732 238-1400
-88.95634, 40.48801, Macy's - Bloomington (Eastland Mall) USA-(IL) Bloomington, USA-1615 E Empire St, +1 309 665-0622
-95.41023, 29.94649, Macy's - Houston (Greenspoint Mall) USA-(TX) Houston, USA-500 Greenspoint Mall, +1 281 875-7300
-157.78754, 21.27848, Macy's - Honolulu (Kahala) USA-(HI) Honolulu, USA-4211 Waialae Avenue, +1 808 737-5429
-81.61908, 41.13277, Macy's - Akron (Summit Mall) USA-(OH) Akron, USA-3265 West Market Street, +1 330 867-8888
-84.25591, 30.43723, Macy's - Tallahassee, USA-(FL) Tallahassee, 1500 Apalachee Pkwy, +1 850-325-2800
-89.91120, 35.11682, Macy's - Memphis (Oak Court) USA-(TN) Memphis, USA-4545 Poplar Ave, +1 901 766-4199
-92.48123, 44.00175, Macy's - Rochester (Apache Mall) USA-(MN) Rochester, USA-901 Apache Mall, +1 507 280-5400
-82.33358, 34.84994, Macy's - Greenville (Haywood Mall) USA-(SC) Greenville, USA-700 Haywood Rd., +1 864 297-2020
-73.61184, 40.74353, Macy's - Garden City (Roosevelt Field Mall) USA-(NY) Garden City, USA-630 Old Country Rd, +1 516 746-8200
-86.12459, 39.63285, Macy's - Greenwood (Greenwood Park) USA-(IN) Greenwood, USA-1251 US Highway 31 N, +1 317 882-6247
-96.87678, 32.66217, Macy's - Dallas (Redbird Southwest Ctr) USA-(TX) Dallas, USA-3550 W Camp Wisdom Rd, +1 972 780-6700
-71.40446, 41.76493, Macy's - Warwick, USA-(RI) Warwick, 400 Warwick Ave, +1 401 737-3800
-97.37453, 27.71279, Macy's - Corpus Christi (La Palmera Mall) USA-(TX) Corpus Christi, USA-5488 S Padre Island Dr., +1 361 994-2238
-82.51332, 27.89095, Macy's - Tampa (Tampa Gallery) USA-(FL) Tampa, USA-4130 Gandy Blvd., +1 813-805-5270
-117.14585, 32.76810, Macy's - San Diego (Mission Valley Center) USA-(CA) San Diego, USA-1702 Camino Del Rio N, +1 619-297-2511
-118.25737, 34.14640, Macy's - Glendale (Glendale Galleria) USA-(CA) Glendale, USA-2100 Glendale Galleria, +1 818-240-8411
-90.15653, 30.00367, Macy's - Metarie (Lakeside) USA-(LA) Metarie, USA-3301 Veterans Memorial Blvd., +1 504 484-4600
-71.89118, 42.18907, Macy's - Auburn, USA-(MA) Auburn, 385 South Bridge Street, +1 508 721-0011
-97.12905, 32.68208, Macy's - Arlington (Parks at Arlington) USA-(TX) Arlington, USA-3841 S Cooper St, +1 817 472-4500
-81.23192, 28.66198, Macy's - Oviedo (Oviedo Marketplace) USA-(FL) Oviedo, USA-1400 Oviedo Marketplace Blvd, +1 407-971-7300
-82.97624, 40.14182, Macy's - Columbus (Polaris) USA-(OH) Columbus, USA-1550 Polaris Pkwy, +1 614 547-0100
-71.22700, 42.76666, Macy's - Salem (Rockingham Park Mall) USA-(NH) Salem, USA-99 Rockingham Park Blvd, +1 603 890-3800
-117.66845, 33.55871, Macy's - Mission Viejo (Mission Viejo Mall) USA-(CA) Mission Viejo, USA-300 Shops at Mission Viejo, +1 949-364-3111
-76.54816, 38.98910, Macy's - Annapolis, USA-(MD) Annapolis, 1295 Annapolis Mall, +1 410 266-0800
-122.48785, 48.78687, Macy's - Bellingham (Bellis Fair Mall) USA-(WA) Bellingham, USA-50 Bellis Fair Pkwy, +1 360 715-6000
-75.62606, 40.03296, Macy's - Exton (Exton Square) USA-(PA) Exton, USA-245 Exton Square Parkway, +1 610 363-2110
-82.88499, 39.91574, Macy's Home - Columbus, USA-(OH) Columbus, 4141 Refugee Rd, +1 614 860-1621
-84.09161, 33.69223, Macy's - Lithonia (Stonecrest Mall) USA-(GA) Lithonia, USA-8030 Mall Pkwy, +1 678 526-2300
-95.51669, 29.70511, Macy's - Houston (Sharpstown Mall) USA-(TX) Houston, USA-100 Sharpstown Ctr, +1 713 776-7300
-118.42457, 34.04133, Macy's - Los Angeles (Westside Pavilion) USA-(CA) Los Angeles, USA-10730 W Pico Blvd, +1 310-475-4911
-83.46673, 33.94102, Macy's - Athens (Georgia Square Mall) USA-(GA) Athens, USA-3700 Atlanta Hwy, +1 706 353-4847
-79.80155, 40.57245, Macy's - Tarentum (Pittsburgh Mills Galleria) USA-(PA) Tarentum, USA-100 Pittsburgh Mills Cir, +1 724 274-1000
-93.24379, 44.85353, Macy's - Bloomington (Mall of America) USA-(MN) Bloomington, USA-4000 South West Court, +1 612 888-3333
-122.26140, 47.44277, Macy's - Tukwila (Budget House) USA-(WA) Tukwila, USA-17855 Southcenter Pkwy, +1 206 575-2164
-118.14220, 34.14582, Macy's - Pasadena (Paseo Colorado) USA-(CA) Pasadena, USA-400 E Colorado Blvd, +1 626-796-0411
-74.61957, 40.58874, Macy's - Bridgewater (Bridgewater Commons) USA-(NJ) Bridgewater, USA-400 Commons Way, +1 908 429-3211
-91.08991, 30.45954, Macy's - Baton Rouge (Cortana) USA-(LA) Baton Rouge, USA-9301 Cortana Pl, +1 225 201-8301
-74.46408, 40.46041, Macy's Furniture - North Brunswick, USA-(NJ) North Brunswick, 979 Us Highway 1, +1 732 843-5360
-89.97835, 38.59786, Macy's - Fairview Heights (St Clair Square) USA-(IL) Fairview Heights, USA-200 Saint Clair Sq, +1 618 624-2000
-80.19160, 26.36813, Macy's Home - Boca Raton (Furniture Gallery) USA-(FL) Boca Raton, USA-9339 Glades Rd, +1 561-620-4500
-88.46951, 44.27300, Macy's - Appleton (Fox River) USA-(WI) Appleton, USA-4301 W Wisconsin Ave., +1 920 730-6500
-110.97393, 32.28873, Macy's - Tucson (Tucson Mall) USA-(AZ) Tucson, USA-4500 N Oracle Rd, +1 520-798-2100
-118.13645, 33.85046, Macy's - Lakewood (Lakewood Center Mall) USA-(CA) Lakewood, USA-340 Lakewood Center Mall, +1 562-529-5111
-88.82787, 35.65679, Macy's - Jackson (Old Hickory Mall) USA-(TN) Jackson, USA-2021 N Highland Ave # 57, +1 731 668-6291
-71.07571, 42.36792, Macy's - Cambridge, USA-(MA) Cambridge, 100 Cambridge Side Place, +1 617 621-3800
-85.18401, 42.26106, Macy's - Battle Creek (Lakeview Square) USA-(MI) Battle Creek, USA-5725 Beckley Rd, +1 269 979-5800
-89.57378, 37.29914, Macy's - Cape Girardeau, USA-(MO) Cape Girardeau, 100 W Park Mall, +1 573 335-8595
-122.93774, 47.04700, Macy's Furniture - Olympia (Olympia Gallery) USA-(WA) Olympia, USA-2905 Harrison Ave NW, +1 360 534-7850
-111.97667, 41.07766, Macy's - Layton (Layton Hills Mall) USA-(UT) Layton, USA-1000 Layton Hills Mall, +1 801 546-5000
-73.82825, 40.75986, Macy's - Flushing, USA-(NY) Flushing, 13650 Roosevelt Ave, +1 718 358-9000
-73.21600, 44.47905, Macy's - Burlington, USA-(VT) Burlington, 67 Cherry St, +1 802 865-3000
-106.37924, 31.77636, Macy's - ElPaso (Cielo Vista) USA-(TX) ElPaso, USA-8401 Gateway Blvd W, +1 915 225-6200
-90.01956, 35.01943, Macy's - Memphis (Southland Mall) USA-(TN) Memphis, USA-1300 Southland Mall, +1 901 348-1267
-97.39685, 32.67978, Macy's - Fort Worth (Hulen Mall) USA-(TX) Fort Worth, USA-4650 S Hulen St, +1 817 294-6990
-93.09452, 44.94744, Macy's - St Paul, USA-(MN) St Paul, 411 Cedar St, +1 651 292-5222
-89.62603, 40.74007, Macy's - Peoria (Northwoods Mall) USA-(IL) Peoria, USA-2200 W War Memorial Dr, +1 309 682-2600
-75.24777, 40.23469, Macy's - North Wales (Montgomery Mall) USA-(PA) North Wales, USA-700 Montgomery Mall, +1 215 393-6211
-80.13609, 25.79180, Macy's - Miami Beach, USA-(FL) Miami Beach, 1675 Meridian Ave, +1 305-674-6300
-118.05161, 34.13284, Macy's - Arcadia (Santa Anita) USA-(CA) Arcadia, USA-400 S Baldwin Ave, +1 626-445-5711
-73.52947, 40.77305, Macy's - Hicksville, USA-(NY) Hicksville, 100 Broadway Mall, +1 516 938-6800
-94.98619, 29.79758, Macy's - Baytown (San Jacinto Mall) USA-(TX) Baytown, USA-5000 San Jacinto Mall, +1 281 421-4300
-87.72705, 41.93183, Macy's Outlet - Chicago (Warehouse Outlet Store) USA-(IL) Chicago, USA-4000 W Diversey Ave
-81.33950, 28.80232, Macy's - Sanford (Seminole) USA-(FL) Sanford, USA-330 Towne Center Cir, +1 407-328-3300
-74.05148, 40.28757, Macy's - Eatontown (Monmouth Mall) USA-(NJ) Eatontown, USA-180 Route 35, +1 732 542-1212
-93.15754, 45.00913, Macy's Home - Roseville, USA-(MN) Roseville, 1375 Commerce St, +1 651 639-2040
-117.21331, 32.87256, Macy's - San Diego (University Town Center) USA-(CA) San Diego, USA-4333 La Jolla Village Dr # B, +1 858-453-2060
-71.44079, 42.70252, Macy's - Nashua, USA-(NH) Nashua, 310 Daniel Webster Hwy, +1 603 891-3800
-86.06407, 39.90548, Macy's - Indianapolis (Castleton Square) USA-(IN) Indianapolis, USA-6020 E 82nd St, +1 317 579-4500
-71.61314, 42.35404, Macy's - Marlborough, USA-(MA) Marlborough, 627 Donald Lynch Blvd, +1 508 303-3800
-122.32669, 47.70352, Macy's - Seattle (Northgate Mall) USA-(WA) Seattle, USA-401 NE Northgate Way, +1 206 440-6000
-81.74016, 41.38441, Macy's - Parma (Parmatown) USA-(OH) Parma, USA-8001 Ridgewood Drive, +1 440 886-1000
-123.37541, 43.23379, Macy's - Roseburg (Roseburg Valley Mall) USA-(OR) Roseburg, USA-1460 N.W. Garden Vally Blvd., +1 541 957-6000
-79.51891, 40.30195, Macy's - Greensburg (Westmoreland Mall) USA-(PA) Greensburg, USA-994 E Pittsburgh St, +1 724 836-6000
-74.73570, 40.25053, Macy's - Lawrenceville (Quaker Bridge Mall) USA-(NJ) Lawrenceville, USA-US Route 1 & State Highway 533, +1 609 897-1511
-73.77045, 41.03200, Macy's - White Plains, USA-(NY) White Plains, 100 Main St, +1 914 421-4211
-121.31474, 37.99720, Macy's - Stockton, USA-(CA) Stockton, 5242 Pacific Ave, +1 209-477-3333
-95.91994, 36.10158, Macy's - Tulsa (Promenade) USA-(OK) Tulsa, USA-4143 S Yale Ave, +1 918 610-7500
-80.15880, 40.45649, Macy's - Pittsburgh (Robinson Town Centre) USA-(PA) Pittsburgh, USA-3000 Robinson Center Dr, +1 412 787-9777
-96.81812, 32.92991, Macy's - Dallas (Dallas Galleria) USA-(TX) Dallas, USA-13375 Noel Rd, +1 214 295-1300
-97.71604, 30.32839, Macy's - Austin (Highland Mall) USA-(TX) Austin, USA-4300 Highland Mall, +1 512 459-3750
-81.53609, 41.49975, Macy's - University Heights (University Heights Square) USA-(OH) University Heights, USA-2201 Warrensville Center Rd, +1 216 382-6000
-77.17497, 38.77184, Macy's - Springfield, USA-(VA) Springfield, 6400 Springfield Mall, +1 703 719-6100
-74.88094, 40.18354, Macy's - Langhorne (Oxford Valley) USA-(PA) Langhorne, USA-2300 E Lincoln Hwy, +1 215 752-1340
-80.11648, 26.13763, Macy's - Fort Lauderdale, USA-(FL) Fort Lauderdale, 2314 E Sunrise Blvd, +1 954-537-2300
-82.08064, 33.46331, Macy's - Augusta (Augusta Mall) USA-(GA) Augusta, USA-3450 Wrightsboro Rd, +1 706 731-5020
-82.08064, 33.46331, Macy's Home - Augusta (Augusta Furniture) USA-(GA) Augusta, USA-3450 Wrightsboro Rd, +1 706 731-5020
-96.96860, 33.00330, Macy's - Lewisville (Vista Ridge Mall) USA-(TX) Lewisville, USA-2401 S Stemmons Fwy, +1 972 315-5524
-77.05531, 39.03659, Macy's - Wheaton, USA-(MD) Wheaton, 11160 Veirs Mill Rd, +1 240 880-4200
-122.29320, 47.16433, Macy's - Puyallup (South Hill Mall) USA-(WA) Puyallup, USA-3500 S Meridian, +1 253 840-7000
-90.62066, 38.79712, Macy's - St Peters (Mid Rivers Mall) USA-(MO) St Peters, USA-1 Mid Rivers Mall, +1 636 278-6660
-122.78295, 45.45318, Macy's - Tigard (Washington Square) USA-(OR) Tigard, USA-9300 S.W. Washington Square Rd, +1 503 620-3311
-74.65000, 40.87566, Macy's - Ledgewood, USA-(NJ) Ledgewood, 461 State Route 10, +1 973 252-9700
-80.05340, 40.34626, Macy's - Pittsburgh (South Hills Village Mall) USA-(PA) Pittsburgh, USA-100 South Hills Village, +1 412 854-6800
-122.20435, 47.61563, Macy's - Bellevue (Bellevue Square Mall) USA-(WA) Bellevue, USA-400 Bellevue sq, +1 425 688-6000
-71.47768, 42.95353, Macy's - Bedford, USA-(NH) Bedford, 125 South River Road Route 3, +1 603 666-5002
-71.73817, 42.52644, Macy's - Leominster, USA-(MA) Leominster, 106 Commerical Road, +1 978 537-1264
-89.45303, 43.07287, Macy's - Madison (Hilldale) USA-(WI) Madison, USA-702 N Midvale Blvd, +1 608 232-2400
-118.32633, 34.09059, Macy's - Los Angeles (Century City) USA-(CA) Los Angeles, USA-10250 Santa Monica Blvd, +1 310-556-1611
-122.05595, 38.25986, Macy's - Fairfield, USA-(CA) Fairfield, 1544 Travis Blvd, +1 707-428-3333
-81.49699, 41.54299, Macy's - Richmond Heights (Richmond Mall) USA-(OH) Richmond Heights, USA-641 Richmond Rd, +1 440 684-1800
-121.02204, 37.72087, Macy's - Modesto, USA-(CA) Modesto, 500 Vintage Faire, +1 209-575-3333
-95.33725, 29.73226, Macy's Outlet - Houston, USA-(TX) Houston, 2103 Ernestine St, +1 832 667-4200
-110.91910, 32.22348, Macy's - Tucson (El Con Center) USA-(AZ) Tucson, USA-3435 E Broadway Blvd, +1 520-795-3950
-112.12166, 33.57877, Macy's - Phoenix (Metro Center) USA-(AZ) Phoenix, USA-9700 N Metro Pkwy W, +1 602-943-2351
-75.05227, 39.93569, Macy's Furniture - Cherry Hill, USA-(NJ) Cherry Hill, 493 Route 38 West, +1 856 667-6495
-81.90935, 41.41872, Macy's - North Olmsted (Great Northern) USA-(OH) North Olmsted, USA-25801 Brookpark Rd, +1 440 777-7000
-115.17283, 36.11157, Macy's - LasVegas (Fashion Show) USA-(NV) LasVegas, USA-3200 Las Vegas Blvd S, +1 702 731-5111
-77.63786, 43.08491, Macy's - Rochester (Marketplace) USA-(NY) Rochester, USA-20 Miracle Mile Dr, +1 585 424-6224
-117.69179, 34.08838, Macy's - Montclair (Montclair Plaza) USA-(CA) Montclair, USA-5200 E Montclair Plaza Ln, +1 909-621-3011
-113.99506, 46.87009, Macy's - Missoula (Downtown Missoula) USA-(MT) Missoula, USA-110 N Higgins Ave, +1 406 542-6000
-121.81180, 37.32423, Macy's - San Jose (Eastridge Mall) USA-(CA) San Jose, USA-2210 Eastridge Loop, +1 408-238-3333
-87.62769, 41.88357, Macy's - Chicago, USA-(IL) Chicago, 111 N State St, +1 312 781-1000
-73.24506, 40.73666, Macy's - Bay Shore (South Shore Mall) USA-(NY) Bay Shore, USA-1653 Sunrise Hwy, +1 631 665-8400
-84.33861, 33.91867, Macy's - Atlanta (Perimeter Mall) USA-(GA) Atlanta, USA-4300 Ashford Dunwoody Rd, +1 770 396-2800
-84.33861, 33.91867, Macy's Home - Atlanta (Perimeter Furniture) USA-(GA) Atlanta, USA-4300 Ashford Dunwoody Rd, +1 770 392-4601
-98.23350, 26.18530, Macy's - McAllen (La Plaza Mall) USA-(TX) McAllen, USA-2100 S 10th St, +1 956 631-7700
-75.50904, 40.66316, Macy's - Whitehall (Lehigh Valley Mall) USA-(PA) Whitehall, USA-300 Lehigh Valley Mall, +1 610 264-8711
-83.18339, 42.56158, Macy's - Troy (Somerset) USA-(MI) Troy, USA-2750 W Big Beaver Rd, +1 248 816-4000
-77.05871, 38.86537, Macy's - Arlington (Pentagon City) USA-(VA) Arlington, USA-1000 S Hayes St, +1 703 418-4488
-117.29610, 34.08989, Macy's - San Bernardino, USA-(CA) San Bernardino, 675 Inland Center Drive, +1 909-888-1444
-118.31329, 34.18412, Macy's - Burbank, USA-(CA) Burbank, 200 E Cypress Ave, +1 818-841-2100
-118.43789, 34.15748, Macy's - Sherman Oaks, USA-(CA) Sherman Oaks, 14000 Riverside Dr, +1 818-788-8350
-122.26204, 47.44632, Macy's Home - Tukwila (Parkway Plaza) USA-(WA) Tukwila, USA-17750 Southcenter Pkwy, +1 425 656-6850
-115.04016, 36.06640, Macy's - Henderson (Galleria Mall) USA-(NV) Henderson, USA-1304 W Sunset Rd, +1 702 458-7300
-122.35795, 40.58958, Macy's - Redding, USA-(CA) Redding, 1291 Hilltop Dr, +1 530-722-9111
-81.58086, 41.04923, Macy's - Akron (Rolling Acres Center) USA-(OH) Akron, USA-2400 Romig Rd, +1 330 753-0321
-95.76618, 39.03064, Macy's - Topeka (West Ridge Mall) USA-(KS) Topeka, USA-1901 SW Wanamaker Rd, +1 785 271-4000
-120.43399, 34.95182, Macy's - Santa Maria (Santa Maria Center) USA-(CA) Santa Maria, USA-302 Town Ctr E, +1 805-349-8940
-75.16215, 39.95140, Macy's - Philadelphia (Center City) USA-(PA) Philadelphia, USA-1300 Market Street, +1 215 241-9000
-77.14714, 39.02227, Macy's - Bethesda, USA-(MD) Bethesda, 7125 Democracy Blvd, +1 301 469-6800
-89.70243, 39.76501, Macy's - Springfield (White Oaks Mall) USA-(IL) Springfield, USA-101 White Oaks Mall, +1 217 787-9900
-84.46983, 33.87939, Macy's - Atlanta ( Cumberland Mall) USA-(GA) Atlanta, USA-1300 Cumberland Mall SE, +1 770 434-2611
-73.98623, 40.69031, Macy's - Brooklyn, USA-(NY) Brooklyn, 422 Fulton St, +1 718 875-7200
-76.47228, 39.37548, Macy's - Baltimore (White Marsh Mall) USA-(MD) Baltimore, USA-8200 Perry Hall Blvd, +1 410 931-2000
-121.26547, 38.77222, Macy's Home - Roseville, USA-(CA) Roseville, 1152 Galleria Blvd, +1 916-786-5333
-74.03743, 40.72570, Macy's - Jersey City, USA-(NJ) Jersey City, 20 Mall Drive East, +1 201 255-5200
-88.04417, 41.72034, Macy's - Bolingbrook, USA-(IL) Bolingbrook, 645 E Boughton Rd
-72.13831, 41.37284, Macy's - Waterford, USA-(CT) Waterford, 824 Hartford Turnpike, +1 860-440-2239
-104.86592, 39.78674, Macy's - Denver (Northfield) USA-(CO) Denver, USA-8298 East 49th Avenue, +1 303-227-7222
-85.64339, 44.72290, Macy's - Traverse City (Grand) USA-(MI) Traverse City, USA-3400 S Airport Rd W, +1 231 929-6800
-75.05989, 40.04770, Macy's - Philadelphia (Northeast) USA-(PA) Philadelphia, USA-2399 Cottman Ave, +1 215 331-5500
-77.46069, 37.67423, Macy's - Glen Allen (Virginia Center Commons) USA-(VA) Glen Allen, USA-10101 Brook Rd, +1 804 261-3991
-95.46345, 29.73743, Macy's - Houston (Houston Galleria) USA-(TX) Houston, USA-5135 W Alabama St, +1 832 667-4200
-71.34765, 41.94509, Macy's - North Attleboro, USA-(MA) North Attleboro, 1029 S Washington St, +1 508 699-0220
-111.98865, 43.48218, Macy's - Idaho Falls (Grand Teton Mall) USA-(ID) Idaho Falls, USA-2240 E 17th St, +1 208 535-6000
-80.05727, 26.70906, Macy's - West Palm Beach, USA-(FL) West Palm Beach, 575 South Rosemary Avenue, +1 561-242-4085
-93.32909, 44.91705, Macy's Home - Edina (Southdale Home Store) USA-(MN) Edina, USA-7235 France Avenue South, +1 952 896-2160
-122.71766, 38.44075, Macy's - Santa Rosa (Santa Rosa Plaza) USA-(CA) Santa Rosa, USA-800 Santa Rosa Plz, +1 707-523-3333
-74.43043, 40.55405, Macy's - South Plainfield (Middlesex Mall) USA-(NJ) South Plainfield, USA-6305 Hadley Road, +1 908 561-8400
-73.86111, 40.83646, Macy's - Bronx (Parkchester) USA-(NY) Bronx, USA-1441 Metropolitan Ave, +1 718 828-7000
-96.30463, 30.62767, Macy's - College Station (Post Oak Mall) USA-(TX) College Station, USA-1508 Harvey Rd, +1 979 764-3258
-77.59335, 43.17213, Macy's - Rochester (Irondequoit) USA-(NY) Rochester, USA-1 Irondequoit Mall Drive, +1 585 342-6410
-79.93858, 40.34000, Macy's - West Mifflin (Century III Mall) USA-(PA) West Mifflin, USA-3075 Clairton Road, +1 412 655-1200
-79.93858, 40.34000, Macy's Furniture - West Mifflin (Century III Mall) USA-(PA) West Mifflin, USA-3075 Clairton Road, +1 412 655-1300
-79.93858, 40.34000, Macy's Outlet - West Mifflin (Century III Mall) USA-(PA) West Mifflin, USA-3075 Clairton Road
-80.30244, 26.01149, Macy's - Pembroke Pines, USA-(FL) Pembroke Pines, 11605 Pines Blvd, +1 954-438-2400
-95.57223, 29.98357, Macy's - Houston (Willowbrook Mall) USA-(TX) Houston, USA-4000 Willowbrook Mall, +1 281 955-4300
-95.07654, 41.31739, Macy's - Scranton (Viewmont Mall) USA-(PA) Scranton, USA-Rt. 6 Scranton-Carbondale Hwy., +1 570 343-6860
-73.85664, 40.93021, Macy's - Yonkers (Cross County) USA-(NY) Yonkers, USA-800 Central Park Avenue, +1 914 964-6680
-88.04770, 43.06363, Macy's - Wauwatosa (Mayfair) USA-(WI) Wauwatosa, USA-1 Mayfair Mall North, +1 414 471-3700
-105.07465, 40.54376, Macy's - Fort Collins, USA-(CO) Fort Collins, 225 East Foothills Pkwy, +1 970-226-5300
-122.68864, 47.66179, Macy's Furniture - Silverdale (Silverdale Gallery) USA-(WA) Silverdale, USA-3102 NW Randall Way, +1 360 613-6850
-71.39400, 42.29894, Macy's Home - Framingham (Furniture Gallery) USA-(MA) Framingham, USA-1 Worcester Rd, +1 508 650-6000
-84.63389, 38.98690, Macy's - Florance (Florence Mall) USA-(KY) Florance, USA-5000 Mall Rd, +1 859 525-5600
-77.44134, 43.03178, Macy's - Victor (Eastview) USA-(NY) Victor, USA-7979 Victor - Pittsford Road, +1 585 223-9181
-104.76597, 38.84296, Macy's - Colorado Springs (The Citadel) USA-(CO) Colorado Springs, USA-755 Citadel Drive West, +1 719-597-7246
-111.95757, 40.69416, Macy's - West Valley City (Valley Fair Mall) USA-(UT) West Valley City, USA-3601 South 2700 West, +1 801 963-0191
-90.37704, 38.55837, Macy's - St Louis (Crestwood Plaza) USA-(MO) St Louis, USA-47 Crestwood Plz, +1 314 961-8686
-70.84518, 42.14708, Macy's - Hanover, USA-(MA) Hanover, 1775 Washington St, +1 781 829-2200
-111.69044, 33.39218, Macy's - Mesa (Superstition Springs) USA-(AZ) Mesa, USA-6535 E Southern Ave, +1 480-807-1400
-86.85381, 40.39249, Macy's - Lafayette (Tippecanoe Mall) USA-(IN) Lafayette, USA-2415 Sagamore Pkwy S, +1 765 447-2141
-73.71964, 40.66293, Macy's - Valley Stream (Green Acres Mall) USA-(NY) Valley Stream, USA-1000 Green Acres Mall, +1 516 561-6100
-121.84136, 38.00051, Macy's - Antioch, USA-(CA) Antioch, 2500 Somersville Road, +1 925-219-3333
-121.89710, 36.58540, Macy's Home - Monterey, USA-(CA) Monterey, 260 Del Monte Center, +1 831-372-3333
-76.20970, 36.85294, Macy's - Norfolk (Military Circle) USA-(VA) Norfolk, USA-880 N Military Hwy, +1 757 249-1656
-82.73525, 27.79284, Macy's - Saint Petersburg (Tyrone) USA-(FL) Saint Petersburg, USA-6901 22nd Ave. North, +1 727-344-8300
-79.17434, 37.36678, Macy's - Lynchburg (River Ridge Mall) USA-(VA) Lynchburg, USA-3419 Candlers Mountain Rd, +1 434 239-5611
-70.99143, 41.64056, Macy's - North Dartmouth, USA-(MA) North Dartmouth, 200 N Dartmouth Mall, +1 508 994-0300
-111.92752, 33.50235, Macy's - Scottsdale (Santan Village) USA-(AZ) Scottsdale, USA-7014 E Camelback Rd, +1 480-840-0333
-76.85488, 39.09386, Macy's - Laurel, USA-(MD) Laurel, 14828 Baltimore Ave, +1 301 776-0600
-90.44578, 38.60243, Macy's - St Louis (West County Center) USA-(MO) St Louis, USA-2 West County Ctr, +1 314 966-0017
-70.33317, 43.64230, Macy's - South Portland (Maine Mall) USA-(ME) South Portland, USA-100 Maine Mall Rd, +1 207 761-7305
-78.96073, 35.07228, Macy's - Fayetteville (Cross Creek Mall) USA-(NC) Fayetteville, USA-100 Cross Creek Mall, +1 910 864-1550
-84.59543, 39.24458, Macy's - Cincinnati (Northgate Mall) USA-(OH) Cincinnati, USA-9531 Colerain Ave, +1 513 245-5200
-84.25528, 33.84973, Macy's - Atlanta (Northlake) USA-(GA) Atlanta, USA-4800 Briarcliff Rd Ne, +1 770 491-2985
-79.96038, 37.30457, Macy's - Roanoke (Valley View Mall) USA-(VA) Roanoke, USA-4841 Valley View Blvd NW, +1 540 362-0900
-96.77446, 43.51481, Macy's - Sioux Falls (Empire Mall) USA-(SD) Sioux Falls, USA-4001 W 41st St, +1 605 361-4500
-90.34719, 38.63495, Macy's - St Louis (St. Louis Galleria) USA-(MO) St Louis, USA-1550 Saint Louis Galleria, +1 314 726-1810
-121.38278, 38.61034, Macy's - Sacramento (Country Club) USA-(CA) Sacramento, USA-3500 El Camino Ave, +1 916-485-3885
-118.35218, 33.83040, Macy's - Torrance (Del Amo Fashion Center) USA-(CA) Torrance, USA-21760 Hawthorne Blvd, +1 310-542-5941
-118.35218, 33.83040, Macy's - Torrance (Del Amo) USA-(CA) Torrance, USA-21760 Hawthorne Blvd, +1 310-370-8511
-80.83012, 35.15174, Macy's - Charlotte (Southpark Mall) USA-(NC) Charlotte, USA-4400 Sharon Rd, +1 704 365-1000
-105.09330, 39.60998, Macy's - Littleton (Southwest Plaza) USA-(CO) Littleton, USA-8501 W Bowles Ave, +1 303-729-2862
-73.41206, 40.82209, Macy's - Huntington Station (Walt Whitman Center) USA-(NY) Huntington Station, USA-180 Walt Whitman Center, +1 631-427-7200
-86.18762, 41.71769, Macy's - Mishawaka (University Park Mall) USA-(IN) Mishawaka, USA-6501 North Grape Road, +1 574 277-2950
-97.08901, 33.17003, Macy's - Denton (Golden Triangle) USA-(TX) Denton, USA-2201 I35E South, +1 940 783-4000
-117.53095, 34.11073, Macy's - Rancho Cucamonga, USA-(CA) Rancho Cucamonga, 7855 Kew Ave, +1 909-646-3333
-118.01328, 33.74984, Macy's - Westminster, USA-(CA) Westminster, 300 Westminster Mall, +1 714-657-3333
-74.16503, 40.58734, Macy's Furniture - Staten Island, USA-(NY) Staten Island, 98 Richmond Hill Rd, +1 718 494-4094
-88.97535, 42.24131, Macy's - Rockford (Cherryvale) USA-(IL) Rockford, USA-7200 Harrison Ave, +1 815 332-2424
-88.28971, 42.09888, Macy's - West Dundee (Spring Hill Mall) USA-(IL) West Dundee, USA-1000 Spring Hill Mall, +1 847 551-4800
-122.33876, 47.61078, Macy's - Seattle (Downtown Seattle) USA-(WA) Seattle, USA-1601 3rd Ave, +1 206 506-6000
-85.75856, 42.88215, Macy's - Grandville (Rivertown Crossing) USA-(MI) Grandville, USA-3850 Rivertown Pkwy SW, +1 616 257-4900
-81.33946, 28.55516, Macy's - Orlando, USA-(FL) Orlando, 3505 E Colonial Dr, +1 407-896-5300
-86.81081, 33.37790, Macy's - Birmingham (Riverchase Galleria) USA-(AL) Birmingham, USA-2600 Riverchase Galleria, +1 205-985-2600
-90.06685, 29.96828, Macy's - New Orleans (Esplanade) USA-(LA) New Orleans, USA-1401 West Esplanade, +1 504 461-4800
-80.36938, 25.57264, Macy's - Miami, USA-(FL) Miami, 20507 S. Dixie Highway, +1 305-252-5200
-119.24692, 34.26813, Macy's - Ventura, USA-(CA) Ventura, 477 S Mills Rd, +1 805-642-7511
-77.42061, 39.03051, Macy's - Dulles (Dulles) USA-(VA) Dulles, USA-21060 Dulles Town Circle, +1 703 421-4814
-119.74749, 34.44028, Macy's - Santa Barbara (La Cumbre Plaza) USA-(CA) Santa Barbara, USA-3805 State St, +1 805-687-6411
-94.47042, 37.08791, Macy's - Joplin (North Park Mall) USA-(MO) Joplin, USA-359 S Northpark Ln, +1 417 782-6500
-105.05922, 39.85666, Macy's - Westminster, USA-(CO) Westminster, 5613 W. 88th Avenue, +1 303-214-6500
-76.35476, 39.52616, Macy's - Bel Air, USA-(MD) Bel Air, 600 Bel Air Rd, +1 410 879-9801
-82.73091, 28.01717, Macy's - Clearwater (Countryside Mall) USA-(FL) Clearwater, USA-27001 US Highway 19 North, +1 727-724-7525
-74.16417, 40.58683, Macy's - Staten Island, USA-(NY) Staten Island, 112 Richmond Hill Rd, +1 718 761-3000
-78.90793, 36.01913, Macy's - Durham (Northgate Mall) USA-(NC) Durham, USA-1058 W Club Blvd, +1 919 286-9770
-104.95014, 39.71593, Macy's - Denver (Cherry Creek Mall) USA-(CO) Denver, USA-15 South Steele Street, +1 303-390-2200
-82.93371, 42.44972, Macy's - Harper Woods (Eastland) USA-(MI) Harper Woods, USA-18000 Vernier Rd., +1 313 245-2200
-106.54461, 31.81324, Macy's - ElPaso (Sunland Park) USA-(TX) ElPaso, USA-750 Sunland Park Drive, +1 915 225-4006
-93.43824, 44.97036, Macy's - Minnetonka (Ridgedale Mall) USA-(MN) Minnetonka, USA-12411 Wayzata Blvd, +1 952 591-6600
-157.84276, 21.28956, Macy's - Honolulu (Jewel Gallery Oahu) USA-(HI) Honolulu, USA-1450 Ala Moana Boulevard, +1 808 941-2345
-117.74182, 33.64949, Macy's - Irvine (Irvine Spectrum) USA-(CA) Irvine, USA-93 Fortune Dr, +1 949-341-9111
-76.60303, 39.14044, Macy's - Glen Burnie (Marley Station) USA-(MD) Glen Burnie, USA-7900 Ritchie Hwy # B4, +1 410 766-2055
-82.11039, 41.39799, Macy's - Elyria (Midway Mall) USA-(OH) Elyria, USA-3000 Midway Mall, +1 440 324-6663
-117.15741, 33.52648, Macy's - Temecula, USA-(CA) Temecula, 40780 Winchester Blvd, +1 951-541-3333
-85.37330, 40.22040, Macy's - Muncie (Muncie Mall) USA-(IN) Muncie, USA-3501 N Granville Ave., +1 765 286-0011
-122.13498, 47.63202, Macy's Furniture - Redmond (Redmond Gallery) USA-(WA) Redmond, USA-15340 Ne 24th St, +1 425 688-6850
-81.39910, 28.44349, Macy's - Orlando (Florida Mall) USA-(FL) Orlando, USA-8001 S Orange Blossom Trl, +1 407-854-2300
-97.54621, 35.52320, Macy's - Oklahoma City (Penn Square Mall) USA-(OK) Oklahoma City, USA-1901 NW Expressway St., +1 405 541-2724
-118.39656, 34.18304, Macy's - North Hollywood (Laurel Plaza) USA-(CA) North Hollywood, USA-6160 Laurel Canyon Blvd, +1 818-766-4111
-76.94480, 38.83371, Macy's - Marlow Heights, USA-(MD) Marlow Heights, 4101 Branch Avenue, +1 301 423-3300
-74.18204, 39.98014, Macy's - Toms River (Ocean County Mall) USA-(NJ) Toms River, USA-1201 Hooper Avenue, +1 732 914-4011
-73.12720, 40.86485, Macy's - Lake Grove (Smith Haven Mall) USA-(NY) Lake Grove, USA-2 Smith Haven Mall, +1 631 724-4900
-115.20053, 36.12748, Macy's Home - LasVegas, USA-(NV) LasVegas, 4450 Spring Mountain Rd, +1 702 731-5111
-83.25744, 42.19794, Macy's - Taylor (Southland) USA-(MI) Taylor, USA-23000 Eureka Rd, +1 734 374-5030
-118.77399, 34.28327, Macy's - Simi Valley (Simi Center) USA-(CA) Simi Valley, USA-1475 Simi Town Ctr Way, +1 805-581-3333
-119.22507, 46.21308, Macy's - Kennewick (Columbia Center Mall) USA-(WA) Kennewick, USA-400 N. Columbia Center Blvd, +1 509 734-6000
-95.64886, 29.73201, Macy's - Houston (West Oaks Mall) USA-(TX) Houston, USA-800 W Oaks Mall, +1 281 531-3700
-77.12980, 38.81613, Macy's - Alexandria (Landmark) USA-(VA) Alexandria, USA-5701 Duke St, +1 703 354-1900
-83.20873, 42.45048, Macy's - Southfield (Northland) USA-(MI) Southfield, USA-21500 Northwestern Highway, +1 248 443-6000
-86.94597, 36.07995, Macy's - Nashville (Bellevue Center) USA-(TN) Nashville, USA-7616 Highway 70 S, +1 615 646-5500
-98.53109, 29.35597, Macy's - San Antonio (South Park) USA-(TX) San Antonio, USA-2310 Southwest Military Drive, +1 210 334-2000
-80.20809, 26.64407, Macy's - Wellington, USA-(FL) Wellington, 10316 W Forest Hill Blvd, +1 561-493-2000
-120.28865, 47.41069, Macy's - Wenatchee (Wenatchee Valley) USA-(WA) Wenatchee, USA-445 Valley Mall Parkway, +1 509 881-6000
-118.33576, 34.01184, Macy's - Los Angeles (Baldwin Hills Crenshaw Plaza) USA-(CA) Los Angeles, USA-4005 Crenshaw Blvd, +1 323-298-7541
-77.80061, 40.83148, Macy's - State College (Nittany Mall) USA-(PA) State College, USA-2900 E College Ave, +1 814 235-5200
-97.19965, 32.82884, Macy's - Hurst (North East Mall) USA-(TX) Hurst, USA-1101 Melbourne Rd., +1 817 317-5300
-81.10308, 31.99463, Macy's - Savannah (Shannon Mall) USA-(GA) Savannah, USA-200 Shannon Mall, +1 770 969-2600
-72.50056, 42.13954, Macy's - Springfield, USA-(MA) Springfield, 1685 Boston Road, +1 413 543-4700
-74.01466, 41.09740, Macy's - Nanuet (Nanuet Mall) USA-(NY) Nanuet, USA-200 Nanuet Mall, +1 845 623-4100
-84.05351, 39.76789, Macy's - Beavercreek (Fairfield Commons) USA-(OH) Beavercreek, USA-2727 Fairfield Commons BL, +1 937 320-2312
-104.96036, 39.59379, Macy's - Littleton (Southglenn Shopping Center) USA-(CO) Littleton, USA-6801 S University Blvd, +1 303-729-1123
-77.69467, 43.20617, Macy's - Rochester (Greece Ridge Center) USA-(NY) Rochester, USA-397 Greece Ridge Center Dr, +1 585 723-8890
-88.03780, 42.04929, Macy's - Schaumburg (Woodfield Mall) USA-(IL) Schaumburg, USA-1 Woodfield Mall, +1 847 706-6000
-81.97392, 28.09116, Macy's - Lakeland, USA-(FL) Lakeland, 3800 US Highway 98 N, +1 863-853-7200
-72.58466, 41.99770, Macy's - Enfield (Enfield Square) USA-(CT) Enfield, USA-90 Elm Street, +1 860-741-2111
-73.87064, 40.73456, Macy's - Elmhurst (Queens Center) USA-(NY) Elmhurst, USA-90-01 Queens Blvd., +1 718 271-7200
-73.87064, 40.73456, Macy's Furniture - Elmhurst (Queens Furniture) USA-(NY) Elmhurst, USA-90-01 Queens Blvd., +1 718 760-7101
-83.32630, 42.64438, Macy's - Waterford (Summit Place) USA-(MI) Waterford, USA-269 N Telegraph Rd, +1 734 374-5030
-94.66518, 38.95569, Macy's - Overland Park (Metcalf South Center) USA-(KS) Overland Park, USA-9501 Metcalf Ave, +1 913 383-9696
-71.02481, 42.46414, Macy's - Saugus, USA-(MA) Saugus, 1277 Broadway Route 1, +1 781 231-8400
-122.12498, 37.70259, Macy's - San Leandro (Bayfair Mall) USA-(CA) San Leandro, USA-15555 E 14th St # 1, +1 510-357-3333
-71.06082, 42.35519, Macy's - Boston, USA-(MA) Boston, 450 Washington St, +1 617 357-3063
-84.51320, 39.10147, Macy's - Cincinnati (Fountain Place) USA-(OH) Cincinnati, USA-505 Vine St, +1 513 361-4200
-89.86114, 35.09551, Macy's - Memphis (Hickory Ridge) USA-(TN) Memphis, USA-6001 Hickory Ridge Mall, +1 901 369-1271
-122.47574, 37.72842, Macy's - San Francisco (Stonestown Mall) USA-(CA) San Francisco, USA-3251 20th Avenue, +1 415-753-4000
-80.09668, 42.06986, Macy's - Erie (Millcreek Mall) USA-(PA) Erie, USA-850 Millcreek Mall, +1 814 868-5211
-111.88966, 40.76827, Macy's - Salt Lake City (Downtown) USA-(UT) Salt Lake City, USA-15 South Main Street, +1 801 579-7320
-84.13331, 33.95725, Macy's - Duluth (Gwinnett Mall) USA-(GA) Duluth, USA-2100 Pleasant Hill Rd, +1 770 497-2600
-80.14669, 25.95710, Macy's - Miami (Macy's Aventura) USA-(FL) Miami, USA-19535 Biscayne Blvd, +1 305-682-3300
-119.78637, 39.47100, Macy's Home - Reno, USA-(NV) Reno, 6011 South Virginia Street, +1 775 826-8333
-95.45379, 30.16743, Macy's - The Woodlands (The Woodlands Mall) USA-(TX) The Woodlands, USA-1201 Lake Woodlands Drive, +1 281 362-6100
-75.29255, 40.01071, Macy's - Ardmore (Suburban Square) USA-(PA) Ardmore, USA-40 W. Montgomery Avenue, +1 610 645-1399
-89.19189, 37.73092, Macy's - Carbondale (University Mall) USA-(IL) Carbondale, USA-1237 E Main St, +1 618 529-4400
-78.57424, 35.83455, Macy's - Raleigh (Triangle Town Center) USA-(NC) Raleigh, USA-3801 Summer Blvd, +1 919 760-1869
-73.17580, 42.54024, Macy's - Lanesboro (Pittsfield Mall) USA-(MA) Lanesboro, USA-Rt. 8. Old State Road, +1 413 499-3600
-70.71381, 41.96905, Macy's - Kingston (Independence Mall) USA-(MA) Kingston, USA-101 Independence Mall Way, +1 781 585-1400
-106.26840, 42.84552, Macy's - Casper (Eastridge Mall) USA-(WY) Casper, USA-501 SE Wyoming Blvd, +1 307 268-6000
-75.54461, 39.19222, Macy's - Dover (Dover Mall) USA-(DE) Dover, USA-2000 Dover Mall, +1 302-736-0974
-76.92190, 38.61871, Macy's - Waldorf (St. Charles) USA-(MD) Waldorf, USA-11200 Mall Cir, +1 301 870-5800
-81.79906, 26.16787, Macy's - Naples (Naples Coastland Center) USA-(FL) Naples, USA-1800 9th St. North, +1 239-434-7525
-74.26292, 40.89264, Macy's Furniture - Wayne, USA-(NJ) Wayne, 200 US Highway 46, +1 973 785-0407
-84.52374, 37.99111, Macy's - Lexington (Fayette Mall) USA-(KY) Lexington, USA-3301 Nicholasville Rd, +1 859 271-7200
-111.86299, 33.39270, Macy's - Mesa (Fiesta Mall) USA-(AZ) Mesa, USA-1465 W Southern Ave, +1 480-835-4500
-118.22621, 34.14275, Macy's - Los Angeles (Eagle Rock Plaza) USA-(CA) Los Angeles, USA-2828 Colorado Blvd, +1 323-258-8303
-77.22998, 38.92580, Macy's - McLean (Tysons Galleria) USA-(VA) McLean, USA-1651 International Dr, +1 703 556-0000
-83.17624, 42.32209, Macy's - Dearborn (Fairlane) USA-(MI) Dearborn, USA-18900 Mighican Avenue, +1 313 436-7600
-81.41682, 28.66527, Macy's Home - Altamonte Springs (Furniture Gallery) USA-(FL) Altamonte Springs, USA-820 West Town Center Parkway, +1 407-389-2500
-96.61489, 32.95341, Macy's - Garland (Firewheel Town Center) USA-(TX) Garland, USA-701 Horseshoe Dr, +1 972 244-2500
-122.98317, 44.94130, Macy's - Salem (Lancaster Mall) USA-(OR) Salem, USA-831 Lancaster Dr NE, +1 503 361-6800
-90.56553, 38.65086, Macy's - Chesterfield (Chesterfield Mall) USA-(MO) Chesterfield, USA-49 Chesterfield Mall, +1 636 532-3800
-121.50485, 38.58201, Macy's - Sacramento (Downtown Sacramento) USA-(CA) Sacramento, USA-414 K St, +1 916-444-3333
-118.60572, 34.18121, Macy's - Woodland Hills (Promenade) USA-(CA) Woodland Hills, USA-6100 Topanga Canyon Blvd # 80, +1 818-313-8844
-76.39108, 37.04137, Macy's - Hampton (Peninsula Town Center) USA-(VA) Hampton, USA-1800 W Mercury Blvd, +1 757 827-8900
-122.11884, 47.67003, Macy's - Redmond (Redmond Town Center) USA-(WA) Redmond, USA-7400 166th Ave NE, +1 425 498-6000
-117.88622, 33.91548, Macy's - Brea (Brea Mall) USA-(CA) Brea, USA-200 Brea Mall, +1 714-990-1400
-114.70645, 42.59345, Macy's - Twin Falls (Magic Valley Mall) USA-(ID) Twin Falls, USA-1379 Poleline Rd E, +1 208 736-6800
-5.95660, 37.42720, Macy's Home - San Diego, USA-(CA) San Diego, 1555 Camino de La Reina, +1 619-299-9811
-155.06178, 19.69833, Macy's - Hilo (Prince Kuhio Plaza) USA-(HI) Hilo, USA-111 E. Puainako Street, +1 808 959-3561
-84.37768, 39.20007, Macy's - Cincinnati (Kenwood) USA-(OH) Cincinnati, USA-7875 Montgomery Rd, +1 513 745-5380
-76.75034, 39.31273, Macy's - Baltimore (Security Square) USA-(MD) Baltimore, USA-6901 Security Blvd # 6901, +1 410 944-8040
-117.88661, 33.69351, Macy's - Costa Mesa (South Coast Plaza) USA-(CA) Costa Mesa, USA-3333 Bristol St., +1 714-556-0611
-88.24491, 40.14017, Macy's - Champaign (Market Place) USA-(IL) Champaign, USA-2000 N Neil St., +1 217 363-5600
-82.26332, 38.41884, Macy's - Barboursville (Huntington Mall) USA-(WV) Barboursville, USA-300 Huntington Mall, +1 304 733-0244
-73.85094, 42.69837, Macy's - Albany, USA-(NY) Albany, 120 Washington Avenue Exit, +1 518 452-0010
-93.26293, 37.16340, Macy's - Springfield (Battlefield Mall) USA-(MO) Springfield, USA-2825 S Glenstone Ave, +1 417 882-1500
-83.69650, 32.81591, Macy's - Macon, USA-(GA) Macon, 3661 Eisenhower Pkwy, +1 478 471-3985
-118.33708, 46.06757, Macy's - Walla Walla (Downtown Walla Walla) USA-(WA) Walla Walla, USA-54 E Main St, +1 509 527-6000
-90.61576, 40.23378, Macy's - Littleton (Park Meadows) USA-(CO) Littleton, USA-8455 S Park Meadows Center Dr, +1 303-566-6370
-95.62525, 29.59367, Macy's - Sugarland (First Colony Tn Ctr) USA-(TX) Sugarland, USA-16511 SW Freeway, +1 281 243-7600
-85.58940, 42.91242, Macy's - Kentwood (Grand Rapids (Woodland)) USA-(MI) Kentwood, USA-3162 28th St SE, +1 616 940-2100
-121.96652, 36.97712, Macy's - Capitola, USA-(CA) Capitola, 1855 41st Ave, +1 831-621-3333
-73.98859, 41.96925, Macy's - Kingston, USA-(NY) Kingston, 1300 Ulster Ave, +1 845 383-3600
-76.22773, 36.77972, Macy's - Chesapeake (Greenbriar) USA-(VA) Chesapeake, USA-1401 Greenbrier Pkwy, +1 757 424-6260
-77.22444, 38.91622, Macy's - McLean (Tysons Corner) USA-(VA) McLean, USA-8000 Tysons Corner Center, +1 703 893-4900
-81.11693, 32.00194, Macy's - Savannah (Oglethorpe Mall) USA-(GA) Savannah, USA-7804 Abercorn St, +1 912 353-3611
-77.39500, 37.25236, Macy's - Colonial Heights (South Park Mall) USA-(VA) Colonial Heights, USA-170 Southpark Cir, +1 804 526-4400
-122.00108, 37.52636, Macy's - Newark, USA-(CA) Newark, 200 Newpark Mall, +1 510-797-3333
-73.02631, 41.54684, Macy's - Waterbury, USA-(CT) Waterbury, 575 Union Street, +1 203-757-1131
-83.74617, 42.24282, Macy's - Ann Arbor (Briarwood Mall) USA-(MI) Ann Arbor, USA-700 Briarwood Cir, +1 734 998-5000
-87.84611, 41.62238, Macy's - Orland Park (Orland Square) USA-(IL) Orland Park, USA-1 Orland Square Dr, +1 708 873-4100
-71.21096, 42.47235, Macy's - Burlington (Burlington Mall) USA-(MA) Burlington, USA-1300 Middlesex Turnpike, +1 781 221-3706
-73.95659, 40.73647, Macy's - Clay, USA-(NY) Clay, 4081 New York State 31, +1 315 622-4655
-80.44556, 41.23352, Macy's - Hermitage (Shenango Mall) USA-(PA) Hermitage, USA-3515 E State St, +1 724 981-7410
-82.98505, 42.62533, Macy's - Sterling Heights (Lakeside) USA-(MI) Sterling Heights, USA-14200 Lakeside Cir, +1 586 566-2800
-112.01918, 46.62273, Macy's - Helena, USA-(MT) Helena, 3405 N Montana Ave, +1 406 324-6000
-117.41109, 47.70140, Macy's - Spokane (Northtown Mall) USA-(WA) Spokane, USA-4770 N Division St, +1 509 482-6800
-119.75542, 36.80956, Macy's Home - Fresno (Fresno Furniture) USA-(CA) Fresno, USA-1732 E Shaw Ave, +1 559-222-6611
-122.65459, 45.53181, Macy's - Portland (Lloyd Center) USA-(OR) Portland, USA-1100 Lloyd Ctr, +1 503 281-4797
-80.96182, 34.06301, Macy's - Columbia (Columbia Mall) USA-(SC) Columbia, USA-7201 Two Notch Rd, +1 803 699-2100
-75.31419, 43.08007, Macy's - New Hartford (Sangertown Square) USA-(NY) New Hartford, USA-1 Sangertown Sq., +1 315 734-0585
-96.99448, 32.84110, Macy's - Irving (Irving Mall) USA-(TX) Irving, USA-3801 Irving Mall, +1 972 257-4800
-96.62616, 32.80657, Macy's - Mesquite (Town East Mall) USA-(TX) Mesquite, USA-4000 Town East Mall, +1 972 681-6700
-80.27549, 40.16057, Macy's - Washington (Washington Crown Centre) USA-(PA) Washington, USA-1500 W Chestnut St, +1 724 222-7100
-117.89321, 33.69118, Macy's Home - (South Coast Plaza) USA-(CA) Costa Mesa, USA-3333 Bear St, +1 714-708-3333
-84.21905, 39.63663, Macy's - Dayton (Dayton Mall) USA-(OH) Dayton, USA-2700 Miamisburg Centerville Rd, +1 937 439-2152
-73.12871, 40.86463, Macy's Furniture - Lake Grove (Smith Haven Mall) USA-(NY) Lake Grove, USA-313 Smith Haven Mall, +1 631 240-2100
-82.88037, 39.91995, Macy's - Columbus (Eastland Mall) USA-(OH) Columbus, USA-2727 South Hamilton Road, +1 614 863-6907
-122.47075, 37.67351, Macy's - Daly City (Serramonte) USA-(CA) Daly City, USA-1 Serramonte Ctr, +1 650-994-3333
-82.67210, 41.41645, Macy's - Sandusky (Sandusky Mall) USA-(OH) Sandusky, USA-4314 Milan Rd, +1 419 627-1000
-86.11968, 39.86668, Macy's - Indianapolis (Glendale Center) USA-(IN) Indianapolis, USA-6101 N Keystone Ave, +1 317 255-6611
-74.26299, 40.79136, Macy's - Paramus, USA-(NJ) Paramus, 500 Garden State Plaza, +1 201 291-3211
-92.07847, 30.17402, Macy's - Lafayette (Acadiana) USA-(LA) Lafayette, USA-5733 Johnston Place, +1 337 988-7373
-77.40939, 39.38479, Macy's - Frederick, USA-(MD) Frederick, 5500 Buckeystown Pike, +1 301 698-0076
-76.95937, 38.96711, Macy's - Hyattsville, USA-(MD) Hyattsville, 3500 East-West Highway, +1 301 559-8800
-83.98414, 34.06422, Macy's - Buford (Mall of Georgia) USA-(GA) Buford, USA-3333 Buford Dr, +1 678 546-4300
-71.02557, 42.22105, Macy's - Braintree, USA-(MA) Braintree, 250 Granite St., +1 781 848-3800
-116.96699, 32.62117, Macy's - Chula Vista (Otay Ranch) USA-(CA) Chula Vista, USA-2015 Birch Rd, +1 619-591-7100
-77.43365, 37.54070, Macy's - Richmond (Short Pump) USA-(VA) Richmond, USA-4351 Hagen Drive, +1 804 364-8209
-117.15876, 33.52546, Macy's - Temecula (Promenade Mall) USA-(CA) Temecula, USA-40900 Winchester Rd, +1 951-296-3500
-84.27487, 33.71055, Macy's - Decatur (South DeKalb) USA-(GA) Decatur, USA-2731 Candler Rd, +1 404 243-2611
-80.13427, 26.36836, Macy's - Boca Raton, USA-(FL) Boca Raton, 5700 W. Glades Rd, +1 561-393-4400
-117.93255, 34.06854, Macy's - West Covina, USA-(CA) West Covina, 1200 West Covina Pkwy, +1 626-960-3611
-71.21385, 41.74952, Macy's - Swansea (Swansea Mall) USA-(MA) Swansea, USA-Route 118, +1 508 677-6017
-78.76317, 42.91322, Macy's - Buffalo (Walden Galleria) USA-(NY) Buffalo, USA-4 Walden Galleria, +1 716 684-6267
-82.13163, 27.00758, Macy's - Port Charlotte, USA-(FL) Port Charlotte, 1441 Tamiami Trail, +1 941-764-5200
-93.21127, 44.99909, Macy's Outlet - Minneapolis, USA-(MN) Minneapolis, 701 Industrial Blvd NE
-86.65346, 36.05028, Macy's - Antioch (Hickory Hollow) USA-(TN) Antioch, USA-917 Bell Rd, +1 615 731-5050
-117.00627, 46.40095, Macy's - Lewiston (Downtown Lewiston) USA-(ID) Lewiston, USA-1806 19th Ave, +1 208 798-6000
-94.16023, 30.12772, Macy's - Beaumont (Parkdale Mall) USA-(TX) Beaumont, USA-6175 Eastex Fwy, +1 409 924-6700
-98.62088, 29.46956, Macy's - San Antonio (Ingram Park Mall) USA-(TX) San Antonio, USA-6301 Northwest Loop 410, +1 210 647-2400
-98.62088, 29.46956, Macy's Furniture - San Antonio (Ingram Park Mall) USA-(TX) San Antonio, USA-6301 Northwest Loop 410, +1 210 647-2400
-86.42511, 36.95031, Macy's - Bowling Green (Greenwood Mall) USA-(KY) Bowling Green, USA-2625 Scottsville Rd, +1 270 783-8850
-118.55707, 34.23895, Macy's - Northridge, USA-(CA) Northridge, 9301 Tampa Ave, +1 818-885-6611
-84.38023, 39.19887, Macy's Furniture - Cincinnati (Kenwood Gallery) USA-(OH) Cincinnati, USA-7800 Montgomery Rd, +1 513 745-8980
-80.01279, 40.54192, Macy's - Pittsburgh (Ross Park Mall) USA-(PA) Pittsburgh, USA-1004 Ross Park Mall Dr, +1 412 366-1400
-80.01279, 40.54192, Macy's Furniture - Pittsburgh (Ross Park Mall) USA-(PA) Pittsburgh, USA-1014 Ross Park Mall Dr, +1 412 630-4000
-86.77217, 33.46581, Macy's - Birmingham (Brookwood Village) USA-(AL) Birmingham, USA-314 Brookwood Village, +1 205-868-2600
-72.64531, 42.16788, Macy's - Holyoke, USA-(MA) Holyoke, 400 Whitney Avenue, +1 413 538-7360
-87.32149, 41.47020, Macy's - Merrillville (SouthLake Mall) USA-(IN) Merrillville, USA-2210 Southlake Mall, +1 219 769-9100
-73.80885, 41.32740, Macy's - Yorktown Heights, USA-(NY) Yorktown Heights, 700 Lee Blvd. & Route 6, +1 914 243-3301
-74.29913, 40.55337, Macy's - Woodbridge (Woodbridge Center) USA-(NJ) Woodbridge, USA-237 Woodbridge Center Drive, +1 732 636-2450
-78.40718, 40.46790, Macy's - Altoona (Logan Valley Mall) USA-(PA) Altoona, USA-Rt. 220 & Goods Lane, +1 814 941-7774
-157.82751, 21.27804, Macy's - Honolulu (Waikki) USA-(HI) Honolulu, USA-2314 Kalakaua Avenue, +1 808 926-5217
-80.11883, 26.18384, Macy's Home - Fort Lauderdale (Furniture Gallery) USA-(FL) Fort Lauderdale, USA-4501 N Federal Hwy, +1 954-567-6500
-87.41627, 39.42455, Macy's - Terre Haute (Honey Creek Square) USA-(IN) Terre Haute, USA-3401 S US Highway 41, +1 812 234-1546
-84.56361, 34.01913, Macy's - Kennesaw (Town Center) USA-(GA) Kennesaw, USA-400 Ernest G Barrett Pkwy NW, +1 770 423-2600
-76.82822, 41.24328, Macy's - Pennsdale (Lycoming Mall) USA-(PA) Pennsdale, USA-300 Lycoming Mall Circle, +1 570 546-6998
-75.12152, 40.14394, Macy's - Willow Grove, USA-(PA) Willow Grove, 2600 W Moreland Rd, +1 215 658-4700
-96.77325, 32.87160, Macy's - Dallas (NorthPark Center) USA-(TX) Dallas, USA-8687 North Central Expressway, +1 469 232-3600
-85.60657, 38.24882, Macy's - Louisville (Oxmoor Center) USA-(KY) Louisville, USA-7900 Shelbyville Rd., +1 502 423-3000
-122.69064, 47.65953, Macy's - Silverdale (Kitsap Mall) USA-(WA) Silverdale, USA-10315 Silverdale Way NW, +1 360 613-6000
-81.42459, 40.79642, Macy's - Canton (Canton Centre) USA-(OH) Canton, USA-4250 West Tuscarawas Road, +1 330 477-9511
-73.70396, 40.78977, Macy's - Manhasset, USA-(NY) Manhasset, 1100 Northern Blvd, +1 516 869-8500
-122.87988, 45.53614, Macy's - Hillsboro (Tanasbourne) USA-(OR) Hillsboro, USA-2055 NW Allie Ave, +1 503 617-6999
-111.88425, 40.63592, Macy's - Murray (Fashion Place) USA-(UT) Murray, USA-6191 S State St, +1 801 262-0163
-87.62390, 41.89789, Macy's - Chicago (Water Tower Place) USA-(IL) Chicago, USA-835 N Michigan Ave, +1 312 335-7700
-122.87958, 42.34400, Macy's - Medford (Rogue Valley Mall) USA-(OR) Medford, USA-1800 North Riverside Drive, +1 541 772-3700
-120.48038, 46.56663, Macy's - Union Gap (Valley Mall) USA-(WA) Union Gap, USA-2525 Main Street, +1 509 577-6000
-87.55355, 41.59998, Macy's - Calumet City (River Oaks Center) USA-(IL) Calumet City, USA-1 River Oaks Center Dr, +1 708 418-4000
-117.27413, 33.93899, Macy's - Moreno Valley (Moreno Valley Mall) USA-(CA) Moreno Valley, USA-22400 Town Gate Circle, +1 951-656-1611
-81.40749, 41.15708, Macy's - Stow (Stow-Kent Plaza) USA-(OH) Stow, USA-4301 Kent Rd, +1 330 688-8281
-74.87441, 40.09843, Macy's - Bensalem (Neshaminy) USA-(PA) Bensalem, USA-U.S. Rt. 1 & Bristol Road, +1 215 355-4000
-80.08944, 26.72535, Macy's - West Palm Beach, USA-(FL) West Palm Beach, 1801 Palm Beach Lakes Blvd., +1 561-684-4400
-78.80992, 42.78133, Macy's - Blasdell (McKinley) USA-(NY) Blasdell, USA-3701 S. McKinley Parkway, +1 716 825-1470
-74.06835, 40.95409, Macy's - Paramus (Paramus Park) USA-(NJ) Paramus, USA-100 Paramus Park Mall, +1 201 967-1400
-80.67451, 40.36751, Macy's - Steubenville (Ohio Valley Mall) USA-(OH) Steubenville, USA-100 Mall Dr, +1 740 695-5900
-74.96246, 39.94648, Macy's - Moorestown, USA-(NJ) Moorestown, 400 W Route 38, +1 856 642-6442
-96.80586, 33.10003, Macy's - Frisco (Stonebriar Centre) USA-(TX) Frisco, USA-2603 Preston Rd, +1 972 731-3600
-75.02513, 39.93901, Macy's - Cherry Hill, USA-(NJ) Cherry Hill, 2000 Route 38, +1 856 665-5500
-80.19343, 25.77369, Macy's - Miami (Downtown) USA-(FL) Miami, USA-22 E Flagler St, +1 305-577-1500
-80.45757, 27.64139, Macy's - Vero Beach, USA-(FL) Vero Beach, 6200 20th St, +1 561-564-2300
-117.70503, 33.60931, Macy's - Laguna Hills (Laguna Hills Mall) USA-(CA) Laguna Hills, USA-24100 Laguna Hills Mall, +1 949-586-1901
-83.77104, 42.97640, Macy's - Flint (Genesee Valley Ctr) USA-(MI) Flint, USA-4600 Miller Rd, +1 810 230-5700
-83.13708, 40.07050, Macy's Furniture - Dublin (Tuttle Crossing) USA-(OH) Dublin, USA-5700 Britton Pkwy, +1 614 718-1100
-84.15343, 40.76497, Macy's - Lima (Lima Mall) USA-(OH) Lima, USA-2600 Elida Road, +1 419 331-0321
-75.84256, 41.24991, Macy's - Wilkes Barre (Wyoming Valley Mall) USA-(PA) Wilkes Barre, USA-59 Wyoming Valley Mall, +1 570 823-4444
-78.69673, 42.97311, Macy's - Williamsville (Eastern Hills) USA-(NY) Williamsville, USA-4545 Transit Road, +1 716 631-5800
-104.82292, 39.71094, Macy's - Aurora (Aurora Mall) USA-(CO) Aurora, USA-14200 E Alameda Ave, +1 303-214-1860
-156.69463, 20.91611, Macy's - Kaanapali (Hyatt Regency Maui) USA-(HI) Kaanapali, USA-200 Nohea Kai Drive, +1 808 667-7785
-82.34731, 28.18958, Macy's - Wesley Chapel (Wiregrass) USA-(FL) Wesley Chapel, USA-28233 Paseo Drive, +1 813-528-4300
-82.52739, 27.94516, Macy's - Tampa (Westshore) USA-(FL) Tampa, USA-298 West Shore Plaza, +1 813-286-7525
-110.86794, 32.21916, Macy's - Tucson (Park Place) USA-(AZ) Tucson, USA-5850 E Broadway Blvd, +1 520-322-2100
-87.95679, 41.84981, Macy's - Oak Brook (Oak Brook Mall) USA-(IL) Oak Brook, USA-1 Oakbrook Ctr, +1 630 684-2400
-122.90143, 46.14154, Macy's - Kelso (Three Rivers Mall) USA-(WA) Kelso, USA-331 Three Rivers Dr, +1 360 414-6000
-95.53600, 29.78176, Macy's - Houston (Memorial City) USA-(TX) Houston, USA-900 Memorial City Way, +1 713 461-0400
-81.37891, 28.66380, Macy's - Altamonte Springs, USA-(FL) Altamonte Springs, 451 E. Altamonte Avenue, +1 407-830-2300
-77.03180, 38.90422, Macy's - Washington (Metro Center) USA-(DC) Washington, USA-1201 G. Street, +1 202-628-6661
-157.86159, 21.30956, Macy's - Honolulu (Downtown) USA-(HI) Honolulu, USA-1032 Fort Street, +1 808 521-5147
-80.31869, 25.86678, Macy's - Hialeah (Westland) USA-(FL) Hialeah, USA-1777 W 49th St, +1 305-825-7300
-76.41484, 36.82595, Macy's - Chesapeake (Chesapeake) USA-(VA) Chesapeake, USA-4200 Portsmouth Blvd # 400, +1 757 465-9738
-118.55979, 34.41381, Macy's - Santa Clarita, USA-(CA) Santa Clarita, 26450 Mcbean Pkwy, +1 661-287-5911
-118.12086, 33.93551, Macy's - Downey, USA-(CA) Downey, 9066 Stonewood St, +1 562-862-2880
-73.92029, 40.61131, Macy's - Brooklyn (Kings Plaza) USA-(NY) Brooklyn, USA-5400 Avenue U, +1 718 253-3100
-104.79495, 38.94529, Macy's - Colorado Springs (Chapel Hills) USA-(CO) Colorado Springs, USA-1750 Briargate Blvd, +1 719-528-1500
-72.54728, 41.80401, Macy's - Manchester (Buckland) USA-(CT) Manchester, USA-183 Pavilion Dr, +1 860-644-6700
-81.06180, 29.19503, Macy's - Daytona Beach, USA-(FL) Daytona Beach, 1700 W International Speedway, +1 386-254-3300
-104.98960, 40.41090, Macy's - Loveland, USA-(CO) Loveland, 5995 Sky Pond Dr, +1 970-612-1401
-87.49284, 37.98421, Macy's - Evansville (Evansville Mall) USA-(IN) Evansville, USA-800 N Green River Rd, +1 812 473-9205
-122.01582, 37.32963, Macy's - Cupertino (Vallco) USA-(CA) Cupertino, USA-10333 N Wolfe Rd, +1 408-255-3433
-122.27281, 47.82607, Macy's Furniture - Lynnwood (Alderwood Gallery) USA-(WA) Lynnwood, USA-2909 Alderwood Mall Blvd, +1 425 712-6850
-85.13531, 41.11392, Macy's - Fort Wayne (Glenbrook Center) USA-(IN) Fort Wayne, USA-4201 Coldwater Rd., +1 260 484-1561
-80.68413, 28.35656, Macy's - Merritt Island, USA-(FL) Merritt Island, 777 E Merritt Island Cswy, +1 321-454-1300
-115.53197, 32.76200, Macy's - El Centro (Imperial Valley) USA-(CA) El Centro, USA-3551 S Dogwood Rd, +1 760-352-5901
-82.43427, 28.05403, Macy's - Tampa (University Square) USA-(FL) Tampa, USA-2201 E Fowler Ave, +1 813-975-2300
-86.69702, 36.30495, Macy's - Goodlettsville (Rivergate) USA-(TN) Goodlettsville, USA-1000 Rivergate Pkwy, +1 615 859-5251
-83.11761, 42.55612, Macy's - Troy (Oakland) USA-(MI) Troy, USA-500 W 14 Mile Rd, +1 248 597-2200
-73.47716, 41.37867, Macy's - Danbury (Danbury Fair Mall) USA-(CT) Danbury, USA-7 Backus Ave., +1 203-731-3500
-118.37661, 34.07594, Macy's - Los Angeles (Beverly Center) USA-(CA) Los Angeles, USA-8500 Beverly Blvd, +1 310-854-6655
-96.84371, 46.85965, Macy's - Fargo (West Acres) USA-(ND) Fargo, USA-1 West Acres Center, +1 701 281-6300
-117.20477, 47.67233, Macy's - Spokane (Spokane Valley Mall) USA-(WA) Spokane, USA-14740 E Indiana Ave, +1 509 893-6000
-117.42206, 47.65956, Macy's - Spokane (Downtown Spokane) USA-(WA) Spokane, USA-214 N Wall St, +1 509 626-6000
-77.11248, 38.87919, Macy's - Arlington (Ballston) USA-(VA) Arlington, USA-701 North Glebe Rd., +1 703 524-5100
-119.78015, 36.80625, Macy's - Fresno, USA-(CA) Fresno, 4888 N Fresno St, +1 559-228-3333
-83.12949, 40.07634, Macy's - Dublin (Tuttle at Hayden Run) USA-(OH) Dublin, USA-5033 Tuttle Crossing Blvd, +1 614 726-3690
-70.94231, 42.54324, Macy's - Peabody (North Shore Mall) USA-(MA) Peabody, USA-210 Andover St., +1 978 531-3800
-122.26854, 47.82878, Macy's - Lynnwood (Alderwood Mall) USA-(WA) Lynnwood, USA-18700 Alderwood Mall Pkwy, +1 425 712-6000
-121.26602, 38.77250, Macy's - Roseville, USA-(CA) Roseville, 1197 Galleria Blvd, +1 916-771-3333
-89.78864, 35.20290, Macy's - Bartlett (Wolfchase) USA-(TN) Bartlett, USA-2840 N. Germantown Pkwy., +1 901 937-2600
-111.89612, 33.30532, Macy's - Chandler (Fashion Center) USA-(AZ) Chandler, USA-3107 W Chandler Blvd, +1 480-821-8611
-82.32449, 27.92830, Macy's - Brandon (Brandon Center) USA-(FL) Brandon, USA-638 Brandon Town Center Mall, +1 813-651-5200
-76.87799, 42.15969, Macy's - Horsehead (Arnot Mall) USA-(NY) Horsehead, USA-3300 Chambers Rd. South, +1 607 739-3717
-106.57704, 35.10864, Macy's - Albuquerque, USA-(NM) Albuquerque, 6600 Menaul Blvd NE, +1 505 889-2100
-95.87863, 36.06288, Macy's - Tulsa (Woodland Hills) USA-(OK) Tulsa, USA-8707 East 71st Street, +1 918 250-2924
-95.87863, 36.06288, Macy's Furniture - Tulsa (Woodland Hills) USA-(OK) Tulsa, USA-8707 East 71st Street, +1 918 250-2924
-73.61698, 40.74549, Macy's Furniture - Carle Place (Carle Place) USA-(NY) Carle Place, USA-155 Glen Cove Rd, +1 516 742-8500
-84.46651, 39.29030, Macy's - Cincinnati (Tri-County Mall) USA-(OH) Cincinnati, USA-11700 Princeton Rd., +1 513 782-2395
-97.80823, 30.47031, Macy's - Cedar Park (Lakeline Mall) USA-(TX) Cedar Park, USA-11250 Lake Stop Blvd, +1 512 918-7300
-121.89652, 36.58424, Macy's - Monterey, USA-(CA) Monterey, 100 Del Monte Ctr, +1 831-372-3333
-83.85227, 39.94740, Macy's - Springfield (Upper Valley Mall) USA-(OH) Springfield, USA-1475 Upper Valley Pike, +1 937 328-5900
-79.83044, 36.08516, Macy's - Greensboro (Friendly Center) USA-(NC) Greensboro, USA-700 Friendly Center Rd, +1 336 855-7711
-79.91435, 40.40832, Macy's - Homestead (Waterfront) USA-(PA) Homestead, USA-162 E Bridge St, +1 412 685-5100
-97.48756, 35.39293, Macy's - Oklahoma City (Crossroads) USA-(OK) Oklahoma City, USA-4000 Crossroads Blvd., +1 405 536-2924
-75.07407, 39.80215, Macy's - Voorhees (Echelon Mall) USA-(NJ) Voorhees, USA-6003 Echelon Mall, +1 856 772-1800
-105.13146, 39.92960, Macy's - Broomfield, USA-(CO) Broomfield, 11 West FlatIron Circle, +1 303-222-4000
-122.05812, 37.89498, Macy's - Walnut Creek, USA-(CA) Walnut Creek, 1301 Broadway Plz, +1 925-279-3333
-96.80986, 32.92785, Macy's - Dallas (Valley View Mall) USA-(TX) Dallas, USA-13138 Montfort Dr, +1 972 385-6682
-119.78623, 39.47290, Macy's - Reno, USA-(NV) Reno, 5100 Meadowood Mall Cir, +1 775 826-8333
-155.86779, 20.23737, Macy's - Kohala Coast (Mauna Lani Kona) USA-(HI) Kohala Coast, USA-1 Mauna Lani Drive, +1 808 885-7494
-112.02920, 33.51108, Macy's - Phoenix (Biltmore Fashion Park) USA-(AZ) Phoenix, USA-2410 E Camelback Rd, +1 602-468-2100
-122.73144, 38.45907, Macy's - Santa Rosa (Coddingtown Center) USA-(CA) Santa Rosa, USA-555 Coddingtown Center, +1 707-579-3333
-82.71394, 28.29173, Macy's - Port Richey, USA-(FL) Port Richey, 9409 US Hwy. 19 North, +1 727-836-7725
-75.09916, 39.81697, Macy's - Deptford, USA-(NJ) Deptford, 1750 Almonesson Rd, +1 856 848-3300
-77.51630, 38.29478, Macy's - Fredericksburg, USA-(VA) Fredericksburg, 3102 Plank Rd, +1 540 786-5525
-98.35076, 29.59769, Macy's - San Antonio (Rolling Oaks Center) USA-(TX) San Antonio, USA-6909 N Loop 1604 E, +1 210 651-8800
-97.55848, 35.60995, Macy's - Oklahoma City (Quail Springs Mall) USA-(OK) Oklahoma City, USA-2501 W Memorial Rd, +1 405 752-4924
-94.63095, 39.00055, Macy's - Prairie Village (Prairie Village Center) USA-(KS) Prairie Village, USA-4000 W 71st St, +1 913 262-1355
-99.50139, 27.55112, Macy's - Laredo (Mall del Norte) USA-(TX) Laredo, USA-5300 San Dario Ave, +1 959 724-3020
-81.43343, 28.48727, Macy's - Orlando (Orlando Millenia Mall) USA-(FL) Orlando, USA-4298 Millenia Blvd, +1 407-264-2300
-74.35178, 40.77103, Macy's - Livingston (Livingston Mall) USA-(NJ) Livingston, USA-South Orange Avenue & Walnut Street, +1 973 994-2000
-76.77300, 39.97253, Macy's - York, USA-(PA) York, 1800 Loucks Rd, +1 717 767-4873
-80.87811, 35.08280, Macy's - Pineville (Carolina Place) USA-(NC) Pineville, USA-11001 Carolina Place Pkwy, +1 704 542-7800
-117.86760, 33.77668, Macy's - Santa Ana (Santa Ana Main Place) USA-(CA) Santa Ana, USA-2800 N Main St, +1 714-547-7211
-78.94176, 35.90413, Macy's - South Durham (The Streets at Southpoint) USA-(NC) South Durham, USA-6910 Fayetteville Road, +1 919 361-7039
-96.71192, 33.01124, Macy's - Plano (Collin Creek Mall) USA-(TX) Plano, USA-801 N Central Expy, +1 972 422-8700
-118.26019, 34.04946, Macy's - Los Angeles (Citicorp Plaza) USA-(CA) Los Angeles, USA-920 W 7th St, +1 213-683-1144
-81.82225, 41.31284, Macy's - Strongsville (Southpark Center) USA-(OH) Strongsville, USA-17447 Royalton Road, +1 440 846-7000
-118.60371, 34.19374, Macy's - Canoga Park (Topanga Plaza) USA-(CA) Canoga Park, USA-21900 Vanowen St, +1 818-883-7211
-90.40081, 38.73089, Macy's - St Ann (Northwest Plaza) USA-(MO) St Ann, USA-400 Northwest Plz, +1 314 291-6404
-157.74114, 21.39332, Macy's - Kailua (Kailua) USA-(HI) Kailua, USA-573 Kailua Road, +1 808 262-5395
-115.13565, 36.12325, Macy's - LasVegas (Las Vegas Boulevard) USA-(NV) LasVegas, USA-3634 S Maryland Pkwy, +1 702 791-2100
-117.16917, 32.76939, Macy's - San Diego (Fashion Valley) USA-(CA) San Diego, USA-7017 Friars Rd # 275, +1 619-299-9811
-73.98924, 40.75060, Macy's - New York (Herald Square) USA-(NY) New York, USA-151 W 34th St, +1 212 695-4400
-122.34017, 48.46200, Macy's - Burlington (Cascade Mall) USA-(WA) Burlington, USA-700 Cascade Mall Dr, +1 360 707-6000
-74.22808, 40.93010, Macy's - Wayne (Preakness Center) USA-(NJ) Wayne, USA-48 Preakness Shopping Ctr, +1 973 696-9410
-117.53251, 34.11074, Macy's - Rancho Cucamonga, USA-(CA) Rancho Cucamonga, 12501 S Mainstreet, +1 909-646-9944
-82.45635, 43.03794, Macy's - Fort Gratiot (Port Huron (Birchwood)) USA-(MI) Fort Gratiot, USA-4440 24th Ave, +1 810 385-2400
-75.97342, 42.12471, Macy's - Johnson City (Oakdales) USA-(NY) Johnson City, USA-601 Harry L Dr, +1 607 797-4990
-83.07733, 42.47942, Macy's Outlet - Warren (Outlet Store - Detroit) USA-(MI) Warren, USA-25295 Guenther Road
-80.33141, 25.64699, Macy's Home - Miami (Furniture Gallery) USA-(FL) Miami, USA-13251 S Dixie Hwy, +1 305-254-5700
-122.57329, 45.43468, Macy's - Portland (Clackamas Town Center) USA-(OR) Portland, USA-12100 S.E. 82nd Avenue, +1 503 653-8811
-83.06015, 40.02188, Macy's - Columbus (Kingsdale Center) USA-(OH) Columbus, USA-3180 Kingsdale Ctr, +1 614 459-6494
-95.45523, 29.79827, Macy's - Houston (Northwest Mall) USA-(TX) Houston, USA-100 Northwest Mall, +1 713 683-5300
-157.80849, 21.43114, Macy's - Kaneohe (Windward) USA-(HI) Kaneohe, USA-46-0456 Kamehameha Highway, +1 808 235-6612
-93.27219, 44.97592, Macy's - Minneapolis (Nicollet Mall) USA-(MN) Minneapolis, USA-700 On The Mall, +1 612 375-2200
-122.54307, 38.00432, Macy's - San Rafael (Northgate Mall) USA-(CA) San Rafael, USA-1000 Northgate Mall, +1 415-499-5200
-91.44613, 44.77162, Macy's - Eau Claire (Oakwood Mall) USA-(WI) Eau Claire, USA-4606 Golf Rd, +1 715 833-5000
-85.67172, 38.13807, Macy's - Louisville (Jefferson Mall) USA-(KY) Louisville, USA-4809 Outerloop Road, +1 502 966-1901
-122.03801, 37.60590, Macy's - Union City (Union City Clearance Center) USA-(CA) Union City, USA-1200 Whipple Rd, +1 510-441-8833
-77.33342, 38.85646, Macy's - Fairfax (Fair Oaks Mall) USA-(VA) Fairfax, USA-11901 L Lee Jackson Memorial Hwy., +1 571 432-2200
-84.34780, 33.57518, Macy's - Morrow (Southlake Mall) USA-(GA) Morrow, USA-1500 Southlake Mall, +1 770 961-3300
-70.28851, 41.66572, Macy's - Hyannis (Cape Cod Mall) USA-(MA) Hyannis, USA-Cape Cod Mall Route 132, +1 508 790-5091
-82.57083, 27.47118, Macy's - Bradenton (DeSota Square Mall) USA-(FL) Bradenton, USA-303 US Hwy 301 Blvd. West, +1 941-745-5300
-88.04536, 42.05045, Macy's Home - Schaumburg (Woodfield Home Store) USA-(IL) Schaumburg, USA-1200 N Meacham Rd, +1 847 781-6200
-80.29880, 36.07392, Macy's - Winston Salem (Hanes Mall) USA-(NC) Winston Salem, USA-3320 Silas Creek Pkwy, +1 336 768-6330
-122.29997, 37.53781, Macy's - San Mateo (Hillsdale Mall) USA-(CA) San Mateo, USA-115 Hillsdale Mall, +1 650-341-3333
-80.08257, 26.84505, Macy's - Palm Beach Gardens, USA-(FL) Palm Beach Gardens, 3107 PGA Blvd., +1 561-775-2300
-121.83443, 37.28395, Macy's - San Jose (Valley Fair) USA-(CA) San Jose, USA-2801 Stevens Creek Blvd, +1 408-248-3333
-95.02609, 29.40610, Macy's - Texas City (Mall of the Mainland) USA-(TX) Texas City, USA-10000 Emmett F Lowry Expy, +1 409 986-4500
-84.12520, 33.95642, Macy's - Duluth (Gwinnett Furniture) USA-(GA) Duluth, USA-3360 Ventura Pkwy, +1 770 623-2200
-73.26504, 40.83420, Macy's - Commack, USA-(NY) Commack, 2 Veterans Hwy, +1 631 499-8900
-94.64362, 38.91467, Macy's - Leawood (Leawood Town Center) USA-(KS) Leawood, USA-5000 W 119th St, +1 913 563-3996
-123.10647, 44.06841, Macy's - Eugene (Valley River Center) USA-(OR) Eugene, USA-100 Valley River Ctr, +1 541 984-6000
-86.81216, 35.96064, Macy's - Franklin (Cool Springs) USA-(TN) Franklin, USA-1790 Galleria Blvd, +1 615 771-2100
-74.26098, 40.77461, Macy's - West Orange, USA-(NJ) West Orange, Prospect Avenue, +1 973 736-9323
-117.92889, 33.99294, Macy's - City of Industry (Puente Hills Mall) USA-(CA) City of Industry, USA-400 Puente Hills Mall, +1 626-965-5941
-97.75253, 30.40136, Macy's - Austin (Barton Creek Square Mall) USA-(TX) Austin, USA-2901 Capitol of Texas Hwy., +1 512 329-2300
-74.36539, 40.73816, Macy's - Short Hills (Short Hills Mall) USA-(NJ) Short Hills, USA-1220 Morris Tpke, +1 973 467-0800
-95.29958, 32.29828, Macy's - Tyler, USA-(TX) Tyler, 4700 S Broadway Ave, +1 903 534-6990
-88.17535, 41.53525, Macy's - Joliet (Louis Joliet Mall) USA-(IL) Joliet, USA-1 Louis Joliet Mall, +1 815 254-5200
-87.81728, 42.15198, Macy's - Northbrook, USA-(IL) Northbrook, 1555 Northbrook Ct, +1 874 509-5100
-95.46687, 29.73986, Macy's - Houston (Galleria Houston at Sage) USA-(TX) Houston, USA-2727 Sage Rd, +1 713 968-1985
-119.23322, 46.23265, Macy's Furniture - Richland (Kennewick Gallery) USA-(WA) Richland, USA-1310 Tapteal Dr, +1 509 737-6850
-74.26195, 40.21598, Macy's - Freehold (Raceway Mall) USA-(NJ) Freehold, USA-3710 Highway 9 South, +1 732 683-1345
-122.32919, 37.98308, Macy's - Richmond (Hilltop Mall) USA-(CA) Richmond, USA-2500 Hilltop Mall Rd, +1 510-222-3333
-76.49926, 37.11252, Macy's - Newport News (Patrick Henry) USA-(VA) Newport News, USA-12300 Jefferson Ave, +1 757 249-1656
-75.28223, 40.11600, Macy's - Plymouth Meeting (Plymouth Meeting Mall) USA-(PA) Plymouth Meeting, USA-4444 Plymouth Meeting Mall, +1 610 825-1700
-85.98727, 39.77523, Macy's - Indianapolis (Washington Square) USA-(IN) Indianapolis, USA-10202 E Washington St., +1 317 899-4411
-95.15031, 29.54154, Macy's - Friendswood (BayBrook Mall) USA-(TX) Friendswood, USA-100 Baybrook Mall, +1 281 226-5300
-79.90655, 36.06022, Macy's - Greensboro (Wendover) USA-(NC) Greensboro, USA-5410 Hornaday Rd, +1 336 856-0854
-74.07342, 40.29260, Macy's Furniture - Eatontown, USA-(NJ) Eatontown, 231 Highway 35, +1 732 542-5024
-115.19610, 36.17400, Macy's - LasVegas, USA-(NV) LasVegas, 4100 Meadows Ln, +1 702 258-2100
-80.66252, 41.02270, Macy's - Youngstown (Southern Park Mall) USA-(OH) Youngstown, USA-7401 Market St, +1 330 758-8661
-73.73047, 40.75658, Macy's - Douglaston, USA-(NY) Douglaston, 242-02 61st Avenue, +1 718 225-7300
-97.06686, 47.89211, Macy's - Grand Forks (Columbia Mall) USA-(ND) Grand Forks, USA-2800 S Columbia Rd, +1 701 780-2100
-111.07460, 45.67250, Macy's - Bozeman (Main Mall Shopping Center) USA-(MT) Bozeman, USA-2825 W Main St, +1 406 585-6800
-80.75362, 41.21141, Macy's - Niles (Eastwood Mall) USA-(OH) Niles, USA-5403 Youngstown Warren Rd, +1 440 324-6663
-80.25471, 26.12072, Macy's - Plantation, USA-(FL) Plantation, 8000 W Broward Blvd., +1 954-475-3400
-68.67184, 44.92347, Macy's - Bangor, USA-(ME) Bangor, 651 Stillwater Avenue, +1 207 945-3200
-84.35020, 39.07295, Macy's - Cincinnati (Anderson Towne Center) USA-(OH) Cincinnati, USA-7440 Beechmont Ave, +1 513 624-4280
-82.58054, 28.06868, Macy's - Tampa (Citrus Park) USA-(FL) Tampa, USA-7801 Citrus Park Town Ctr Mall, +1 813-926-7300
-81.35972, 41.66121, Macy's - Mentor (Great Lakes Mall) USA-(OH) Mentor, USA-7850 Mentor Avenue, +1 440 255-4411
-84.30180, 34.04319, Macy's Home - Alpharetta (Northpoint Furniture) USA-(GA) Alpharetta, USA-7231 N Point Pkwy, +1 678 795-2500
-122.55499, 38.09346, Macy's Home - Novato, USA-(CA) Novato, 100 Vintage Way, +1 415-892-3333
-121.42647, 38.59956, Macy's - Sacramento (Arden Fair) USA-(CA) Sacramento, USA-1701 Arden Way, +1 916-925-2845
-94.35558, 39.04777, Macy's - Independence (Independence Center) USA-(MO) Independence, USA-18809 E 39th St S, +1 816 795-1688
-73.43305, 40.68089, Macy's - Massapequa, USA-(NY) Massapequa, 400 Sunrise Mall, +1 516 795-2000
-111.83899, 40.66428, Macy's - Salt Lake City (Cottonwood Mall) USA-(UT) Salt Lake City, USA-4835 Highland Drive, +1 801 278-0052
-122.21176, 47.91168, Macy's - Everett (Everett Mall) USA-(WA) Everett, USA-1502 SE Everett Mall Way, +1 425 710-6000
-72.72264, 41.67248, Macy's - Newington (Fox Run Mall) USA-(NH) Newington, USA-50 Fox Run Rd, +1 603 431-0900
-82.49603, 27.23452, Macy's - Sarasota (South Trail) USA-(FL) Sarasota, USA-8201 S Tamiami Trail, +1 941-925-5300
144.85602, 13.51499, Macy's - Guam, USA-(GU) Dededo, 1088 W. Marine Drive, +1 671 637-9416
-121.65557, 36.71677, Macy's - Salinas, USA-(CA) Salinas, 200 Northridge Shopping Ctr, +1 831-443-1111
-112.00828, 41.17545, Macy's - Riverdale (Family Center)) USA-(UT) Riverdale, USA-1134 West Riverdale Road, +1 801 612-9100
-71.41767, 41.82756, Macy's - Providence, USA-(RI) Providence, 7 Providence Pl, +1 401 351-9900
-118.39376, 33.98645, Macy's - Culver City, USA-(CA) Culver City, 6200 W Slauson Ave, +1 310-390-8911
-122.06176, 37.96721, Macy's - Concord, USA-(CA) Concord, 341 Sun Valley Mall, +1 925-689-3333
-95.22734, 29.62342, Macy's - Houston (Almeda Mall) USA-(TX) Houston, USA-100 Almeda Mall, +1 713 943-4300
-74.36506, 41.45342, Macy's - Middletown, USA-(NY) Middletown, 1 Galleria Dr, +1 845 695-1001
-117.46002, 33.90991, Macy's - Riverside, USA-(CA) Riverside, 3700 Tyler Road, +1 951-687-1021
