-80.87835, 34.12972, Massage Envy Spa - Sandhill #852, USA-(SC) Columbia, 630-3 Promenade Place, +1 (803) 788-8811
-80.80719, 35.17111, Massage Envy Spa - Myers Park #0423, USA-(NC) Charlotte, 2907 Providence Rd. Suite 106, +1 (704) 970-4444
-77.49805, 37.58202, Massage Envy Spa - Richmond Willow Lawn #0610, USA-(VA) Richmond, 1601 Willow Lawn Dr. #304 - E, +1 (804) 440-0004
-88.05688, 41.85936, Massage Envy Spa - Glen Ellyn #0296, USA-(IL) Glen Ellyn, 709 Roosevelt Road, +1 (630) 790-4400
-104.90129, 39.65210, Massage Envy Spa - Tiffany Plaza #0155, USA-(CO) Denver, 7300 E. Hampden Avenue Suite A-1, +1 (303) 220-0600
-105.08998, 39.93343, Massage Envy - Broomfield #0021, USA-(CO) Broomfield, 1170 US HWY 287 Suite 300, +1 (303) 404-ENVY
-89.47690, 43.01551, Massage Envy - Fitchburg #0709, USA-(WI) Fitchburg, 6231 McKee Road Suite A, +1 (608) 663-1900
-122.47042, 48.73146, Massage Envy - Bellingham #576, USA-(WA) Bellingham, 330 36th Street, +1 (360) 756-1100
-96.81768, 32.95479, Massage Envy - Prestonwood #0740, USA-(TX) Dallas, 5225 Belt Line Road Suite 250, +1 (972) 388-5500
-86.62581, 36.33200, Massage Envy - Hendersonville #0608, USA-(TN) Hendersonville, 1050 Glenbrook Way #200, +1 (615) 822-7636
-85.87235, 30.21324, Massage Envy - Pier Park #0342 (see MORE), USA-(FL) Panama City Beach, 15801 Front Beach Rd., +1 (850) 563-0070
-84.41283, 33.80935, Massage Envy Spa - Howell Mill #805, USA-(GA) Atlanta, 1801 Howell Mill Road, +1 (404) 352-3330
-88.31422, 41.69768, Massage Envy Spa - Oswego #0306, USA-(IL) Oswego, 1770 Douglas Rd., +1 (630) 554-5055
-117.64024, 34.13293, Massage Envy - Upland #0174, USA-(CA) Upland, 1900 N. Campus Avenue Suite C, +1 (909) 946-9996
-95.42798, 29.72778, Massage Envy - West University #0184, USA-(TX) Houston, 5162 Buffalo Speedway, +1 (713) 664-ENVY
-82.52201, 27.38898, Massage Envy Spa - Sarasota North #0640, USA-(FL) Sarasota, 2855 University Parkway, +1 (941) 556-6400
-121.76567, 38.56096, Massage Envy Spa - Davis #0247, USA-(CA) Davis, 1411 W. Covell Blvd. Suite 101, +1 (530) 758-ENVY
-80.98069, 34.94011, Massage Envy Spa - Rock Hill #887, USA-(SC) Rock Hill, 636 Crown Pointe Lane, +1 (803) 412-3313
-104.88828, 39.59705, Massage Envy - Denver Tech Center #0207, USA-(CO) Greenwood Village, 6570 South Yosemite Street #B-2, +1 (303) 220-ENVY
-111.63844, 33.25227, Massage Envy Spa - Queen Creek #0595, USA-(AZ) Queen Creek, 21582 S. Ellsworth Loop Rd. Suite 110, +1 (480) 888-2800
-87.65445, 41.91480, Massage Envy Spa - Lincoln Park South #0449, USA-(IL) Chicago, 1845 North Clybourn, +1 (773) 904-1100
-93.43557, 44.85669, Massage Envy Spa - Eden Prairie #0535, USA-(MN) Eden Prairie, 11995 Singletree Lane Suite 100, +1 (952) 641-1200
-87.75719, 42.08295, Massage Envy Spa - Wilmette #0286, USA-(IL) Wilmette, 3232 Lake Ave. Unit 165, +1 (847) 267-0101
-77.53524, 43.10222, Massage Envy - Pittsford #0817, USA-(NY) Rochester, 3400 Monroe Avenue, +1 (585) 641-ENVY
-117.86497, 33.88779, Massage Envy - Placentia #0241, USA-(CA) Placentia, 122 East Yorba Linda Boulevard, +1 (714) 528-ENVY
-80.26371, 27.22303, Massage Envy Spa - Stuart #936, USA-(FL) Stuart, 1503 NW Federal Hwy, +1 (772) 497-7500
-80.12902, 40.26737, Massage Envy - McMurray #0773, USA-(PA) McMurray, 4120 Washington Road Suite 120, +1 (724) 942-0600
-106.68009, 35.15685, Massage Envy Spa - Riverside Plaza #0578, USA-(NM) Albuquerque, 6321 Riverside Plaza Lane NW #B, +1 (505) 890-7979
-70.88458, 42.17446, Massage Envy - Norwell #0437, USA-(MA) Norwell, 10 Washington Street, +1 (781) 792-0077
-111.89182, 33.58236, Massage Envy - Shea #0001, USA-(AZ) Scottsdale, 8752 E Shea Blvd, +1 (480) 367-6762
-121.40485, 38.57436, Massage Envy Spa - Loehmann's Plaza #0103, USA-(CA) Sacramento, 2511-A Fair Oaks Blvd, +1 (916) 481-ENVY
-105.17330, 39.81054, Massage Envy Spa - Arvada West #0705, USA-(CO) Arvada, 15530 W. 64th Ave. Suite M, +1 (303) 423-ENVY
-83.71698, 41.60126, Massage Envy - Maumee #0653, USA-(OH) Maumee, 2100 Oak Street Suite 400, +1 (419) 878-2200
-95.77718, 29.73646, Massage Envy - Cinco Ranch #0117, USA-(TX) Katy, 23730 Westheimer Parkway Suite L, +1 (281) 347-ENVY
-122.64332, 38.46276, Massage Envy Spa - Santa Rosa #0429, USA-(CA) Santa Rosa, 5761 Mountain Hawk Hwy. Suite #103, +1 (707) 537-0555
-78.78312, 35.75865, Massage Envy - Cary Kildaire #0479, USA-(NC) Cary, 1385 Kildaire Farm Road, +1 (919) 467-5400
-82.38208, 29.61959, Massage Envy Spa - Gainesville-Butler Plaza #921, USA-(FL) Gainesville, 3946 SW Archer Road Ste. W105-106, +1 (352) 373-ENVY
-121.48522, 38.56730, Massage Envy Spa - Sacramento - Midtown #0304, USA-(CA) Sacramento, 1901 S Street Suite 101, +1 (916) 447-ENVY
-115.08450, 36.02750, Massage Envy - Green Valley #0822, USA-(NV) Henderson, 1000 North Green Valley Parkway, +1 (702) 563-ENVY
-74.22724, 40.83377, Massage Envy Spa - Verona #0079, USA-(NJ) Verona, 285 Pompton Ave, +1 (973) 571-1322
-79.81968, 36.10800, Massage Envy - Greensboro #0073, USA-(NC) Greensboro, 2619 Lawndale Drive, +1 (336) 286-1308
-104.94493, 39.54516, Massage Envy - Highlands Ranch #0019, USA-(CO) Highlands Ranch, 9471 S University Blvd, +1 (303) 791-6637
-122.17328, 47.17139, Massage Envy - Bonney Lake #0670, USA-(WA) Bonney Lake, 9415 192nd Avenue East, +1 (253) 447-4646
-95.65041, 29.65280, Massage Envy - Woodbridge #0009, USA-(TX) Sugar Land, 11134 Hwy 6 South Suite 214, +1 (281) 988-5900
-122.99578, 45.01315, Massage Envy - Keizer #0355, USA-(OR) Keizer, 6395 Keizer Station Blvd, +1 (503) 589-1597
-90.70293, 38.71656, Massage Envy Spa - O'Fallon #0116, USA-(MO) O'Fallon, 4651 Highway K, +1 (636) 300-9988
-111.98423, 43.46789, Massage Envy - Ammon #0711, USA-(ID) Ammon, 3047 S 25th East, +1 (208) 522-0877
-84.31624, 39.30791, Massage Envy Spa - Mason #0566, USA-(OH) Mason, 5070 Deerfield Boulevard, +1 (513) 770-0190
-72.74722, 41.78555, Massage Envy Spa - West Hartford #0825, USA-(CT) West Hartford, 333 North Main Street, +1 (860) 233-8890
-80.18523, 26.34929, Massage Envy Spa - West Boca Raton #0180, USA-(FL) Boca Raton, 7050 West Palmetto Park Rd Bay 17, +1 (561) 368-2111
-105.05139, 40.16014, Massage Envy - Longmont #0792, USA-(CO) Longmont, 210 Ken Pratt Boulevard Suite 180, +1 (303) 772-1400
-95.42993, 29.82829, Massage Envy Spa - 43rd and Ella #0618, USA-(TX) Houston, 1210 W. 43rd Suite 200, +1 (713) 686-ENVY
-76.79460, 39.18754, Massage Envy Spa - Columbia #0505, USA-(MD) Elkridge, 6630 Marie Curie Drive, +1 (443) 661-ENVY
-80.10619, 26.21472, Massage Envy Spa - Pompano Beach #0361, USA-(FL) Pompano Beach, 1253 South Federal Highway, +1 (954) 946-7600
-79.96920, 36.03294, Massage Envy - High Point #0074, USA-(NC) High Point, 1589 Skeet Club Rd Suite #137, +1 (336) 882-3689
-80.31000, 26.14594, Massage Envy - Sawgrass/Plantation #0312, USA-(FL) Plantation, 12101 W. Sunrise Blvd., +1 (954) 370-3689
-74.69650, 40.78096, Massage Envy - Chester #0233, USA-(NJ) Chester, 145 Route 206 South, +1 (908) 879-4200
-80.22288, 26.68258, Massage Envy Spa - Royal Palm Beach #0139, USA-(FL) Royal Palm Beach, 11021 Southern Blvd. Suite 100, +1 (561) 422-8889
-98.22086, 26.25612, Massage Envy - Las Fuentes #0791, USA-(TX) McAllen, 5800 N 10th St. Bldg 100 Suite 160, +1 (956) 994-9503
-117.99149, 33.73208, Massage Envy Spa - Huntington Beach #0156, USA-(CA) Huntington Beach, 7881 Edinger Avenue Suite 124, +1 (714) 374-ENVY
-96.02095, 41.25977, Massage Envy Spa - Dodge #0493, USA-(NE) Omaha, 7010 Dodge Street, +1 (402) 551-3689
-122.86197, 45.53624, Massage Envy - Tanasbourne #0114, USA-(OR) Beaverton, 18033 NW Evergreen Pkwy, +1 (503) 597-ENVY
-71.49517, 41.66060, Massage Envy Spa - East Greenwich #0851, USA-(RI) East Greenwich, 1000 Division Rd., +1 (401) 275-4900
-88.10935, 42.19337, Massage Envy - Lake Zurich #0294, USA-(IL) Lake Zurich, 299 S Rand Rd, +1 (847) 438-9100
-82.73960, 28.08915, Massage Envy Spa - Palm Harbor #0031, USA-(FL) Palm Harbor, 34848 U.S. Highway 19 N., +1 (727) 787-ENVY
-86.85215, 33.35955, Massage Envy - Hoover #0700, USA-(AL) Hoover, 5519 Grove Blvd. Suite 125, +1 (205) 988-6400
-122.27273, 37.55752, Massage Envy - Foster City #0148, USA-(CA) Foster City, 983 East Hillsdale Blvd, +1 (650) 393-6477
-88.34069, 41.97398, Massage Envy - South Elgin #0300, USA-(IL) South Elgin, 600 Randall Road, +1 (847) 888-8500
-85.12638, 41.17879, Massage Envy Spa - Pine Valley Crossing #874) Fort Wayne, USA-1125 East Dupont Road, +1 (260) 490-3689
-119.18220, 34.24257, Massage Envy Spa - Oxnard #0270, USA-(CA) Oxnard, 655 Town Center Dr, +1 (805) 981-3689
-71.11516, 42.35797, Massage Envy Spa - Cambridge Memorial Drive #0826, USA-(MA) Cambridge, 750 Memorial Drive, +1 (617) 234-0007
-74.64717, 40.40478, Massage Envy Spa - Montgomery #0722, USA-(NJ) Skillman, 1325 Route 206 Suite #18, +1 (609) 921-7000
-72.94328, 40.94355, Massage Envy Spa - Rocky Point #0677, USA-(NY) Rocky Point, 346 Route 25A Suite# 106, +1 (631) 821-3999
-117.79399, 33.54598, Massage Envy Spa - Laguna Beach #0521, USA-(CA) Laguna Beach, 610 N Coast Highway Suite 204, +1 (949) 357-2000
-73.02582, 41.24713, Massage Envy Spa - Milford #0755, USA-(CT) Milford, 1640 Boston Post Road, +1 (203) 876-8900
-88.01351, 42.95913, Massage Envy - Greenfield #0720, USA-(WI) Greenfield, 7985 W. Layton Avenue, +1 (414) 325-ENVY
-95.38446, 29.56316, Massage Envy - Pearland #0069, USA-(TX) Pearland, 2754 Smith Ranch Road Suite 106, +1 (713) 436-8860
-77.33254, 38.59616, Massage Envy - Dumfries #0647, USA-(VA) Dumfries, 4100 Fortuna Center Plaza, +1 (703) 670-ENVY
-80.29685, 26.03115, Massage Envy Spa - Cooper City #0631, USA-(FL) Cooper City, 2651 N Hiatus Rd., +1 (954) 432-1112
-119.77684, 39.10881, Massage Envy - Carson City #0655, USA-(NV) Carson City, 933 Topsy Lane, +1 (775) 267-9400
-106.55600, 35.14684, Massage Envy Spa - North Towne #0232, USA-(NM) Albuquerque, 5901 Wyoming Blvd Suite P3, +1 (505) 242-ENVY
-95.09300, 29.46719, Massage Envy Spa - Bay Colony #0460, USA-(TX) League City, 2925 Gulf Freeway South Suite E, +1 (281) 337-1052
-81.55761, 30.26777, Massage Envy - Southside #0676, USA-(FL) Jacksonville, 4375 Southside Blvd. Suite 10, +1 (904) 483-2233
-82.57519, 28.06402, Massage Envy - Citrus Park #0198, USA-(FL) Tampa, 12865 Citrus Plaza Drive, +1 (813) 341-1900
-122.29972, 37.90321, Massage Envy Spa - El Cerrito #0638, USA-(CA) El Cerrito, 4060 El Cerrito Plaza, +1 (510) 529-2900
-74.05779, 40.14505, Massage Envy Spa - Sea Girt#538, USA-(NJ) Sea Girt, 2100 Highway 35 #7, +1 (732) 449-ENVY
-74.40029, 40.45551, Massage Envy Spa - East Brunswick #0230, USA-(NJ) East Brunswick, 314 Rt. 18 North, +1 (732) 238-4444
-74.03130, 40.99274, Massage Envy Spa - Westwood-NJ #0368, USA-(NJ) Westwood, 286 Fairview Avenue, +1 (201) 722-0055
-122.04803, 47.54147, Massage Envy Spa - Issaquah #0702, USA-(WA) Issaquah, 735 NW Gilman Blvd. Suite E, +1 (425) 391-4455
-121.44945, 38.40740, Massage Envy Spa - Elk Grove at Franklin #0221, USA-(CA) Elk Grove, 4810 Elk Grove Blvd Suite 190, +1 (916) 714-0222
-95.69403, 29.96672, Massage Envy Spa - Cypress #0157, USA-(TX) Cypress, 25712 Northwest Freeway Suite E, +1 (832) 220-1900
-117.21799, 32.72861, Massage Envy Spa - Point Loma #0432, USA-(CA) Point Loma, 2560 Laning Rd Suite A103, +1 (619) 222-0300
-97.11848, 32.94205, Massage Envy - Southlake East #0092, USA-(TX) Southlake, 100 N. Kimball Suite 108, +1 (817) 421-6727
-79.99183, 32.78308, Massage Envy Spa - West Ashley #0769, USA-(SC) Charleston, 975 Savannah Hwy Suite 115, +1 (843) 766-5660
-93.17715, 45.01655, Massage Envy - Roseville-MN #698, USA-(MN) Roseville, 2480 Fairview Avenue Suite 120, +1 (651) 636-4020
-92.93273, 44.93998, Massage Envy Spa - Woodbury #0047, USA-(MN) Woodbury, 572 Commons Drive Suite 400, +1 (651) 203-9988
-113.53440, 37.12228, Massage Envy - Pineview Plaza #0214, USA-(UT) St George, 2376 E. Redcliffs Drive Suite 305, +1 (435) 627-6960
-97.79924, 30.27353, Massage Envy - Westlake #0108, USA-(TX) Austin, 3201 Bee Cave Road Suite 156, +1 (512) 306-0777
-81.20521, 28.65098, Massage Envy Spa - Oviedo #0833, USA-(FL) Oviedo, 75 Alafaya Woods Blvd, +1 (407) 366-6400
-86.81189, 36.10487, Massage Envy Spa - Green Hills #185, USA-(TN) Nashville, 2002 Richard Jones Road Ste. A-101, +1 (615) 964-6500
-98.27791, 29.59839, Massage Envy - Schertz #0530, USA-(TX) Schertz, 17460 IH 35 Ste. 460, +1 (210) 447-3689
-95.58991, 29.77122, Massage Envy - Memorial West #0093, USA-(TX) Houston, 14008 C Memorial, +1 (281) 558-4900
-84.35114, 33.93285, Massage Envy Spa - Dunwoody-Sandy Springs #0430, USA-(GA) Atlanta, 1155 Mt Vernon Hwy Suite 1010, +1 (404) 477-ENVY
-122.46850, 47.21751, Massage Envy Spa - Tacoma #0089, USA-(WA) Tacoma, 4502 S Steele St. Suite 1101, +1 (253) 471-2588
-121.93245, 37.28911, Massage Envy - Campbell #0678, USA-(CA) Campbell, 1875 S. Bascom Ave Suite 650, +1 (408) 679-ENVY
-122.11017, 47.67059, Massage Envy Spa - Redmond #0015, USA-(WA) Redmond, 17214 Redmond Way, +1 (425) 558-9399
-71.17794, 42.23635, Massage Envy - Dedham #0438, USA-(MA) Dedham, 830 Providence Highway North, +1 (781) 329-2777
-84.07688, 33.97513, Massage Envy Spa - Sugarloaf #0249, USA-(GA) Lawrenceville, 1860 Duluth Highway Building 400 Suite 405, +1 (678) 218-ENVY
-104.84370, 38.92294, Massage Envy Spa - Rockrimmon #0341, USA-(CO) Colorado Springs, 750 Village Center Drive, +1 (719) 473-9900
-80.26527, 26.25894, Massage Envy - Coral Springs #0271, USA-(FL) Coral Springs, 10391 Royal Palm Boulevard, +1 (954) 757-3689
-75.03427, 39.92497, Massage Envy Spa - Cherry Hill #865, USA-(NJ) Cherry Hill, 941 Haddonfield Rd, +1 (856) 665-3800
-77.09397, 38.88672, Massage Envy Spa - Clarendon Center #0501, USA-(VA) Arlington, 1180 N. Garfield Street, +1 (571) 483-3333
-75.57395, 39.96916, Massage Envy Spa - West Chester-PA #544, USA-(PA) West Chester, 1107 West Chester Pike, +1 (610) 701-4300
-76.22491, 36.68601, Massage Envy - Chesapeake #0579, USA-(VA) Chesapeake, 235 Hanbury Rd. E Suite 4, +1 (757) 546-7373
-88.09787, 41.83053, Massage Envy Spa - Wheaton #0169, USA-(IL) Wheaton, 211 Rice Lake Square, +1 (630) 510-ENVY
-78.64342, 35.83726, Massage Envy Spa - North Hills #0749, USA-(NC) Raleigh, 141 Park at North Hills St. Suite 104, +1 (919) 398-6499
-81.77328, 26.21964, Massage Envy Spa - Naples #0094, USA-(FL) Naples, 6345 Naples Blvd. Suite A3-4, +1 (239) 325-ENVY
-97.46505, 37.72722, Massage Envy Spa - Wichita #0719, USA-(KS) Wichita, 2441 North Maize Road, +1 (316) 722-9100
-118.36806, 33.77036, Massage Envy - Rolling Hills #0125, USA-(CA) Rolling Hills Estates, 887 Silver Spur Road, +1 (310) 698-0660
-105.26254, 40.01450, Massage Envy Spa - Boulder #0133, USA-(CO) Boulder, 2490 Arapahoe Avenue, +1 (303) 447-ENVY
-121.86436, 37.30160, Massage Envy Spa - The Plant #0850, USA-(CA) San Jose, 111 Curtner Ave, +1 (408) 755-1200
-122.80620, 45.50080, Massage Envy - Cedar Hills #0014, USA-(OR) Beaverton, 2680 SW Cedar Hills Blvd, +1 (503) 726-ENVY
-122.25157, 37.75517, Massage Envy - Alameda Towne Centre #0470, USA-(CA) Alameda, 2233 South Shore Center, +1 (510) 865-ENVY
-93.27263, 44.74122, Massage Envy - Burnsville #0466, USA-(MN) Burnsville, 511 County Road 42 E, +1 (952) 435-6300
-90.36187, 38.59326, Massage Envy - Webster Groves #0147, USA-(MO) Webster Groves, 220 B. West Lockwood Ave., +1 (314) 292-5040
-95.55439, 30.03446, Massage Envy Spa - Gleannloch Farms #0131, USA-(TX) Spring, 8707 Spring Cypress Suite D, +1 (281) 379-3535
-95.41067, 30.12353, Massage Envy - Imperial Oaks #0681, USA-(TX) Spring, 2211 Rayford Rd Suite 115, +1 (281) 292-8878
-84.42768, 33.98448, Massage Envy Spa - Merchants Festival #0394, USA-(GA) Marietta, 1401 Johnson Ferry Rd. Suite 320, +1 (678) 213-2368
-95.30905, 38.97075, Massage Envy Spa - Lawrence #0718, USA-(KS) Lawrence, 4931 W. 6th St. Suite 110, +1 (785) 841-2000
-118.77510, 34.28381, Massage Envy Spa - Simi Valley Town Center #0425, USA-(CA) Simi Valley, 1263 Simi Town Center Way H-7, +1 (805) 210-3689
-74.06063, 40.91561, Massage Envy Spa - Paramus #0369, USA-(NJ) Paramus, 805 Bergen Town Center, +1 (201) 291-0100
-80.28447, 25.67436, Massage Envy Spa - South Miami #0704, USA-(FL) Miami, 6927 Red Road, +1 (305) 662-2622
-87.64913, 41.93231, Massage Envy Spa - Lincoln Park North #0818, USA-(IL) Chicago, 801 W. Diversey Pkwy, +1 (773) 747-3000
-112.07033, 33.64018, Massage Envy Spa - Moon Valley #0023, USA-(AZ) Phoenix, 275 E. Bell Rd. Suite #101, +1 (602) 866-ENVY
-80.15848, 33.03854, Massage Envy - Summerville #0517, USA-(SC) Summerville, 404B Azalea Square Blvd, +1 (843) 871-6300
-88.18981, 42.07276, Massage Envy - Hoffman Estates #0262, USA-(IL) Hoffman Estates, 2652 New Sutton Road, +1 (847) 645-1700
-121.65192, 37.15640, Massage Envy Spa - Morgan Hill #0624, USA-(CA) Morgan Hill, 1049 Cochrane Rd. Suite 150, +1 (408) 776-ENVY
-97.68750, 30.55664, Massage Envy - North Round Rock #0307, USA-(TX) Round Rock, 201 University Oaks Blvd Ste 1240, +1 (512) 735-2900
-77.07435, 38.76813, Massage Envy - Hilltop at Ft. Belvoir #0561 (Coming Soon), USA-(VA) Alexandria, 6465 Old Beulah St, +1 (703) 719-7721
-74.14505, 40.41420, Massage Envy Spa - Holmdel #0128, USA-(NJ) Holmdel, 2101 Route 35, +1 (732) 796-1000
-111.83923, 40.58034, Massage Envy - Sandy #0065, USA-(UT) Sandy, 1838 E 9400 S, +1 (801) 545-9111
-82.72854, 27.78560, Massage Envy Spa - St. Petersburg 66th Street #0451, USA-(FL) St. Petersburg, 1422 66th St. North, +1 (727) 381-ENVY
-118.82654, 34.16299, Massage Envy Spa - Westlake Village #0405, USA-(CA) Westlake Village, 3835 E. Thousand Oaks Blvd. Unit A-1, +1 (805) 370-3689
-80.31556, 36.06606, Massage Envy Spa - Winston-Salem #0547, USA-(NC) Winston-Salem, 1031 Hanes Mall Boulevard, +1 (336) 774-9994
-89.95644, 38.71914, Massage Envy - Glen Carbon #0743, USA-(IL) Glen Carbon, 3000 South State Route 159, +1 (618) 656-ENVY
-85.22527, 41.05555, Massage Envy - West Jefferson #863, USA-(IN) Fort Wayne, 6409 W. Jefferson Blvd, +1 (260) 489-3689
-74.06361, 40.31520, Massage Envy Spa - Shrewsbury #0217, USA-(NJ) Shrewsbury, 210 Shrewsbury Plaza, +1 (732) 460-1919
-121.46572, 37.75582, Massage Envy Spa - Tracy Pavilion #0331, USA-(CA) Tracy, 2463 Naglee Rd, +1 (209) 839-1919
-74.11938, 41.00956, Massage Envy Spa - Waldwick #0264, USA-(NJ) Waldwick, 26 Franklin Turnpike, +1 (201) 689-8400
-80.25086, 26.09749, Massage Envy Spa - Davie #0119, USA-(FL) Davie, 1936 S. University Drive, +1 (954) 473-2799
-105.00339, 39.75195, Massage Envy - LODO #0231, USA-(CO) Denver, 1799 15th Street, +1 (720) 833-3700
-80.20071, 26.28865, Massage Envy Spa - Turtle Crossings of Coral Springs #0272, USA-(FL) Coral Springs, 4360 N State Road 7, +1 (954) 688-7777
-78.85015, 35.65997, Massage Envy Spa - Holly Springs #794, USA-(NC) Holly Springs, 1004 New Hill Road #315, +1 (919) 577-1500
-84.46653, 33.90433, Massage Envy - Windy Hill at Powers Ferry #0406, USA-(GA) Marietta, 3000 Windy Hill Rd. A-11, +1 (770) 955-3339
-122.14174, 38.21752, Massage Envy - Cordelia - Green Valley #0503, USA-(CA) Fairfield, 5041 Business Center Drive Suite 100, +1 (707) 864-2200
-77.44405, 43.21208, Massage Envy Spa - Webster #925, USA-(NY) Webster, 900 Holt Road Bldg. 1, +1 (585) 872-6772
-83.02669, 39.97487, Massage Envy Spa - Grandview Yard #0858, USA-(OH) Grandview Heights, 775 Yard St., +1 (614) 484-6860
-116.96771, 32.65223, Massage Envy Spa - Eastlake #0416, USA-(CA) Chula Vista, 878 Eastlake Parkway Suite 912, +1 (619) 482-2072
-73.97642, 40.89483, Massage Envy Spa - Englewood Towne Centre #0829, USA-(NJ) Englewood, 28 West Palisade Avenue, +1 (201) 655-7300
-78.81221, 42.78608, Massage Envy Spa - Hamburg-Orchard Park #917, USA-(NY) Hamburg, 3670 McKinley Parkway Unit 5B, +1 (716) 822-ENVY
-73.68665, 40.83092, Massage Envy Spa - Port Washington 066A #0000, USA-(NY) Port Washington, 47 Main Street, +1 (516) 767-MENV
-104.79179, 39.53413, Massage Envy Spa - Parker #0127, USA-(CO) Parker, 17001 Lincoln Ave. #D, +1 (720) 842-0900
-77.12093, 39.05814, Massage Envy Spa - Rockville #0673, USA-(MD) Rockville, 12266-Q Rockville Pike, +1 (240) 221-0078
-73.41943, 40.73735, Massage Envy - Farmingdale #0731, USA-(NY) Farmingdale, 224 Airport Plaza Boulevard, +1 (631) 393-2995
-89.30642, 43.12955, Massage Envy - East Washington #0708, USA-(WI) Madison, 4624 East Washington Avenue, +1 (608) 663-9300
-96.17799, 41.23189, Massage Envy Spa - Legacy #0054, USA-(NE) Omaha, 16902 Wright Plaza Suite 175, +1 (402) 898-3689
-73.71493, 41.22332, Massage Envy Spa - Bedford-Mt. Kisco #918, USA-(NY) Bedford Hills, 737 Bedford Rd, +1 (914) 244-3689
-118.14452, 34.14778, Massage Envy Spa - Pasadena-South Lake #0789, USA-(CA) Pasadena, 401 South Lake Avenue Suites A206-A A206-B, +1 (626) 240-1060
-118.38423, 33.90180, Massage Envy Spa - Manhattan Beach #0392, USA-(CA) Manhattan Beach, 1590 Rosecrans Avenue, +1 (310) 321-6717
-117.11389, 32.80435, Massage Envy Spa - Tierrasanta #0766, USA-(CA) San Diego, 3425 Murphy Canyon Rd., +1 (858) 279-ENVY
-71.29269, 42.29901, Massage Envy - Wellesley #0555, USA-(MA) Wellesley, 161 Linden Street, +1 (781) 239-ENVY
-122.66394, 45.41328, Massage Envy Spa - Lake Oswego #0582, USA-(OR) Lake Oswego, 333 South State Street, +1 (503) 210-ENVY
-116.59194, 43.61207, Massage Envy Spa - Nampa #0301, USA-(ID) Nampa, 16404 N. Marketplace Blvd., +1 (208) 468-ENVY
-86.10541, 39.91146, Massage Envy Spa - Keystone at the Crossing #649 (Coming Soon), USA-(IN) Indianapolis, 8555 N. River Road Suite 140, +1 (317) 846-8300
-95.56439, 30.22087, Massage Envy - Magnolia-Westwood Village #0617, USA-(TX) Magnolia, 6531 FM 1488 Suite 309, +1 (281) 766-1350
-81.95960, 27.99859, Massage Envy - Lakeland #0509, USA-(FL) Lakeland, 3615 South Florida Ave. Unit 56, +1 (863) 646-ENVY
-73.50326, 40.78490, Massage Envy Spa - Plainview #0788, USA-(NY) Plainview, 355 South Oyster Bay Road, +1 (516) 513-1334
-74.30733, 40.35107, Massage Envy Spa - Marlboro #0287, USA-(NJ) Englishtown, 126 Us Hwy 9, +1 (732) 972-9800
-121.12334, 38.65549, Massage Envy Spa - Folsom-Broadstone Marketplace #0250, USA-(CA) Folsom, 2750 East Bidwell Street Suite 200, +1 (916) 357-5000
-97.94237, 30.30576, Massage Envy - Lakeway #0151, USA-(TX) Bee Cave, 12921 Shops Parkway Suite 100, +1 (512) 263-1515
-96.77116, 43.50180, Massage Envy Spa - Sioux Falls #883, USA-(SD) Sioux Falls, 4821 S. Louise Avenue, +1 (605) 275-6555
-74.18144, 40.86398, Massage Envy Spa - Clifton #0273, USA-(NJ) Clifton, 852 Route 3 West, +1 (973) 340-ENVY
-73.95475, 40.96822, Massage Envy Spa - Closter #0263, USA-(NJ) Closter, 117 Vervalen Street, +1 (201) 784-3333
-121.24926, 38.74162, Massage Envy Spa - East Roseville #0043, USA-(CA) Roseville, 1485 Eureka Road Suite G120, +1 (916) 783-1787
-74.16373, 40.57738, Massage Envy Spa - Staten Island #0690, USA-(NY) Staten Island, 280 Marsh Avenue, +1 (718) 477-2800
-82.35393, 28.18328, Massage Envy Spa - Wesley Chapel #508, USA-(FL) Wesley Chapel, 1821 Bruce B. Downs Blvd. Suite 124, +1 (813) 948-5600
-113.60234, 37.12762, Massage Envy - St. George #0213, USA-(UT) St. George, 1091 N. Bluff Suite 304, +1 (435) 628-9049
-111.97838, 33.49468, Massage Envy - Arcadia #0077, USA-(AZ) Phoenix, 3162 E Indian School Rd, +1 (602) 468-3689
-84.42820, 38.03974, Massage Envy Spa - Hamburg #0714, USA-(KY) Lexington, 2200 War Admiral Way Suite 185, +1 (859) 258-2200
-93.44730, 44.97065, Massage Envy Spa - Minnetonka #0534, USA-(MN) Minnetonka, Ridgehaven Mall 13185 Ridgedale Drive, +1 (952) 955-8484
-77.26524, 39.17999, Massage Envy Spa - Germantown #0500, USA-(MD) Germantown, 19728 Germantown Road Suite 1002, +1 (301) 972-5599
-97.18636, 32.93884, Massage Envy - Southlake West #0445, USA-(TX) Southlake, 250 Randol Mill Avenue Suite 100, +1 (817) 562-4433
-97.78600, 30.16905, Massage Envy - Southpark Meadows #0178, USA-(TX) Austin, 9500 South IH 35 Suite L500, +1 (512) 381-9500
-82.31577, 27.92751, Massage Envy - Brandon #0252, USA-(FL) Brandon, 2092 Badlands Drive, +1 (813) 413-2211
-122.09665, 47.35846, Massage Envy - Covington #0528, USA-(WA) Covington, 27115 185th Ave SE, +1 (253) 236-1111
-80.32787, 25.91397, Massage Envy - Miami Lakes #0606, USA-(FL) Miami Lakes, 15422 NW 77th Court Suite B & C, +1 (305) 558-ENVY
-118.12661, 33.92631, Massage Envy Spa - Downey #487, USA-(CA) Downey, 12050 Lakewood Boulevard, +1 (562) 622-ENVY
-94.66107, 39.24958, Massage Envy Spa - Zona Rosa #0463, USA-(MO) Kansas City, 8528 NW Prairie View Road, +1 (816) 505-ENVY
-85.58866, 38.21699, Massage Envy - J-Town #498 (Coming Soon), USA-(KY) Louisville, 2048 S. Hurstbourne Pkwy, +1 (502) 992-0701
-90.38820, 38.67342, Massage Envy - Olivette #0723, USA-(MO) Olivette, 9616 Olive Boulevard, +1 (314) 567-3777
-80.85046, 32.25779, Massage Envy Spa - Bluffton #0813, USA-(SC) Bluffton, 1019 Fording Island Rd. Suite 102 G, +1 (843) 837-ENVY
-79.92147, 40.43793, Massage Envy Spa - Squirrel Hill #0391, USA-(PA) Pittsburgh, 5836 Forbes Avenue, +1 (412) 420-5188
-83.99305, 35.93488, Massage Envy - Cherokee Plaza #0689, USA-(TN) Knoxville, 5508 Kingston Pike, +1 (865) 330-2322
-97.54697, 35.36155, Massage Envy - Chatenay Square #0747, USA-(OK) Oklahoma City, 10700 S. Penn Suite 23, +1 (405) 237-3345
-94.66931, 38.88605, Massage Envy - Deer Creek #0259, USA-(KS) Overland Park, 13344 Metcalf Ave., +1 (913) 897-3838
-93.32325, 37.13838, Massage Envy - Springfield #0220, USA-(MO) Springfield, 2155 West Republic Road, +1 (417) 887-3689
-96.96148, 32.89019, Massage Envy - Las Colinas #0497, USA-(TX) Irving, 975 W. John Carpenter Fwy Suite 112, +1 (972) 556-0777
-97.72191, 30.29985, Massage Envy - North Central Austin #0390, USA-(TX) Austin, 1000 East 41st Street, +1 (512) 346-3689
-81.82378, 41.31029, Massage Envy Spa - Strongsville #0400, USA-(OH) Strongsville, 6 Southpark Center, +1 (440) 878-0500
-117.72022, 33.99742, Massage Envy - Chino #0181, USA-(CA) Chino, 3825 Grand Avenue Suite B, +1 (909) 573-0200
-121.97829, 37.55223, Massage Envy Spa - Fremont #0334, USA-(CA) Fremont, 39016 Paseo Padre Parkway, +1 (510) 456- ENVY
-105.00424, 39.54997, Massage Envy Spa - Highlands Ranch Town Center #0760, USA-(CO) Highlands Ranch, 1265 Sgt. Jon Stiles Dr. Suite I, +1 (720) 382-7045
-77.43758, 39.00628, Massage Envy - Sterling #0420, USA-(VA) Sterling, 22000 Dulles Retail Plaza, +1 (703) 230-ENVY
-80.10185, 26.89891, Massage Envy Spa - Jupiter #0477, USA-(FL) Jupiter, 3755 Military Trail Unit A-1, +1 (561) 743-8878
-117.15472, 32.70839, Massage Envy - Downtown East Village #0415, USA-(CA) San Diego, 1091 K Street, +1 (619) 238-4206
-74.33187, 40.72021, Massage Envy - Short Hills #0473, USA-(NJ) Short Hills, 726 Morris Turnpike, +1 (973) 467-5700
-117.12160, 32.91906, Massage Envy Spa - Mira Mesa #0325, USA-(CA) Mira Mesa, 9450-A Mira Mesa Blvd, +1 (858) 271-6888
-93.55106, 45.21156, Massage Envy - Rogers #0483, USA-(MN) Rogers, 14165 James Rd., +1 (763) 428-3605
-122.66609, 45.72673, Massage Envy - West Vancouver #0256, USA-(WA) Vancouver, 8802 NE 5th Avenue, +1 (360) 546-ENVY
-118.14791, 34.60016, Massage Envy Spa - Palmdale #0873, USA-(CA) Palmdale, 39445 10th St. W Suite E-5, +1 (661) 526-0050
-115.29894, 36.11510, Massage Envy Spa - West Flamingo #0227, USA-(NV) Las Vegas, 9484 West Flamingo Suite 150, +1 (702) 368-ENVY
-90.30546, 38.46852, Massage Envy Spa - Oakville #0063, USA-(MO) Oakville, 5656 Telegraph Rd., +1 (314) 375-1100
-78.95295, 35.90296, Massage Envy Spa - Southpoint #0414, USA-(NC) Durham, 8202 Renaissance Parkway Suite #111, +1 (919) 493-ENVY
-115.24170, 36.06412, Massage Envy - South Rainbow #0756, USA-(NV) Las Vegas, 6870 S. Rainbow Blvd. Suite 122, +1 (702) 436-3689
-111.90432, 33.42986, Massage Envy Spa - Tempe Marketplace #0741, USA-(AZ) Tempe, 1900 E Rio Salado Pkwy Suite 150, +1 (480) 446-ENVY
-117.25895, 32.99330, Massage Envy Spa - Solana Beach #0403, USA-(CA) Solana Beach, 665 San Rodolfo Drive Suite 125, +1 (858) 259-5585
-119.72325, 36.83814, Massage Envy - Clovis #0235, USA-(CA) Clovis, 605 West Herndon Ave, +1 (559) 299-7077
-98.70734, 29.49006, Massage Envy - Alamo Ranch #0710, USA-(TX) San Antonio, 5511 W Loop 1604 N #106, +1 (210) 558-8800
-74.85127, 40.49859, Massage Envy Spa - Flemington #0622, USA-(NJ) Flemington, 100 Reaville Ave., +1 (908) 782-2223
-117.27351, 32.84306, Massage Envy - La Jolla #0395, USA-(CA) La Jolla, 7650 Girard Avenue, +1 (858) 551-0078
-118.53971, 34.25729, Massage Envy Spa - Northridge #0795, USA-(CA) Northridge, 18665 Devonshire Street, +1 (818) 360-3000
-117.90199, 33.91926, Massage Envy Spa - Brea Downtown #0242, USA-(CA) Brea, 375 West Birch Street #22, +1 (714) 990-3033
-106.01271, 35.64220, Massage Envy - Santa Fe #0625, USA-(NM) Santa Fe, 3490 Zafarano Drive Suite A, +1 (505) 471-ENVY
-77.83069, 34.24249, Massage Envy Spa - Mayfaire Town Center #0643, USA-(NC) Wilmington, 6863 Main Street, +1 (910) 256-1211
-85.44149, 31.22931, Massage Envy Spa - Palms Terrace #892, USA-(AL) Dothan, 3430 W Main Street Suite 1, +1 (334) 836-0878
-78.81590, 33.75318, Massage Envy Spa - Myrtle Beach Grand Dunes #0780, USA-(SC) Myrtle Beach, 980 82nd Parkway Unit A-2, +1 (843) 213-4050
-118.46713, 34.40418, Massage Envy Spa - Santa Clarita #0899 (Coming Soon), USA-(CA) Santa Clarita, 26883 Sierra Highway, +1 (661) 251-3689
-111.94394, 33.34874, Massage Envy Spa - Tempe #0017, USA-(AZ) Tempe, 315 W Elliot Rd Suite 103, +1 (480) 783-8700
-84.18860, 39.75385, Massage Envy Spa - The Greene #0587, USA-(OH) Dayton, 15 Greene Blvd. Suite C, +1 (937) 458-0056
-84.01494, 33.87678, Massage Envy Spa - Snellville #0645, USA-(GA) Snellville, 1905 Scenic Highway Suite 220, +1 (770) 817-6868
-74.61352, 40.22144, Massage Envy Spa - Robbinsville #0193, USA-(NJ) Robbinsville, 1140 US Route 130 Suite 7, +1 (609) 259-5432
-90.25358, 30.02068, Massage Envy Spa - Kenner #0757, USA-(LA) Kenner, 819 West Esplanade Ave. Suite B, +1 (504) 496-9000
-95.68343, 29.56330, Massage Envy - Greatwood #0354, USA-(TX) Sugar Land, 19760 Southwest Freeway, +1 (281) 633-9500
-122.68968, 47.65083, Massage Envy - Silverdale #668, USA-(WA) Silverdale, 3036 NW Bucklin Hill Road, +1 (360) 698-0311
-80.25985, 25.74917, Massage Envy Spa - Coral Gables #0674, USA-(FL) Coral Gables, 256 Miracle Mile, +1 (305) 774-0000
-85.99393, 40.03880, Massage Envy - Stony Creek #0630, USA-(IN) Noblesville, 17247 Mercantile Boulevard, +1 (317) 770-4910
-86.95088, 36.04544, Massage Envy - Bellevue #0464, USA-(TN) Bellevue, 8024 Highway 100, +1 (615) 662-3689
-117.69874, 33.49027, Massage Envy Spa - Dana Point #0810, USA-(CA) Dana Point, 32585 Golden Lantern St., +1 (949) 545-0444
-76.72404, 39.37864, Massage Envy - Pikesville #0527, USA-(MD) Baltimore, 3755 Old Court Road Suite O, +1 (410) 580-0505
-117.39609, 47.74215, Massage Envy - Spokane Pavilion #512, USA-(WA) Spokane, 920 East Hoerner Suite 101-104, +1 (509) 465-ENVY
-111.88516, 33.30603, Massage Envy Spa - Chandler #0008, USA-(AZ) Chandler, 2510-7 W Chandler Blvd, +1 (480) 812-ENVY
-82.63879, 27.81831, Massage Envy - St. Petersburg 4th Street #0251, USA-(FL) St. Petersburg, 5020 4th Street N., +1 (727) 490-3000
-117.15814, 32.77060, Massage Envy Spa - Mission Valley #0803, USA-(CA) San Diego, 7610 Hazard Center Drive, +1 (619) 325-0333
-84.22970, 30.54240, Massage Envy - Kerry Forest #0374, USA-(FL) Tallahassee, 2887 Kerry Forest Parkway Suite 5, +1 (850) 422-ENVY
-74.39334, 40.78914, Massage Envy Spa - Florham Park #0052, USA-(NJ) Florham Park, 184 Columbia Turnpike, +1 (973) 822-2300
-70.32999, 43.63640, Massage Envy - South Portland #0725, USA-(ME) South Portland, 343 Gorham Road, +1 (207) 772-7770
-117.20359, 32.83271, Massage Envy Spa - Clairemont #0417, USA-(CA) San Diego, 4911 Clairemont Drive, +1 (858) 222-8890
-90.06700, 29.90395, Massage Envy Spa - Westbank#379, USA-(LA) Harvey, 1629 Westbank Expressway STE G, +1 (504) 247-9799
-76.43535, 36.87324, Massage Envy Spa - Harbour View #0761, USA-(VA) Suffolk, 7386 Harbour Towne Parkway Suite 25, +1 (757) 638-9888
-106.75200, 32.31490, Massage Envy Spa - Las Cruces #0798, USA-(NM) Las Cruces, 540 Walton Boulevard Suite A, +1 (575) 525-ENVY
-76.92519, 39.02167, Massage Envy Spa - College Park #0657, USA-(MD) College Park, 10260 Baltimore Avenue Suite L, +1 (301) 313-0555
-80.08162, 40.68484, Massage Envy - Cranberry #0177, USA-(PA) Cranberry Township, 1694 Route 228 Suite 108, +1 (724) 772-ENVY
-80.75962, 34.95508, Massage Envy Spa - Weddington/Waxhaw #0519, USA-(NC) Waxhaw, 8139 Kensington Drive Suite C, +1 (704) 243-1111
-118.55419, 34.42919, Massage Envy Spa - Valencia #0636, USA-(CA) Valencia, 23957 Newhall Ranch Road, +1 (661) 259-0878
-76.08635, 36.77677, Massage Envy - Virginia Beach Landstown Commons #0456, USA-(VA) Virginia Beach, 3352 Princess Anne Rd Suite 915, +1 (757) 689-4959
-121.77396, 37.69118, Massage Envy Spa - Livermore #0559, USA-(CA) Livermore, 2100 Portola Avenue Suite E, +1 (925) 292-5165
-71.46167, 41.75631, Massage Envy - Cranston #0783, USA-(RI) Cranston, 274 New London Avenue, +1 (401) 275-4900
-111.87197, 40.76089, Massage Envy - Fourth South #0150, USA-(UT) Salt Lake City, 655 East 400 South Suite B, +1 (801) 433-5333
-86.81709, 35.96102, Massage Envy - Cool Springs #0373, USA-(TN) Brentwood, 1731 Mallory Lane, +1 (615) 309-7575
-83.11920, 40.03495, Massage Envy - Hilliard #0586, USA-(OH) Hilliard, 3965 Trueman Blvd, +1 (614) 771-6860
-95.13732, 29.54245, Massage Envy - Clear Lake #0041, USA-(TX) Webster, 943 W Bay Area Blvd, +1 (281) 332-0808
-115.19750, 36.03738, Massage Envy Spa - Blue Diamond Crossing #0228, USA-(NV) Las Vegas, 4280 Blue Diamond Suite #101, +1 (702) 851-ENVY
-122.31571, 47.28804, Massage Envy Spa - Federal Way #0081, USA-(WA) Federal Way, 1409 S. 348th St. Suite D-102, +1 (253) 517-0888
-87.88876, 41.80348, Massage Envy - Western Springs #0575, USA-(IL) Western Springs, 4700 Gilbert Ave Suite 45, +1 (708) 784-ENVY
-82.78462, 39.92326, Massage Envy Spa - Pickerington #907, USA-(OH) Pickerington, 1686 Hill Road North, +1 (614) 863-3689
-80.67521, 35.41840, Massage Envy Spa - Concord #0494, USA-(NC) Concord, 6004 Bayfield Parkway, +1 (704) 721-0170
-117.08296, 33.48496, Massage Envy Spa - Temecula #0564, USA-(CA) Temecula, 32909 Hwy 79S suite 105, +1 (951) 302-6002
-117.05165, 32.63999, Massage Envy Spa - Terra Nova #0797, USA-(CA) Chula Vista, 316 E H Street, +1 (619) 827-0550
-73.25407, 41.18254, Massage Envy - Fairfield #0381, USA-(CT) Fairfield, 2279 Black Rock Turnpike, +1 (203) 333-ENVY
-86.51164, 36.16633, Massage Envy Spa - Mt. Juliet #893, USA-(TN) Mount Juliet, 401 S. Mt. Juliet Road #240, +1 (615) 773-0SPA
-95.53664, 30.17740, Massage Envy - The Woodlands - Indian Springs #0059, USA-(TX) The Woodlands, 10807 Kuykendahl Rd Suite 400, +1 (281) 465-9596
-74.62670, 40.51929, Massage Envy Spa - Hillsborough #0682, USA-(NJ) Hillsborough, 30 Falcon Road, +1 (908) 281-7995
-88.02534, 42.13916, Massage Envy Spa - Palatine #0352, USA-(IL) Palatine, 728 E. Dundee Rd., +1 (847) 991-1010
-81.33492, 28.79945, Massage Envy Spa - Lake Mary/Sanford #0281, USA-(FL) Sanford, 1465 WP Ball Blvd., +1 (407) 333-9599
-74.24384, 40.96090, Massage Envy Spa - Wayne #0195, USA-(NJ) Wayne, 1220 Hamburg Turnpike, +1 (973) 686-ENVY
-117.63004, 33.65423, Massage Envy - Mission Viejo North #0376, USA-(CA) Mission Viejo, 28815 Los Alisos Boulevard Suite D, +1 (949) 586-ENVY
-117.70341, 33.62035, Massage Envy Spa - Lake Forest #0824, USA-(CA) Lake Forest, 23635 El Toro Rd. Suite A, +1 (949) 768-ENVY
-93.30679, 44.85959, Massage Envy Spa - Southtown#98, USA-(MN) Bloomington, 7949 Southtown Center, +1 (952) 463-1000
-90.46440, 38.67552, Massage Envy - Creve Coeur #0062, USA-(MO) Creve Coeur, 12528 H Olive Blvd., +1 (314) 744-7779
-111.66276, 35.18869, Massage Envy Spa - Flagstaff #0558, USA-(AZ) Flagstaff, 1235 South Plaza Way, +1 (928) 526-3689
-121.52271, 38.49443, Massage Envy Spa - Sacramento Pocket #0735, USA-(CA) Sacramento, 990 Florin Road, +1 (916) 391-ENVY
-85.93119, 39.99476, Massage Envy - Hamilton Town Center #0648, USA-(IN) Noblesville, 14139 Town Center Blvd. Suite 750, +1 (317) 776-2550
-74.68121, 40.29672, Massage Envy Spa - Princeton #0192, USA-(NJ) Lawrenceville, 3373 Brunswick Pike, +1 (609) 750-0140
-96.91518, 33.02133, Massage Envy - Hebron at Old Denton #0275, USA-(TX) Carrollton, 1001 E. Hebron Parkway, +1 (972) 939-6868
-117.52285, 33.82142, Massage Envy Spa - Corona at Eagle Glen #0612, USA-(CA) Corona, 2225 Eagle Glen Parkway Suite 101, +1 (951) 371-ENVY
-112.22967, 33.63829, Massage Envy Spa - Arrowhead #0003, USA-(AZ) Glendale, 7942 W Bell Rd Suite C-2, +1 (623) 889-1646
-86.44470, 35.85942, Massage Envy - Murfreesboro #0665, USA-(TN) Murfreesboro, 2615 Medical Center Parkway #1760, +1 (615) 907-4888
-104.86483, 39.41345, Massage Envy Spa - Castle Rock #0697, USA-(CO) Castle Rock, 5650 Allen Way #116, +1 (720) 974-9100
-76.35499, 39.52580, Massage Envy Spa - Bel Air #0581, USA-(MD) Bel Air, 591 Baltimore Pike, +1 (410) 420-7770
-81.49683, 41.50045, Massage Envy - Beachwood #0490, USA-(OH) Beachwood, 2101 Richmond Road, +1 (216) 593-0140
-77.31966, 38.79944, Massage Envy Spa - Burke #0562, USA-(VA) Burke, 5747-B Burke Centre Parkway, +1 (703) 239-0224
-117.44853, 34.13766, Massage Envy Spa - North Fontana #0540, USA-(CA) Fontana, 16391 Sierra Lakes Parkway Suite 100, +1 (909) 355-5553
-72.62147, 41.72123, Massage Envy - Glastonbury #0777, USA-(CT) Glastonbury, 140 Glastonbury Boulevard, +1 (860) 633-1111
-106.64021, 35.25816, Massage Envy Spa - Rio Rancho East #0616, USA-(NM) Rio Rancho, 111 Rio Rancho Blvd, +1 (505) 892-3689
-84.43112, 39.14544, Massage Envy Spa - Hyde Park #0733, USA-(OH) Cincinnati, 3774 Paxton Ave., +1 (513) 533-ENVY
-79.71206, 43.58171, Massage Envy Spa - Vista #0923, USA-(CA) Vista, 20 Main Street Suite H130, +1 (760) 477-9000
-87.91368, 42.15129, Massage Envy - Wheeling #0292, USA-(IL) Wheeling, 701 N. Milwaukee Ave, +1 (847) 537-9500
-73.99228, 40.69371, Massage Envy Spa - Brooklyn Heights #843, USA-(NY) Brooklyn Heights, 147 Remsen Street, +1 (718) 451-3000
-121.29233, 38.88517, Massage Envy - Lincoln #0635, USA-(CA) Lincoln, 100 Gateway Drive Suite 120, +1 (916) 434-8080
-78.60013, 35.90605, Massage Envy - Falls of the Neuse #0568, USA-(NC) Raleigh, 9660 Falls of Neuse Road Suite 167, +1 (919) 847-3633
-81.20467, 28.55684, Massage Envy - Waterford Lakes #0328, USA-(FL) Orlando, 833 N. Alafaya Trail, +1 (407) 903-3689
-96.69213, 33.05716, Massage Envy - Spring Creek at Hwy 75 #0343, USA-(TX) Plano, 6101 Avenue K Suite #160, +1 (972) 516-8888
-104.96031, 39.58143, Massage Envy - Southglenn #0071, USA-(CO) Centennial, 7470-B South University Blvd, +1 (303) 741-3689
-84.26771, 34.08889, Massage Envy Spa - Alpharetta #0045, USA-(GA) Alpharetta, 5530 Windward Parkway Building G Suite 1050, +1 (770) 667-ENVY
-122.14908, 47.75591, Massage Envy - Woodinville #0026, USA-(WA) Woodinville, 14213 NE Woodinville-Duvall Road, +1 (425) 368-0800
-76.11251, 36.84247, Massage Envy Spa - Virginia Beach Loehmann's Plaza #0609, USA-(VA) Virginia Beach, 4000 Virginia Beach Blvd. Suite 160, +1 (757) 463-ENVY
-87.80059, 42.10722, Massage Envy Spa - Northbrook-Willow Festival #285, USA-(IL) Northbrook, 840 Willow Rd., +1 (847) 564-0500
-111.78978, 33.36659, Massage Envy Spa - Gilbert #0005, USA-(AZ) Gilbert, 865 N Gilbert Rd Suite 102, +1 (480) 889-0770
-84.37992, 39.20375, Massage Envy Spa - Kenwood #183, USA-(OH) Cincinnati, 7865 Kenwood Rd #12, +1 (513) 793-3689
-117.95912, 33.91663, Massage Envy Spa - La Habra #0819, USA-(CA) La Habra, 1216 S. Idaho St. Suite D, +1 (714) 515-7555
-95.58317, 29.58515, Massage Envy - River Oaks #0036, USA-(TX) Houston, 1556 West Gray River Oaks Plaza, +1 (713) 526-ENVY
-82.31692, 34.83312, Massage Envy Spa - Verdae Village #0597, USA-(SC) Greenville, 101 Verdae Boulevard Suite 900, +1 (864) 675-1155
-73.56185, 40.65378, Massage Envy - Merrick #0762, USA-(NY) Merrick, 1660 Merrick Road, +1 (516) 623-ENVY
-121.89711, 37.67640, Massage Envy Spa - Pleasanton #0911, USA-(CA) Pleasanton, 3003-A Hopyard Road, +1 (925) 226-7977
-76.63482, 39.45450, Massage Envy - Timonium #0526, USA-(MD) Timonium, 2442 Broad Avenue, +1 (410) 308-0400
-117.78762, 33.79073, Massage Envy Spa - Orange Hills #0513, USA-(CA) Orange, 7536 E. Chapman Ave., +1 (714) 281-1800
-111.92581, 33.53934, Massage Envy - South Scottsdale #0076, USA-(AZ) Scottsdale, 7001 North Scottsdale Road Suite 158, +1 (480) 443-ENVY
-117.24586, 34.47094, Massage Envy Spa - Apple Valley #0621, USA-(CA) Apple Valley, 19179 Bear Valley Rd. Suite 7, +1 (760) 240-ENVY
-123.10280, 44.06772, Massage Envy Spa - Eugene #0672, USA-(OR) Eugene, 1011 Valley River Way #106, +1 (541) 344-ENVY
-84.12684, 34.19540, Massage Envy - Cumming Town Center #0554, USA-(GA) Cumming, 2065 Marketplace Blvd., +1 (678) 208-2888
-118.08299, 33.82709, Massage Envy Spa - Long Beach Town Center #0763, USA-(CA) Long Beach, 7609 Carson Blvd, +1 (562) 354-9300
-110.78660, 32.20591, Massage Envy Spa - Oldnish Trail #0320 SPA, USA-(AZ) Tucson, 9630 East 22nd Street Suite 100, +1 (520) 577-3689
-111.85535, 40.61243, Massage Envy - Union Heights #0082, USA-(UT) Midvale, 7682 South Union Park Avenue, +1 (801) 568-1161
-86.23092, 39.94089, Massage Envy Spa - West Carmel Zionsville #0518, USA-(IN) Carmel, 4000 West 106th St Suite 155, +1 (317) 873-3909
-86.66713, 33.40836, Massage Envy Spa - Greystone #0701, USA-(AL) Hoover, 300 Doug Baker Blvd. Suite 500, +1 (205) 408-1882
-104.80614, 39.59382, Massage Envy - Aurora Southwest #0237, USA-(CO) Aurora, 6735 S. Cornerstar Way Suite B, +1 (720 )974-9600
-81.72793, 28.54615, Massage Envy Spa - Clermont #900, USA-(FL) Clermont, 1500 Oakley Seaver Drive, +1 (352) 243-ENVY
-86.08185, 39.66826, Massage Envy Spa - Southport #880 (Coming Soon), USA-(IN) Indianapolis, 6815 S. Emerson Ave., +1 (317) 782-1400
-111.87476, 33.38338, Massage Envy Spa - Dobson #0011, USA-(AZ) Mesa, 1657 S Dobson Rd Suite 101, +1 (480) 839-ENVY
-122.47722, 45.61982, Massage Envy - East Vancouver #0257, USA-(WA) Vancouver, 322 SE 192nd Avenue Suite 108, +1 (360) 883-ENVY
-118.38324, 34.06358, Massage Envy - Beverly Hills #0444, USA-(CA) Beverly Hills, 246 South Robertson Boulevard, +1 (310) 854-3689
-90.62744, 38.58051, Massage Envy - Wildwood #0291, USA-(MO) Wildwood, 2424 Taylor Rd, +1 (636) 821-2999
-92.82894, 45.03112, Massage Envy - Stillwater #0277, USA-(MN) Stillwater, 5901 Norwich Avenue No., +1 (651) 430-0300
-94.66595, 38.96599, Massage Envy Spa - North Overland Park #0326, USA-(KS) Overland Park, 8955 Metcalf Avenue, +1 (913) 381-3689
-86.12478, 40.00066, Massage Envy Spa - Village Park #0206, USA-(IN) Carmel, 1950 Greyhound Pass Suite #10, +1 (317) 816-0600
-80.18491, 26.70902, Massage Envy Spa - West Palm Beach #0620, USA-(FL) West Palm Beach, 8983 Okeechobee Blvd Suite 210, +1 (561) 333-3323
-84.36310, 39.35417, Massage Envy Spa - West Chester #877, USA-(OH) West Chester, 7639 Voice of America Centre Drive, +1 (513) 779-7444
-83.04064, 40.06284, Massage Envy Spa - Bethel #452, USA-(OH) Columbus, 767 Bethel Rd, +1 (614)326-3689
-94.60799, 38.99066, Massage Envy Spa - Prairie Village #0265, USA-(KS) Prairie Village, 7614 State Line Road, +1 (913) 642-4440
-97.79804, 30.47615, Massage Envy - Lakeline #0145, USA-(TX) Austin, 14005 North US Hwy 183 Suite 200, +1 (512) 335-ENVY
-117.71699, 33.52650, Massage Envy Spa - Laguna Niguel Plaza #0160, USA-(CA) Laguna Niguel, 30065 Alicia Parkway Suite B, +1 (949) 495-8100
-105.00791, 39.64630, Massage Envy - Englewood #0215, USA-(CO) Sheridan, 3960 River Point Parkway Suite E, +1 (303) 999-3879
-117.19057, 33.14476, Massage Envy Spa - San Marcos #0372, USA-(CA) San Marcos, 145 S. Las Posas Rd. Suite 160, +1 (760) 410-0288
-84.24114, 33.50266, Massage Envy - Stockbridge #0267, USA-(GA) Stockbridge, 1546 Hudson Bridge Rd. Suite A15, +1 (678) 902-0300
-88.37148, 43.05418, Massage Envy - Delafield #0109, USA-(WI) Delafield, 2920 Golf Road, +1 (262) 646-6369
-84.68514, 34.03632, Massage Envy Spa - Acworth #881, USA-(GA) Acworth, 3384 Cobb Parkway NW Suite 110-120, +1 (770) 974-0880
-101.90598, 33.52039, Massage Envy - Lubbock #0495, USA-(TX) Lubbock, 4414 82nd Street Suite 109, +1 (806) 687-3689
-122.21109, 47.70540, Massage Envy - Kirkland #0035, USA-(WA) Kirkland, 11620 97th Lane NE, +1 (425) 284-4284
-88.20775, 41.71359, Massage Envy Spa - Naperville South #0122, USA-(IL) Naperville, 2775 Showplace Drive Suite 107, +1 (630) 717-ENVY
-98.64440, 29.43389, Massage Envy - Westover Marketplace #0481, USA-(TX) San Antonio, 8211 Hwy 151 Suite 105, +1 (210) 933-ENVY
-80.41579, 25.68524, Massage Envy Spa - Kendall #0397, USA-(FL) Kendall, 13660 SW 88th St., +1 (305) 383-1984
-95.15249, 29.64957, Massage Envy Spa - Pasadena TX #557, USA-(TX) Pasadena, 5774 Fairmont Parkway, +1 (281) 998-ENVY
-93.45049, 45.10148, Massage Envy - Maple Grove #0357, USA-(MN) Maple Grove, 8091 Wedgewood Lane North, +1 (763)425-1777
-122.56375, 45.51831, Massage Envy - Mall 205 #0661, USA-(OR) Portland, 9732 SE Washington Street Suite B, +1 (503) 935-5550
-115.24812, 36.19552, Massage Envy Spa - Rock Spring #0323, USA-(NV) Las Vegas, 7175 West Lake Mead Blvd Suite 174, +1 (702) 567-3689
-95.46968, 29.73941, Massage Envy - Galleria #0049, USA-(TX) Houston, 5387 Westheimer, +1 (713) 627-3689
-122.22051, 47.86085, Massage Envy Spa - Mill Creek #0088, USA-(WA) Mill Creek, 15111 Main St., +1 (425) 341-2200
-80.09705, 26.80863, Massage Envy Spa - Palm Beach Gardens #0216, USA-(FL) Palm Beach Gardens, 3938 Northlake Blvd., +1 (561) 627-3689
-86.77399, 33.48334, Massage Envy Spa - Mountain Brook #0691, USA-(AL) Birmingham, 2800 Cahaba Village Suite 240, +1 (205) 834-8140
-95.16008, 30.00020, Massage Envy - Atascocita #0274, USA-(TX) Humble, 19250 W. Lake Houston Parkway Suite A, +1 (281) 852-0808
-117.65732, 33.56226, Massage Envy - Mission Viejo South #0385, USA-(CA) Mission Viejo, 27620 Marguerite Parkway Suite A, +1 (949) 388-7300
-122.51613, 37.97019, Massage Envy - San Rafael #0055, USA-(CA) San Rafael, 219 3rd St., +1 (415) 459-3689
-77.62863, 37.41729, Massage Envy - Commonwealth Centre #0560, USA-(VA) Midlothian, 5201 Commonwealth Centre Parkway Suite D, +1 (804) 744-8440
-80.07662, 26.38706, Massage Envy Spa - Spanish River #0408, USA-(FL) Boca Raton, 4125 N. Federal Hwy., +1 (561) 750-6606
-95.71165, 29.78496, Massage Envy Spa - Katy #0040, USA-(TX) Houston, 19610 Katy Freeway, +1 (281) 579-9223
-111.98089, 40.54031, Massage Envy - South Jordan #0407, USA-(UT) South Jordan, 11553 South Parkway Plaza Drive, +1 (801) 253-5330
-121.36159, 38.59555, Massage Envy Spa - Sacramento-Arden #0068, USA-(CA) Sacramento, 4383 Arden Way, +1 (916) 971-ENVY
-122.40360, 37.78492, Massage Envy Spa - San Francisco-Metreon #0170, USA-(CA) San Francisco, 785 Mission Street, +1 (415) 341-9800
-110.97621, 32.34621, Massage Envy Spa - Northwest Tucson #0105, USA-(AZ) Oro Valley, 7645 N. Oracle Rd. Suite #140, +1 (520) 577-3689 x 1
-111.97778, 33.61062, Massage Envy Spa - Paradise Valley #0006, USA-(AZ) Phoenix, 13637 N Tatum Blvd Suite 16, +1 (602) 992-4400
-84.96591, 32.53267, Massage Envy Spa - Bradley Park #886, USA-(GA) Columbus, 1639 Bradley Park Drive, +1 (706) 576-ENVY
-84.50174, 39.39054, Massage Envy - Bridgewater Falls #0651, USA-(OH) Hamilton, 3417 Princeton Road Suite #127, +1 (513) 868-ENVY
-75.29691, 40.00911, Massage Envy Spa - Ardmore #0734, USA-(PA) Ardmore, 44 Greenfield Ave, +1 (484) 572-2000
-75.13310, 40.25273, Massage Envy - Warrington #0685, USA-(PA) Warrington, 1603 Main Street, +1 (215) 343-3688
-115.03638, 36.06754, Massage Envy Spa - Henderson - Galleria #0032, USA-(NV) Henderson, 711 Marks Street Suite A, +1 (702) 454-ENVY
-118.48424, 34.15667, Massage Envy Spa - Encino #0556, USA-(CA) Encino, 16101 Ventura Boulevard, +1 (818) 788-ENVY
-77.27888, 38.84140, Massage Envy - Fairfax City#834, USA-(VA) Fairfax, 9664 Main Street, +1 (703) 426-2611
-111.88413, 40.52685, Massage Envy - Draper #0060, USA-(UT) Draper City, 219 E 12300 S Suite I6, +1 (801) 495-4280
-77.05124, 38.84238, Massage Envy Spa - Potomac Yard #0572, USA-(VA) Arlington, 3600 South Glebe Road #120, +1 (703) 414-0808
-84.50962, 33.65636, Massage Envy Spa - Camp Creek #0504, USA-(GA) Atlanta, 3755 Carmia Drive Suite 410, +1 (404) 477-3699
-80.14921, 26.58830, Massage Envy Spa - Lake Worth #0347, USA-(FL) Lake Worth, 6169 Jog Rd. Unit 4C, +1 (561) 964-3689
-80.85747, 35.44289, Massage Envy Spa - Huntersville #0409, USA-(NC) Huntersville, 16933 Kaufinger Street Suites 110 and 120, +1 (704) 896-8881
-76.59994, 39.26907, Massage Envy Spa - Federal Hill /Locus Point #0857, USA-(MD) Baltimore, 1707 Whetstone Way, +1 (410) 234-ENVY
-122.06841, 37.60260, Massage Envy Spa - Union Landing #0637, USA-(CA) Union City, 30963 Courthouse Drive, +1 (510) 471-5000
-86.79021, 36.02591, Massage Envy - Brentwood North #0615, USA-(TN) Brentwood, 330 Franklin Road Suite 120A, +1 (615) 690-ENVY
-95.54139, 29.96490, Massage Envy - Willowbrook #0044, USA-(TX) Houston, 7506 F.M. 1960 West, +1 (281) 469-3689
-73.97745, 40.81938, Massage Envy Spa - Edgewater #0280, USA-(NJ) Edgewater, 725 River Rd, +1 (201) 941-2424
-96.08547, 41.23307, Massage Envy Spa - Rockbrook #0413, USA-(NE) Omaha, 11020 Prairie Brook Rd, +1 (402) 933-ENVY
-90.63463, 38.74492, Massage Envy - Cottleville #0057, USA-(MO) Cottleville, 6085 Mid Rivers Mall Dr., +1 (636) 442-5999
-81.58558, 28.52430, Massage Envy Spa - Winter Garden #0506, USA-(FL) Winter Garden, 3025 Daniels Parkway Suite 104, +1 (321) 221-9966
-88.15024, 43.08943, Massage Envy - Capitol Drive #0478, USA-(WI) Brookfield, 19115 W. Capitol Dr. #104, +1 (262) 786-5060
-77.37659, 38.92779, Massage Envy - Herndon/Reston #0552, USA-(VA) Herndon, 2557 John Milton Drive, +1 (703) 391-0123
-73.45457, 40.66645, Massage Envy Spa - Massapequa #0776, USA-(NY) Massapequa Park, 4906 Merrick Rd., +1 (516) 799-3689
-81.43153, 40.85885, Massage Envy Spa - Belden Village #0401, USA-(OH) Canton, 4470 Everhard Rd., +1 (330) 526-0444
-122.14584, 47.62792, Massage Envy Spa - Bellevue #0016, USA-(WA) Bellevue, 14339 NE 20th St., +1 (425) 614- ENVY
-85.62991, 38.25078, Massage Envy Spa - St. Matthews #0386, USA-(KY) Louisville, 4600 Shelbyville Road, +1 (502) 895 -2007
-112.26699, 33.55158, Massage Envy - Peoria - Park West #0196, USA-(AZ) Peoria, 9744 W. Northern Ave. Suite 1340, +1 (623) 872-ENVY
-78.68116, 35.90115, Massage Envy Spa - Creedmoor & Strickland #0567, USA-(NC) Raleigh, 8357 Creedmoor Road, +1 (919) 847-8220
-72.55253, 41.82082, Massage Envy - South Windsor #0659, USA-(CT) South Windsor, 90 Buckland Road, +1 (860) 644-5800
-119.03618, 34.23591, Massage Envy Spa - Camarillo #0033, USA-(CA) Camarillo, 2360 Las Posas Road Suite G, +1 (805) 987-1010
-122.20143, 47.49776, Massage Envy - Renton Landing #0706, USA-(WA) Renton, 1205 North 10th St. Suite C, +1 (425) 291-9111
-80.18261, 26.52775, Massage Envy Spa - West Boynton Beach #924, USA-(FL) Boynton Beach, 8794 Boynton Beach Blvd. Suite 105, +1 (561) 733-WELL
-118.43879, 33.97811, Massage Envy Spa - Marina Del Rey #0435, USA-(CA) Marina Del Rey, 4770 Admiralty Way, +1 (310) 776-3113
-74.68927, 40.60222, Massage Envy Spa - Branchburg #0687, USA-(NJ) Branchburg, 3150 Rt. 22W, +1 (908) 704-0404
-117.86672, 33.77618, Massage Envy - Orange Town and Country #0515, USA-(CA) Orange, 745 S Main St Suite 130, +1 (714) 921-3900
-104.70880, 39.60323, Massage Envy Spa - Southlands #0282, USA-(CO) Aurora, 6295 S. Main St. Suite #103, +1 (303) 699-0868
-122.31079, 47.77550, Massage Envy - Shoreline #0161, USA-(WA) Shoreline, 20124 Ballinger Way, +1 (206) 366-1111
-80.80410, 35.03534, Massage Envy Spa - Blakeney #0167, USA-(NC) Charlotte, 9831 Rea Road Suite C, +1 (704) 541-2600
-98.10785, 29.72432, Massage Envy - New Braunfels #0531, USA-(TX) New Baunfels, 1667 State Hwy 46 West #415, +1 (830) 625-ENVY
-84.29503, 34.00476, Massage Envy Spa - Roswell East #0090, USA-(GA) Roswell, 2300 Holcomb Bridge Rd, +1 (770) 817-ENVY
-81.61808, 41.13318, Massage Envy Spa - Fairlawn #0491, USA-(OH) Fairlawn, 3265 W. Market St. Summit Mall, +1 (330) 867-ENVY
-87.92396, 43.21728, Massage Envy Spa - Mequon #0664, USA-(WI) Mequon, 10960 N. Port Washington Rd., +1 (262) 241-3689
-80.02406, 40.33397, Massage Envy - Southpark-PA #0823, USA-(PA) Bethel Park, 5223 Library Road, +1 (412) 854-ENVY
-80.87617, 35.59597, Massage Envy Spa - Mooresville #0469, USA-(NC) Mooresville, 591 J River Hwy., +1 (704) 664-3090
-77.02609, 38.99067, Massage Envy - Silver Spring #0516, USA-(MD) Silver Spring, 7033 Arlington Road , +1 (301) 652-8877
-71.45250, 42.96646, Massage Envy Spa - Manchester-NH #0782, USA-(NH) Manchester, 377 South Willow Street, +1 (603) 622-2400
-122.84300, 45.36979, Massage Envy - Sherwood #0360, USA-(OR) Sherwood, 16078 SW Tualatin-Sherwood Road, +1 (503) 625-0100
-117.70714, 34.12153, Massage Envy Spa - Claremont#942, USA-(CA) Claremont, 2090 N. Mills Avenue, +1 (909) 447-7500
-73.35565, 41.14107, Massage Envy Spa - Westport #0793, USA-(CT) Westport, 275 Post Road East, +1 (203) 571-1234
-81.16598, 34.06788, Massage Envy - Harbison #0800, USA-(SC) Columbia, 144A Harbison Boulevard, +1 (803) 227-4444
-122.95772, 45.50541, Massage Envy Spa - Hillsboro-OR #375) Hillsboro, USA-2343 SE Tualatin Valley Highway, +1 (503) 748-ENVY
-112.35822, 33.46286, Massage Envy Spa - Goodyear #0028, USA-(AZ) Goodyear, 1468 N. Litchfield Rd. Suite # M3, +1 (623) 935-5495
-96.61607, 32.95737, Massage Envy Spa - Firewheel Market #208, USA-(TX) Garland, 4430 Lavon Dr. Suite 310, +1 (972) 675-ENVY
-80.98560, 35.10112, Massage Envy Spa - RiverGate #0356, USA-(NC) Charlotte, 12840 Walker Branch Dr. Suite 300, +1 (704) 588-8885
-117.78843, 33.85163, Massage Envy Spa - Anaheim Hills #0455, USA-(CA) Anaheim Hills, 5769 E. Santa Ana Canyon Rd #E, +1 (714) 637-2300
-122.82887, 45.43796, Massage Envy - Murray Scholls #0115, USA-(OR) Beaverton, 14795 SW Murray Scholls Dr., +1 (503) 524-9600
-88.19965, 41.54192, Massage Envy Spa - Shorewood #0846, USA-(IL) Shorewood, 1033 Brook Forest Ave, +1 (815) 676-3800
-73.80456, 40.97273, Massage Envy Spa - Scarsdale #0807, USA-(NY) Scarsdale, 777 White Plains Road, +1 (914) 902-9200
-92.03961, 30.20867, Massage Envy - Lafayette #0644, USA-(LA) Lafayette, 130 North College Road Suite B, +1 (337) 232-7040
-122.65002, 45.53514, Massage Envy Spa - Lloyd Center #904, USA-(OR) Portland, 1517 NE Broadway, +1 (503) 972-0900
-90.43903, 38.60264, Massage Envy - Des Peres #0050, USA-(MO) Des Peres, 12123 Manchester Rd, +1 (314) 965-7779
-95.61843, 29.78514, Massage Envy - Bunker Hill #0350, USA-(TX) Houston, 9758 Katy Freeway, +1 (713) 457-ENVY
-88.20549, 41.79355, Massage Envy Spa - Naperville North #0313, USA-(IL) Naperville, 256 S. Rt. 59 Suite 108, +1 (331) 472-1000
-73.69529, 40.75378, Massage Envy Spa - Lake Success #867, USA-(NY) New Hyde Park, 1476 Union Turnpike, +1 (516) 673-4278
-93.79159, 41.60049, Massage Envy Spa - Clive #0112, USA-(IA) Clive, 12655 University Avenue Suite 180, +1 (515) 225-3689
-86.75392, 34.75134, Massage Envy Spa - Madison - AL #0845, USA-(AL) Madison, 8141 Highway 72 West Suite L, +1 (256) 430-4445
-117.10015, 33.11485, Massage Envy Spa - Escondido #0179, USA-(CA) Escondido, 1118 West Valley Parkway, +1 (760) 74-RELAX
-77.25836, 38.90627, Massage Envy Spa - Vienna #938 (Coming Soon), USA-(VA) Vienna, 126-A Branch Road, +1 (703) 319-3689
-121.95940, 37.95075, Massage Envy Spa - Concord-Clayton #0327, USA-(CA) Concord, 5442 Ygnacio Valley Rd, +1 (925) 672- ENVY
-81.48524, 41.46172, Massage Envy Spa - Chagrin #492, USA-(OH) Beachwood, 27520 Chagrin Boulevard, +1 (216) 464-ENVY
-90.11431, 29.91606, Massage Envy Spa - Uptown #0809, USA-(LA) New Orleans, 5300 Tchoupitoulas St., +1 (504) 891-8980
-97.05113, 33.03830, Massage Envy - Flower Mound #0067, USA-(TX) Flower Mound, 950 Parker Square, +1 (972) 899-3610
-81.81051, 26.40740, Massage Envy Spa - Coconut Point #0096, USA-(FL) Estero, 8001 Plaza Del Lago Drive, +1 (239) 947-ENVY
-74.03655, 40.72103, Massage Envy Spa - Jersey City Downtown #0539, USA-(NJ) Jersey City, 389 Washington Street, +1 (201) 427-7997
-93.48352, 45.01814, Massage Envy - Plymouth #0099, USA-(MN) Plymouth, 3225 Vicksburg Lane North Suite E, +1 (763) 550-1600
-117.33349, 33.18263, Massage Envy Spa - Carlsbad-Oceanside #0123, USA-(CA) Oceanside, 2455 Vista Way Suite C, +1 (760)439-1155
-97.06249, 32.70143, Massage Envy Spa - South 360 #0619, USA-(TX) Grand Prairie, 5232 South State Highway 360 Suite 610, +1 (817) 303-ENVY
-118.07141, 33.78474, Massage Envy Spa - Seal Beach #0371, USA-(CA) Seal Beach, 12340 Seal Beach Blvd., +1 (562) 596-1500
-80.75576, 35.33715, Massage Envy Spa - University #0404, USA-(NC) Charlotte, 2008 E. Arbors Dr. Suite 310, +1 (704) 717-3010
-84.57232, 34.03515, Massage Envy Spa - Kennesaw #0329, USA-(GA) Kennesaw, 745 Chastain Rd NW Suite 1080-1090, +1 (678) 213-ENVY
-121.73960, 37.94362, Massage Envy - The Streets of Brentwood #0226, USA-(CA) Brentwood, 2465 Sand Creek Road Suite 112, +1 (925) 516-1818
-95.46196, 29.68651, Massage Envy - Meyerland #0260, USA-(TX) Houston, 190 Meyerland Plaza, +1 (281) 220-6000
-81.03143, 29.10518, Massage Envy Spa - Port Orange #0520, USA-(FL) Port Orange, 5535 S. Williamson Blvd. Suite 645, +1 (386) 523-2828
-104.72051, 38.91093, Massage Envy - Stetson Hills #0188, USA-(CO) Colorado Springs, 5966 Stetson Hills Blvd, +1 (719) 574-9900
-104.94998, 39.71959, Massage Envy Spa - Cherry Creek #0194, USA-(CO) Denver, 201 Steele Street Unit 1-A, +1 (303) 962-8900
-80.19206, 26.03274, Massage Envy - Hollywood - FL #0707, USA-(FL) Hollywood, 5081 Sheridan St., +1 (954) 966-1771
-82.92552, 40.14438, Massage Envy Spa - Westerville #0588, USA-(OH) Westerville, 668 N State Street, +1 (614) 818-3689
-78.78358, 35.91071, Massage Envy - Brier Creek #0447, USA-(NC) Raleigh, 8201 Brier Creek Parkway Suite 105, +1 (919) 806-ENVY
-117.24190, 33.59464, Massage Envy Spa - Wildomar at Clinton Keith #0633, USA-(CA) Wildomar, 23885 Clinton Keith Rd. Suite #1, +1 (951) 677-7781
-94.58824, 39.04312, Massage Envy Spa - Country Club Plaza #0603, USA-(MO) Kansas City, 4626 J.C. Nichols Parkway, +1 (816) 994-ENVY
-87.94296, 42.23714, Massage Envy Spa - Vernon Hills #0283, USA-(IL) Vernon Hills, 701 N. Milwaukee Avenue Suite 180, +1 (847) 367-1010
-80.30326, 25.97866, Massage Envy Spa - Miramar #0532, USA-(FL) Miramar, 12228 Miramar Parkway, +1 (954) 251-5678
-105.07542, 39.88728, Massage Envy - Westminster #0278, USA-(CO) Westminster, 10449 Town Center Drive Suite 600, +1 (303) 466-1818
-80.35637, 26.00779, Massage Envy - Pembroke Pines #0311, USA-(FL) Pembroke Pines, 15755 Pines Boulevard, +1 (954) 430-4456
-87.61809, 41.89255, Massage Envy - Streeterville #0448, USA-(IL) Chicago, 345 East Ohio Street, +1 (312) 222-0808
-117.26232, 33.05263, Massage Envy Spa - Encinitas #0348, USA-(CA) Encinitas, 278 North El Camino Real, +1 (760) 436-3300
-88.13180, 30.67564, Mo SPAbile #0841, USA-(AL) Mobile, 3659 Airport Blvd., +1 (251) 316-3110
-116.96227, 32.74696, Massage Envy - Rancho San Diego #0462, USA-(CA) La Mesa, 3713 Avocado Blvd, +1 (619) 660-6789
-87.22568, 30.49292, Massage Envy - Pensacola #0688, USA-(FL) Pensacola, 6601 North Davis Highway Suite 37A, +1 (850) 484-3689
-112.27342, 33.46463, Massage Envy Spa - Avondale #0336, USA-(AZ) Avondale, 9945 West McDowell Suite 107, +1 (623) 209-3939
-117.90847, 33.62842, Massage Envy Spa - Newport Beach at Westcliff #0510, USA-(CA) Newport Beach, 1052 Irvine Ave., +1 (949) 200-3330
-117.82598, 33.69808, Massage Envy Spa - Tustin #0152, USA-(CA) Tustin, 2833 Park Avenue, +1 (714) 617-8900
-95.02217, 29.54069, Massage Envy Spa - Kemah #0107, USA-(TX) Clear Lake Shores, 243 FM 2094 Ste Q, +1 (281) 535-3689
-73.41259, 41.43299, Massage Envy Spa - Brookfield #0742, USA-(CT) Brookfield, 49 Federal Road, +1 (203) 775-ENVY
-117.53654, 34.12077, Massage Envy - Rancho Cucamonga #0712, USA-(CA) Rancho Cucamonga, 7305 Day Creek Blvd Suite 101, +1 (909) 803-1001
-90.08239, 30.37400, Massage Envy Spa - Mandeville #0801, USA-(LA) Mandeville, 3471 E Causeway Approach, +1 (985) 626-6260
-117.91717, 33.68311, Massage Envy Spa - Costa Mesa #0042, USA-(CA) Costa Mesa, 3030 Harbor Blvd Suite G-2, +1 (714) 545-5305
-117.70669, 33.57266, Massage Envy - Aliso Viejo #0121, USA-(CA) Aliso Viejo, 26852 La Paz Rd Suite 2-A, +1 (949) 472-8177
-96.79691, 32.80896, Massage Envy - Uptown at West Village #0211, USA-(TX) Dallas, 3699 McKinney Avenue Suite 104, +1 (214) 522-2727
-73.64046, 40.63528, Massage Envy - Oceanside #0482, USA-(NY) Oceanside, 3153 Long Beach Road, +1 (516) 255-1919
-82.86359, 40.05782, Massage Envy - Gahanna #0159, USA-(OH) Columbus, 4955 North Hamilton Road, +1 (614) 476-ENVY
-115.28625, 36.29073, Massage Envy Spa - Centennial Hills #0245, USA-(NV) Las Vegas, 7140 N. Durango Drive #140, +1 (702) 839-9997
-111.92575, 33.78121, Massage Envy - Carefree #0010, USA-(AZ) Scottsdale, 32607 N Scottsdale Rd Suite 101, +1 (480) 437-1463
-90.00584, 35.13593, Massage Envy - Midtown Memphis #0209, USA-(TN) Memphis, 1680 Union Ave Suite 111, +1 (901) 276-1011
-117.23806, 32.80042, Massage Envy Spa - Pacific Beach #0524, USA-(CA) San Diego, 1762 Garnet Avenue, +1 (858) 273-3689
-122.57587, 47.30049, Massage Envy - Gig Harbor #0667, USA-(WA) Gig Harbor, 4641 Pt Fosdick Dr NW Suite 300, +1 (253) 853-4555
-77.61398, 37.66781, Massage Envy Spa - Short Pump #0359, USA-(VA) Glen Allen, 4346 Pouncey Tract Rd., +1 (804) 612-0540
-94.73907, 38.97108, Massage Envy - Lenexa/Shawnee #0433, USA-(KS) Lenexa, 13224 W 87th St., +1 (913) 888-3689
-117.65141, 33.45774, Massage Envy Spa - San Clemente #0811, USA-(CA) San Clemente, 638 Camino De Los Mares, +1 (949) 373-3400
-80.13064, 26.09826, Massage Envy - Fort Lauderdale #0816, USA-(FL) Fort Lauderdale, 1917 Cordova Road, +1 (954) 626-6200
-122.29071, 37.53143, Massage Envy - San Mateo #0110, USA-(CA) San Mateo, 4060 S. El Camino Real Suite F, +1 (650) 350-1009
-77.45402, 38.73993, Massage Envy Spa - Manassas #870, USA-(VA) Manassas, 10073 Market Circle, +1 (703) 396-8111
-89.93104, 38.57371, Massage Envy Spa - O'Fallon-IL #0162, USA-(IL) O'Fallon, 1140 Central Park Drive, +1 (618) 622-ENVY
-73.11039, 44.45114, Massage Envy - Williston #0779, USA-(VT) Williston, 2141 Essex Rd., +1 (802) 879-0888
-75.54285, 39.83362, Massage Envy - Concord Pike #0683, USA-(DE) Wilmington, 5615 Concord Pike, +1 (302) 478-ENVY
-74.02511, 40.74966, Massage Envy Spa - Hoboken #0650, USA-(NJ) Hoboken, 1170 Maxwell Lane, +1 (201) 253-1000
-115.20666, 36.27834, Massage Envy Spa - Shadow Mountain #0163, USA-(NV) Las Vegas, 6475 N. Decatur Boulevard #160, +1 (702) 836-ENVY
-81.69479, 30.23534, Massage Envy - Ortega #0130, USA-(FL) Jacksonville, 6331 Roosevelt Boulevard Suite 8, +1 (904) 224-5405
-76.53739, 38.97812, Massage Envy Spa - Annapolis #0812, USA-(MD) Annapolis, 2327 B Forest Drive, +1 (410) 224-4184
-122.22315, 37.49181, Massage Envy Spa - Redwood City #0253, USA-(CA) Redwood City, 326 Walnut St, +1 (650) 569-ENVY
-122.74787, 45.38274, Massage Envy - Tualatin #0346, USA-(OR) Tualatin, 7005 SW Nyberg Street, +1 (503) 783-2345
-111.93880, 40.62599, Massage Envy - West Jordan #0308, USA-(UT) West Jordan, 6884 South Redwood, +1 (801) 495-4490
-112.27461, 33.71288, Massage Envy Spa - Lake Pleasant #0322, USA-(AZ) Peoria, 10006 W. Happy Valley Rd. #1240, +1 (623) 537-ENVY
-98.66197, 29.55053, Massage Envy - Bandera Oaks #0202, USA-(TX) San Antonio, 11398 Bandera Road Suite 301, +1 (210) 682-ENVY
-116.38856, 33.75705, Massage Envy Spa - Palm Desert #0072, USA-(CA) Palm Desert, 73111 Country Club Drive Suite B1, +1 (760) 779-1954
-117.81115, 34.00149, Massage Envy Spa - Diamond Bar#882, USA-(CA) Diamond Bar, 1195 S. Diamond Bar Blvd Ste. B, +1 (909) 718-9879
-74.92852, 39.89470, Massage Envy - Marlton Crossing #0484, USA-(NJ) Marlton, 153 Route 73 South, +1 (856) 983-8333
-93.15809, 44.83738, Massage Envy - Eagan #0459, USA-(MN) Eagan, 3250 Denmark Avenue #108, +1 (651) 452-9300
-119.24869, 34.26850, Massage Envy Spa - Ventura #0412, USA-(CA) Ventura, 103 S. Mills Rd. Suite 102, +1 (805) 644-ENVY
-78.70533, 35.82562, Massage Envy Spa - Olde Raleigh Village #548, USA-(NC) Raleigh, 3201 Edwards Mill Road Ste. 143-145, +1 (919) 787-1114
-81.32775, 28.60055, Massage Envy Spa - Winter Park #0499, USA-(FL) Winter Park, 1919 Aloma Avenue, +1 (407) 875-ENVY
-93.06156, 45.05240, Massage Envy - Vadnais Heights #0051, USA-(MN) Vadnais Heights, 925 East County Road E Suite 160, +1 (651) 203-1015
-72.88094, 41.82169, Massage Envy - Canton #0785, USA-(CT) Canton, 110 Albany Turnpike, +1 (860)693-8000
-88.10203, 41.93893, Massage Envy Spa - Bloomingdale #0457, USA-(IL) Bloomingdale, 342 W Army Trail #120, +1 (630) 295-5600
-119.86482, 39.53354, Massage Envy Spa - NW Reno - Ridgeview Plaza #0382, USA-(NV) Reno, 5110 Mae Anne Avenue, +1 (775) 825-3689
-97.14800, 32.89101, Massage Envy - Colleyville #0200, USA-(TX) Colleyville, 5615 Colleyville Blvd Suite 470, +1 (817) 427-ENVY
-80.42552, 25.76048, Massage Envy Spa - Tamiami #0310, USA-(FL) Miami, 14200 SW 8th St., +1 (305) 222-1984
-111.92620, 33.65702, Massage Envy Spa - Scottsdale 101 #0013, USA-(AZ) Phoenix, 7000 E Mayo Blvd Building 8 Suite 1052, +1 (480) 502-8787
-80.14524, 25.96729, Massage Envy - Aventura #0269, USA-(FL) Aventura, 20633 Biscayne Boulevard, +1 (305) 935-1771
-97.87898, 30.20299, Massage Envy - Circle C #0144, USA-(TX) Austin, 9600 Escarpment Blvd. Suite 860, +1 (512) 288-ENVY
-90.56573, 38.64416, Massage Envy Spa - Chesterfield #0064, USA-(MO) Chesterfield, 1694 Clarkson Road, +1 (636) 532-7733
-90.33301, 38.62262, Massage Envy - Maplewood/Brentwood #0056, USA-(MO) Maplewood, 1811 Maplewood Commons Dr., +1 (314) 646-8484
-96.64360, 33.17466, Massage Envy - Eldorado Parkway #0201, USA-(TX) McKinney, 2890 Craig Dr. Suite #120, +1 (214) 544-ENVY
-88.33579, 42.14961, Massage Envy - Algonquin #0293, USA-(IL) Algonquin, 1543 Randall Rd., +1 (847) 658-1155
-112.11078, 33.71299, Massage Envy Spa - North Phoenix #0078, USA-(AZ) Phoenix, 2330 W Happy Valley Rd. Ste 1021, +1 (623) 780-ENVY
-75.28373, 40.11533, Massage Envy Spa - Plymouth Meeting #912, USA-(PA) Plymouth Meeting, 500 Germantown Pike Suite 1565, +1 (484) 342-8888
-82.34918, 34.86657, Massage Envy Spa - Pelham Hills #0598, USA-(SC) Greenville, 3714 Pelham Road, +1 (864) 288-1150
-122.45640, 38.29258, Massage Envy Spa - Sonoma #0165, USA-(CA) Sonoma, 452 First St. E. Sonoma, +1 (707) 938-7404
-81.54903, 30.14072, Massage Envy - Bartram Park #0029, USA-(FL) Jacksonville, 13820 St. Augustine Road Suite 157, +1 (904) 262-5585
-86.15651, 39.63032, Massage Envy Spa - Greenwood #869, USA-(IN) Greenwood, 1001 N. SR 135 Suite B8-B10, +1 (317) 300-2300
-90.19608, 32.35591, Massage Envy Spa - Maywood #836, USA-(MS) Jackson, 1220 Northside Drive, +1 (601) 709-4300
-104.75503, 38.96532, Massage Envy - Briargate #0189, USA-(CO) Colorado Springs, 9235 N. Union Blvd. Suite 120, +1 (719) 623-1750
-88.11328, 41.74993, Massage Envy - Naperville East #0268, USA-(IL) Naperville, 1212 S Naper Blvd Suite 106, +1 (630) 718-3700
-78.81656, 35.80670, Massage Envy Spa - Preston Park West #0768 (Coming Soon), USA-(NC) Morrisville, 1001 Market Center Dr., +1 (919) 469-ENVY
-81.95711, 41.46244, Massage Envy - Westlake -OH #0642, USA-(OH) Westlake, 30307 Detroit Road, +1 (440) 808-8000
-84.17161, 34.09672, Massage Envy - Johns Creek #0240, USA-(GA) Suwanee, 2627 Peachtree Parkway Suite 420, +1 (678) 208-0680
-77.09823, 38.98046, Massage Envy - Bethesda #0502, USA-(MD) Bethesda, 7033 Arlington Rd, +1 (301) 652-8877
-105.07443, 39.70926, Massage Envy Spa - Lakewood #0424, USA-(CO) Lakewood, 7033 W. Alaska Drive, +1 (303) 922-ENVY
-93.20031, 44.73253, Massage Envy - Apple Valley #0465, USA-(MN) Apple Valley, 14949 Florence Trail Suite 200, +1 (952) 432-3900
-71.19343, 42.48549, Massage Envy Spa - Burlington #0669, USA-(MA) Burlington, 2 Wayside Road, +1 (781) 270-5555
-83.13453, 42.69557, Massage Envy Spa - Rochester Hills #0461, USA-(MI) Rochester Hills, 6842 N. Rochester Rd., +1 (248) 652-2368
-122.32114, 47.62222, Massage Envy - Capitol Hill #0134, USA-(WA) Seattle, 401 Broadway E Suite 204, +1 (206) 624-ENVY
-115.25784, 36.26497, Massage Envy Spa - Centennial Gateway #0246, USA-(NV) Las Vegas, 5643 Centennial Center Blvd. Suite 135, +1 (702) 228-ENVY
-90.19640, 32.33322, Massage Envy Spa - Flowood #0835, USA-(MS) Flowood, 149 Market Street, +1 (601) 709-ENVY
-80.06017, 26.84716, Massage Envy Spa - PGA #0176, USA-(FL) North Palm Beach, 11686 US 1 Suite 40-A, +1 (561) 624-3444
-84.59146, 33.44122, Massage Envy - Peachtree City #0428, USA-(GA) Peachtree City, 1215 Peachtree Parkway, +1 (678) 216-1000
-85.51599, 38.24326, Massage Envy Spa - Middletown #0388, USA-(KY) Louisville, 12911 Shelbyville Road Suite 109, +1 (502) 253-2980
-118.60185, 34.16839, Massage Envy Spa - Woodland Hills #0426, USA-(CA) Woodland Hills, 21767 Ventura Blvd, +1 (818) 456-1900
-122.16463, 47.53918, Massage Envy Spa - Newcastle #0018, USA-(WA) Newcastle, 6920 Coal Creek Parkway SE, +1 (425) 957-7979
-97.81526, 30.53033, Massage Envy - Cedar Park #0338, USA-(TX) Cedar Park, 1335 E. Whitestone Blvd. Suite E300, +1 (512) 337-0000
-77.37143, 38.85924, Massage Envy Spa - East Market at Fair Lakes #0551, USA-(VA) Fairfax, 12595 Fair Lakes Cr, +1 (703) 322-9797
-105.09043, 39.61884, Massage Envy Spa - Southwest Plaza #0340, USA-(CO) Lakewood, 5392 S. Wadsworth Suite 102, +1 (303) 243-3031
-98.51141, 29.62065, Massage Envy - Blanco Pointe #0142, USA-(TX) San Antonio, 19178 Blanco Road Suite 101, +1 (210) 490-ENVY
-79.81951, 32.82317, Massage Envy - Mount Pleasant #0255, USA-(SC) Mount Pleasant, 1948 Long Grove Drive Suite 4, +1 (843) 849-7377
-111.81853, 40.38427, Massage Envy - American Fork #0136, USA-(UT) American Fork, 356 North 750 West Suite D-5, +1 (801) 763-1351
-76.93529, 39.21066, Massage Envy Spa - River Hill #0398, USA-(MD) Clarksville, 6030 Daybreak Circle Suite 100, +1 (410) 531-0711
-82.52972, 27.32183, Massage Envy Spa - Sarasota-Midtown #0641, USA-(FL) Sarasota, 1279 South Tamiami Trail, +1 (941) 308-7600
-95.24429, 30.05095, Massage Envy Spa - Kingwood #0132, USA-(TX) Kingwood, 724-B Kingwood Dr, +1 (281) 312-6377
-111.87472, 33.62025, Massage Envy Spa - Thompson Peak & FLW #0804, USA-(AZ) Scottsdale, 14838 N Frank Lloyd Wright Blvd, +1 (480) 314-2582
-119.82532, 34.44173, Massage Envy Spa - Goleta #0254, USA-(CA) Goleta, 5748 Calle Real, +1 (805) 683-5700
-122.32708, 47.70755, Massage Envy Spa - Northgate Mall #0204, USA-(WA) Seattle, 401 NE Northgate Way, +1 (206) 368-3680
-96.68137, 33.10197, Massage Envy - Allen #0070, USA-(TX) Allen, 816 W. McDermott Dr. Suite 340, +1 (972) 747-7511
-73.80936, 41.00879, Massage Envy Spa - Central Park Avenue #906, USA-(NY) Scarsdale, 365 Central Park Avenue, +1 (914) 422-ENVY
-92.29704, 38.94676, Massage Envy - Columbia #0126, USA-(MO) Columbia, 2703 E. Broadway Suite 131, +1 (573) 446-3689
-74.09824, 40.66118, Massage Envy Spa - Bayonne Spa #932, USA-(NJ) Bayonne, 211 Lefante Way, +1 (201) 243-1777
-80.70434, 35.12749, Massage Envy Spa - Matthews-Mint Hill #888, USA-(NC) Matthews, 2113 Matthews Township Parkway Suite 33, +1 (704) 846-3689
-74.32997, 40.65259, Massage Envy Spa - Garwood #0101, USA-(NJ) Garwood, 518 North Avenue, +1 (908) 233-4442
-75.12323, 40.10637, Massage Envy - Jenkintown #543, USA-(PA) Jenkintown, 1647 The Fairway, +1 (215) 887-0100
-118.07320, 34.15023, Massage Envy Spa - Pasadena-Hasting's Ranch #0790, USA-(CA) Pasadena, 3707 East Foothill Blvd, +1 (626) 351-9100
-118.25526, 34.15119, Massage Envy Spa - Glendale #0048, USA-(CA) Glendale, 333 North Brand Boulevard, +1 (818) 246-ENVY
-119.71507, 39.57758, Massage Envy - Reno - Sparks Galleria #0365, USA-(NV) Spanish Springs, 155 Disc Drive #109, +1 (775) 857-ENVY
-74.54668, 40.90557, Massage Envy - Rockaway #0222, USA-(NJ) Rockaway, 343 Mount Hope Ave., +1 (973) 366-7077
-90.13103, 29.98817, Massage Envy Spa - Old Metairie #0366, USA-(LA) Metairie, 701 Metairie Road, +1 (504) 832-0007
-122.02718, 37.36369, Massage Envy - Sunnyvale #0671, USA-(CA) Sunnyvale, 413 E. El Camino Real, +1 (408) 737-9888
-71.01732, 42.48819, Massage Envy Spa - Saugus #0815, USA-(MA) Saugus, 358 Broadway, +1 (339) 600-9000
-77.60681, 38.79129, Massage Envy Spa - Gainesville #0549, USA-(VA) Gainesville, 5123 Wellington Road, +1 (703) 753-6024
-88.04848, 43.06837, Massage Envy Spa - Mayfair #878, USA-(WI) Wauwatosa, 2751 N. Mayfair Road, +1 (414) 479-9000
-121.89411, 36.59679, Massage Envy - Monterey #0574, USA-(CA) Monterey, 570 Munras Avenue Suite 50, +1 (831) 373-ENVY
-122.06103, 37.94665, Massage Envy - Pleasant Hill #0297, USA-(CA) Pleasant Hill, 20 Crescent Dr. Suite A, +1 (925) 689-ENVY
-121.12235, 38.69017, Massage Envy Spa - Folsom #0080, USA-(CA) Folsom, 25055 Blue Ravine Road, +1 (916) 985-6100
-85.30500, 35.06189, Massage Envy Spa - Frazier #864, USA-(TN) Chattanooga, 345 Frazier Suite 108, +1 (423) 757-2900
-121.89743, 37.43279, Massage Envy - Milpitas #0593, USA-(CA) Milpitas, 581 E. Calaveras Blvd., +1 (408) 586-8888
-97.38780, 32.70712, Massage Envy - Fort Worth Hulen #0210, USA-(TX) Fort Worth, 3000 S. Hulen Suite 153, +1 (817) 732-7200
-117.21418, 32.86870, Massage Envy Spa - UTC #0396, USA-(CA) San Diego, 8650 Genesee Ave. Suite 100, +1 (858) 535-1555
-75.22335, 40.20887, Massage Envy Spa - North Wales #0778, USA-(PA) North Wales, 1460 Bethlehem Pike Suite 230b, +1 (267) 708-1090
-84.41266, 33.80333, ME SPA- Howell Mill #0805 (Coming Soon), USA-(GA) Atlanta, 1801 Howell Mill Road, +1 (404) 352-3330
-71.18504, 42.42448, Massage Envy - Arlington Heights #0715, USA-(MA) Arlington, 1398 Massachusetts Ave, +1 (781) 641-ENVY
-117.17488, 33.68296, Massage Envy Spa - Menifee #0920, USA-(CA) Menifee, 30134 Haun Road Suite 430, +1 (951) 821-3222
-91.12913, 30.42362, Massage Envy Spa - CitiPlace #0378, USA-(LA) Baton Rouge, 2561 Citiplace Ct Suite 600, +1 (225) 922-7000
-111.85375, 40.72220, Massage Envy - Sugar House #0186, USA-(UT) Salt Lake City, 2236 South 1300 East, +1 (801) 484-0223
-93.32746, 44.87450, Massage Envy Spa - Edina #0358, USA-(MN) Edina, 7101 France Avenue South, +1 (952) 955-8228
-80.84689, 35.17203, Massage Envy Spa - South Park #0066, USA-(NC) Charlotte, 1730 East Woodlawn Road Suite A, +1 (704) 525-4800
-97.75480, 30.33877, Massage Envy - Mopac at 2222 #0421@2, USA-(TX) Austin, 5770 Mopac Expressway North Suite 300, +1 (512) 735-2000
-70.99699, 42.24424, Massage Envy Spa - Quincy Avenue #0847, USA-(MA) Quincy, 70 Quincy Ave., +1 (617) 479-ENVY
-118.45274, 34.15124, Massage Envy Spa - Sherman Oaks #0332, USA-(CA) Sherman Oaks, 14652 Ventura Boulevard Suite 100, +1 (818) 986-ENVY
-121.96517, 38.36276, Massage Envy Spa - Vacaville #0197, USA-(CA) Vacaville, 196 Nut Tree Parkway Suite C, +1 (707) 446-4600
-93.23338, 45.15734, Massage Envy Spa - Blaine #0129, USA-(MN) Blaine, 10450 Baltimore Street NE, +1 (763) 780-ENVY
-118.39953, 33.86325, Massage Envy Spa - Hermosa Beach #0488, USA-(CA) Hermosa Beach, 1301 Manhattan Ave Suite C, +1 (310) 318-ENVY
-76.55019, 39.08211, Massage Envy Spa - Severna Park #0580, USA-(MD) Severna Park, 484 Ritchie Highway Ste. D, +1 (410) 544-3800
-71.12871, 42.34724, Massage Envy Spa - Brookline #861, USA-(MA) Brookline, 481 Harvard Street, +1 (617) 277-5600
-111.53898, 40.72159, Massage Envy - Park City #0440, USA-(UT) Park City, 1476 Newpark Blvd. Suite 70, +1 (435) 658-3322
-122.51130, 37.87194, Massage Envy - Sausalito #0137, USA-(CA) Sausalito, 160 Donahue Street Suite I, +1 (415) 339-9003
-92.46179, 43.98369, Massage Envy - Rochester #0634, USA-(MN) Rochester, 2550 S. Broadway Suite 200, +1 (507) 289-ENVY
-80.36631, 26.10312, Massage Envy - Weston #0309, USA-(FL) Weston, 1364 Weston Road, +1 (954) 660-ENVY
-89.72213, 35.02259, Massage Envy Spa - Collierville #0120, USA-(TN) Collierville, 4610 Merchants Park Circle Suite 511, +1 (901) 854-8255
-80.09015, 26.53708, Massage Envy - Boynton Beach #0279, USA-(FL) Boynton Beach, 1000 N. Congress Suite 140, +1 (561) 374-7979
-122.30913, 38.31906, Massage Envy Spa - Napa #0295, USA-(CA) Napa, 3365 Solano Avenue, +1 (707) 255-8000
-73.31346, 40.84050, Massage Envy Spa - Commack #0660, USA-(NY) Commack, 5001 Jericho Turnpike, +1 (631) 499-ENVY
-122.07429, 37.37886, Massage Envy - Mountain View #0172, USA-(CA) Mountain View, 1040 Grant Road Suite 110, +1 (650) 961-ENVY
-82.29813, 34.67835, Massage Envy Spa - Simpsonville #0696, USA-(SC) Simpsonville, 355 Harrison Bridge Rd., +1 (864) 622-ENVY
-111.88949, 40.63362, Massage Envy - Fashion Plaza #0083, USA-(UT) Murray, 6352 South State Street, +1 (801) 281-3689
-81.38766, 30.25872, Massage Envy Spa - Jacksonville Beach #0721, USA-(FL) Jacksonville Beach, 3940 S. Third Street, +1 (904) 746-4440
-117.07534, 33.01860, Massage Envy Spa - Rancho Bernardo #0418, USA-(CA) San Diego, 16779 Bernardo Center Drive Suite D2, +1 (858) 451-5700
-94.76157, 38.88656, Massage Envy Spa - South Olathe #0602, USA-(KS) Olathe, 15032 South Black Bob Road, +1 (913) 390-6400
-121.06791, 38.65159, Massage Envy - El Dorado Hills #0248, USA-(CA) El Dorado Hills, 4510 Post Street Suite 340, +1 (916) 941-6850
-106.26726, 31.76003, Massage Envy Spa - Joe Battle #0627, USA-(TX) El Paso, 1886 Joe Battle, +1 (915) 857-ENVY
-86.42743, 30.38761, Massage Envy Spa - Destin #941, USA-(FL) Destin, 34904 Emerald Coast Pkwy Suite 132, +1 (850) 650-8500
-81.37880, 28.51522, Massage Envy Spa - Downtown/SODO #0724, USA-(FL) Orlando, 45 W. Crystal Lake St. Suite 193, +1 (407)841-ENVY
-71.06932, 42.05769, Massage Envy Spa - Easton-Brockton #831, USA-(MA) Brockton, 1309 Belmont Street, +1 (508) 580-ENVY
-80.85771, 35.34885, Massage Envy Spa - Northlake #0570, USA-(NC) Charlotte, 9821 Northlake Centre Parkway, +1 (704) 596-7800
-116.98174, 32.83875, Massage Envy Spa - Santee #0453, USA-(CA) Santee, 9824 Mission Gorge Road Suite D, +1 (619) 448-ENVY
-110.89135, 32.30851, Massage Envy - Tucson Foothills #0319, USA-(AZ) Tucson, 4749 E. Sunrise Dr Suite #103, +1 (520) 577-ENVY x 2
-94.75811, 38.91267, Massage Envy - Olathe #0258, USA-(KS) Olathe, 14913 W. 119th St., +1 (913) 747-3689
-122.93114, 47.04454, Massage Envy - Olympia #0468, USA-(WA) Olympia, 2325 4th Avenue West Suite 106, +1 (360) 705-ENVY
-83.09737, 40.15876, Massage Envy Spa - Powell #0384, USA-(OH) Powell, 3988 Powell Road, +1 (614) 734-ENVY
-73.61399, 40.73110, Massage Envy Spa - Garden City #0840, USA-(NY) Garden City, 650 Stewart Avenue, +1 (516) 227-3689
-117.77222, 33.72238, Massage Envy Spa - Irvine Northpark Plaza #0158, USA-(CA) Irvine, 3965 Irvine Boulevard, +1 (714) 597-6500
-87.85294, 41.61230, Massage Envy Spa - Orland Park #0299, USA-(IL) Orland Park, 15159 S. LaGrange Road Suite 200, +1 (708) 675-1555
-111.60169, 33.37871, Massage Envy Spa - Superstition Gateway #0289, USA-(AZ) Mesa, 1946 South Signal Butte Road Suite 103, +1 (480) 986-3689
-106.65714, 35.20715, Massage Envy Spa - Cottonwood #0335, USA-(NM) Albuquerque, 10420 Coors Bypass NW Suite 104, +1 (505) 922-0202
-96.56178, 32.90819, Massage Envy Spa - Rowlett Crossing #0205, USA-(TX) Rowlett, 4301 Lakeview Parkway Suite 600, +1 (972) 463-0101
-94.15277, 36.28422, Massage Envy - Pleasant Grove #0480, USA-(AR) Rogers, 2603 W. Pleasant Grove Road Suite 114, +1 (479) 633-8340
-111.68801, 33.45191, Massage Envy Spa - Mesa #0004, USA-(AZ) Mesa, 6626 E McKellips Rd Suite 105, +1 (480) 889-0761
-97.37596, 27.70975, Massage Envy Spa - Corpus Christi #933, USA-(TX) Corpus Christi, 5425 South Padre Island Dr. #165, +1 (361) 992-ENVY
-80.19354, 25.81023, Massage Envy Spa - Midtown Miami #876, USA-(FL) Miami, 3401 N. Miami Ave Suite 107, +1 (305) 438-1101
-115.29036, 36.15950, Massage Envy Spa - Boca Park #0523, USA-(NV) Las Vegas, 8950 W Charleston Boulevard Suite # 7, +1 (702) 212-ENVY
-117.15702, 33.55515, Massage Envy Spa - Murrieta #0058, USA-(CA) Murrieta, 39400 Murrieta Hot Springs Road Suite 114B, +1 (951) 698-2888
-96.99225, 32.96892, Massage Envy - Coppell #0039, USA-(TX) Coppell, 120 S. Denton Tap Road Suite 303, +1 (972) 956-5999
-92.71894, 44.95910, Massage Envy - Hudson #0276, USA-(WI) Hudson, 1007 Pearson Dr, +1 (715) 377-1444
-92.34104, 34.75314, Massage Envy Spa - Midtowne Little Rock #0842, USA-(AR) Little Rock, 209 N University Ave. Suite 200, +1 (501) 492-7721
-97.54639, 35.53736, Massage Envy - Quail Springs #0746, USA-(OK) Oklahoma City, 13801 North Penn Suite C, +1 (405) 418-4393
-78.88348, 35.74494, Massage Envy Spa - Apex Beaver Creek #0439, USA-(NC) Apex, 1473 Beaver Creek Commons Drive, +1 (919) 303-ENVY
-95.46598, 30.16388, Massage Envy Spa - The Woodlands - Market Street #0124, USA-(TX) The Woodlands, 9595 Six Pines Drive Suite 1430, +1 (281) 466-4645
-83.98474, 34.07531, Massage Envy Spa - Mall of Georgia #0349, USA-(GA) Buford, 3420 Buford Drive Suite E-770, +1 (678) 541-6868
-80.85079, 35.05306, Massage Envy Spa - Ballantyne #0166, USA-(NC) Charlotte, 14835 Ballantyne Village Way Suite 160, +1 (704) 369-5220
-71.39733, 42.29921, Massage Envy Spa - Framingham-Natick#903, USA-(MA) Framingham, 85 Worcester Road, +1 (508) 879-ENVY
-84.16120, 35.89968, Massage Envy - Turkey Creek #0802, USA-(TN) Farragut, 11669 Parkside Drive, +1 (865) 218-ENVY
-96.70277, 32.83294, Massage Envy Spa - Casa Linda #0684, USA-(TX) Dallas, 9440 Garland Road Suite 174, +1 (972) 993-3333
-96.47278, 32.88970, Massage Envy Spa - Rockwall #0164, USA-(TX) Rockwall, 2931 Ridge Road Suite 111, +1 (972) 722-9595
-74.30849, 40.24086, Massage Envy Spa - Freehold #0219, USA-(NJ) Freehold, 57 Village Center Dr., +1 (732) 845-3300
-97.67846, 30.49151, Massage Envy Spa - South Round Rock #0140, USA-(TX) Round Rock, 3107 S. IH-35 Suite 790, +1 (512) 244-3689
-97.67203, 30.40552, Massage Envy - North Austin Pflugerville #0337, USA-(TX) Austin, 500 Canyon Ridge Drive Suite B-300, +1 (512) 837-ENVY
-78.97112, 35.05362, Massage Envy Spa - Fayetteville #0496, USA-(NC) Fayetteville, 2043 Skibo Road #101, +1 (910) 864-1500
-90.40423, 38.54752, Massage Envy - Sunset Hills #0118, USA-(MO) Sunset Hills, 3880 Lindbergh Blvd Suite 301, +1 (314) 849-5100
-122.03429, 37.32281, Massage Envy Spa - Cupertino #0244, USA-(CA) Cupertino, 20640 Stevens Creek Boulevard, +1 (408) 255-ENVY
-111.89226, 40.88924, Massage Envy - Bountiful #0149, USA-(UT) Bountiful, 24 South 500 West Suite B, +1 (801) 295-0290
-83.62297, 41.67736, Massage Envy - Toledo #0654, USA-(OH) Toledo, 3305 West Central Ave. Suite A2-40, +1 (419) 535-ENVY
-97.31285, 32.91327, Massage Envy Spa - Alliance Town Center #0446, USA-(TX) Fort Worth, 3100 Texas Sage Trail, +1 (817) 337-7300
-112.09532, 33.50962, Massage Envy - Camelback #0020, USA-(AZ) Phoenix, 1660 E. Camelback Suite #195, +1 (602) 222-ENVY
-77.89397, 34.13913, Massage Envy - Monkey Junction #0729, USA-(NC) Wilmington, 5541 Carolina Beach Rd. Suite 130, +1 (910) 794-5252
-90.52268, 38.59320, Massage Envy Spa - Manchester #0027, USA-(MO) Manchester, 14523A Manchester Rd, +1 (636) 227-7711
-116.35452, 43.61568, Massage Envy Spa - Meridian #0302, USA-(ID) Meridian, 1180 North Eagle Road, +1 (208) 343-ENVY
-73.54820, 41.10607, Massage Envy Spa - North Stamford #0854, USA-(CT) Stamford, 1014 High Ridge Road, +1 (203) 322-7000
-96.80219, 32.98421, Massage Envy - Campbell at Preston #0135, USA-(TX) Dallas, 17194 Preston Road, +1 (972) 818-3689
-82.70903, 28.01270, Massage Envy - Clearwater #0507, USA-(FL) Clearwater, 2516-B N. McMullen Booth Rd., +1 (727) 799-ENVY
-122.67204, 45.47617, Massage Envy Spa - Johns Landing #0658, USA-(OR) Portland, 6645 SW Macadam Avenue Suite D, +1 (503) 246-2446
-97.10950, 32.68047, Massage Envy - Arlington Highlands #0212, USA-(TX) Arlington, 3900 Arlington Highlands Blvd. Suite 125, +1 (817) 465-3456
-117.33055, 33.88720, Massage Envy Spa - Riverside Orangecrest #0434, USA-(CA) Riverside, 19029 Van Buren Blvd. Suite 118, +1 (951) 789-0908
-80.08728, 26.35672, Massage Envy - Mission Bay #0402, USA-(FL) Boca Raton, 20423 S. State Road 7 Suite F-8, +1 (561) 477-3689
-121.28819, 38.78947, Massage Envy - Roseville #0038, USA-(CA) Roseville, 10441 Fairway Dr Suite 120, +1 (916) 784-3800
-86.32878, 39.76372, Massage Envy Spa - Avon #0781, USA-(IN) Avon, 10960 E. US 36, +1 (317) 271-9000
-90.34502, 38.65286, Massage Envy Spa - Clayton #0046, USA-(MO) Clayton, 8251 Maryland Avenue, +1 (314) 333-3368
-122.56243, 45.43346, Massage Envy - Clackamas #0367, USA-(OR) Clackamas, 9895 SE Sunny Side Road, +1 (503) 653-0400
-84.42712, 34.06742, Massage Envy Spa - Roswell West #0022, USA-(GA) Roswell, 4905 Alabama Road, +1 (770) 928-ENVY
-87.96472, 41.90255, Massage Envy Spa - Elmhurst #0471, USA-(IL) Elmhurst, 191 S. IL Route 83, +1 (630) 359-5056
-122.48426, 37.70023, Massage Envy Spa - Daly City #0663, USA-(CA) Daly City, 239 Lake Merced Blvd, +1 (650) 757-ENVY
-96.61274, 33.01819, Massage Envy - Murphy Marketplace #0344, USA-(TX) Murphy, 223 E. Farm Road 544 Suite 801, +1 (972) 354-8888
-77.39911, 39.44934, Massage Envy Spa - Frederick #0577, USA-(MD) Frederick, 7820 Wormans Mill Road Suite G, +1 (240) 397-2333
-94.63533, 38.91299, Massage Envy - Leawood-Camelot Court #0266, USA-(KS) Leawood, 4312 W 119th Street, +1 (913) 491-4440
-80.96930, 34.01875, Massage Envy - Forest Acres #0692, USA-(SC) Columbia, 4710 Forest Drive, +1 (803) 790-9000
-78.47917, 38.07774, Massage Envy Spa - Charlottesville #0693, USA-(VA) Charlottesville, 420 Shoppers World Court, +1 (434) 977-ENVY
-104.99697, 39.91407, Massage Envy Spa - Thornton #0153, USA-(CO) Thornton, 1181 E. 120th Avenue Unit B, +1 (303) 920-4200
-118.87151, 34.19558, Massage Envy Spa - Thousand Oaks CA #0303, USA-(CA) Thousand Oaks, 1348-A N. Moorpark Rd., +1 (805) 494-1448
-118.57225, 34.38736, Massage Envy Spa - Stevenson Ranch #0848, USA-(CA) Stevenson Ranch, 25636 The Old Road, +1 (661) 255-3689
-97.73257, 30.39061, Massage Envy - Arbor Walk #0143, USA-(TX) Austin, 10515 N. Mo-pac Express Way NB Suite 210 B, +1 (512) 834-ENVY
-71.21463, 42.30966, Massage Envy - Needham Street #0383, USA-(MA) Newton, 244 Needham Street, +1 (617) 964-6601
-74.49513, 40.61665, Massage Envy Spa - Warren #0239, USA-(NJ) Warren, 12 Mt Bethel Rd, +1 (908) 412 6200
-121.27225, 38.66275, Massage Envy Spa - Sunrise #0154, USA-(CA) Fair Oaks, 5319 Sunrise Blvd, +1 (916) 965-ENVY
-81.42771, 28.36751, Massage Envy Spa - Hunter's Creek #0744, USA-(FL) Orlando, 4101 Hunter's Park Lane Suite 404, +1 (407) 438-ENVY
-80.78083, 35.09834, Massage Envy - Arboretum-CLT #0168, USA-(NC) Charlotte, 8020 Providence Road Suite 100, +1 (704) 749-5000
-106.54556, 35.17567, Massage Envy - Ventura Place #0694, USA-(NM) Albuquerque, 8850 Holly Ave. NE Suite H, +1 (505) 797-ENVY
-77.52642, 39.09062, Massage Envy Spa - Leesburg #0553, USA-(VA) Leesburg, 1612 Village Market Blvd. Suite 100, +1 (571) 209-ENVY
-119.75262, 34.44035, Massage Envy Spa - Santa Barbara #0146, USA-(CA) Santa Barbara, 3951 State St., +1 (805) 681-5050
-116.27806, 33.70657, Massage Envy Spa - La Quinta #0261, USA-(CA) La Quinta, 79485 Highway 111 Suite 9, +1 (760) 771-2244
-116.49177, 33.81595, Massage Envy Spa - Palm Springs #0614, USA-(CA) Palm Springs, 5200 E Ramon Rd Suite H-11, +1 (760) 969-4800
-112.35597, 33.63858, Massage Envy Spa - Surprise #0370, USA-(AZ) Surprise, 13757 West Bell Road Suite 105, +1 (623) 544-3300
-96.73186, 33.12681, Massage Envy - Craig Ranch #0203, USA-(TX) McKinney, 8950 State Highway 121 Suite 340, +1 (972) 370-ENVY
-74.63316, 39.45107, Massage Envy - Mays Landing #0745, USA-(NJ) Mays Landing, 278 Consumer Square, +1 (609) 404-0200
-111.97461, 33.67861, Massage Envy Spa - Desert Ridge#0931, USA-(AZ) Phoenix, 21001 N. Tatum Boulevard Suite Z-1, +1 (480) 585-1855
-95.60205, 29.92446, Massage Envy - FM 1960 Eldridge #0034, USA-(TX) Houston, 12246 FM 1960 West Suite B, +1 (281) 894-0051
-86.01240, 39.95882, Massage Envy Spa - Fishers#879, USA-(IN) Fishers, 11680 Commercial Dr. #300-400, +1 (317) 577-4400
-122.62993, 38.25147, Massage Envy Spa - Petaluma #0399, USA-(CA) Petaluma, 247 N. McDowell, +1 (707) 763-6274
-84.37404, 33.84607, Massage Envy Spa - Buckhead #0030, USA-(GA) Atlanta, 3330 Piedmont Rd Suite 26, +1 (404) 869-ENVY
-122.03870, 37.91811, Massage Envy - Walnut Creek #0225, USA-(CA) Walnut Creek, 1815 Ygnacio Valley Rd, +1 (925) 478-3838
-121.30260, 44.10093, Massage Envy Spa - Bend #0431, USA-(OR) Bend, 63455 N Highway 97, +1 (541) 306-3445
-82.78478, 27.89472, Massage Envy Spa - Largo #0339, USA-(FL) Largo, 10609 Ulmerton Rd, +1 (727) 581-6500
-122.21372, 47.91229, Massage Envy Spa - Everett Mall #0422, USA-(WA) Everett, 1402 E. Everett Mall Way, +1 (425) 353-5000
-84.63849, 39.01369, Massage Envy - Florence #0751, USA-(KY) Florence, 4960 Houston Road Suite E, +1 (859) 647-1777
-96.14046, 41.28966, Massage Envy Spa - Maple #0187, USA-(NE) Omaha, 3525 North 147th Street Suite 206, +1 (402) 991-0711
-111.97781, 41.07969, Massage Envy - Layton #0190, USA-(UT) Layton, 519 Ring Road, +1 (801) 336-3330
-95.64688, 29.87974, Massage Envy - Copperfield #0106, USA-(TX) Houston, 7039 Highway 6 North, +1 (832) 593-6800
-71.07271, 42.35094, Massage Envy Spa - Back Bay Boston #0716, USA-(MA) Boston, 211 Berkeley St., +1 (857) 239-1111
-74.46705, 40.84401, Massage Envy - Morris Plains #0223, USA-(NJ) Morris Plains, 1711 State Route 10 East, +1 (973) 539-2900
-75.42795, 40.07291, Massage Envy Spa - Wayne-PA #0730, USA-(PA) Wayne, 283 E. Swedesford Road, +1 (484) 586-6000
-74.38476, 40.86278, Massage Envy Spa - Parsippany #0474, USA-(NJ) Parsippany, 1119 US Route 46 East, +1 (973) 335-4900
-77.51296, 38.30865, Massage Envy - Fredericksburg #0113, USA-(VA) Fredericksburg, 1927 Carl D. Silver Parkway, +1 (540) 548-0747
-96.76866, 32.85455, Massage Envy - Old Town #0037, USA-(TX) Dallas, 5500 Greenville Ave. Suite 404, +1 (214) 575-ENVY
-82.50230, 28.12665, Massage Envy - Lutz #0362, USA-(FL) Lutz, 17673 N. Dale Mabry Hwy, +1 (813) 868-5400
-77.18907, 38.89384, Massage Envy Spa - Falls Church #0563, USA-(VA) Falls Church, 1208-D West Broad St., +1 (703) 226-8999
-77.28082, 38.67636, Massage Envy Spa - Lake Ridge #0573, USA-(VA) Lake Ridge, 2219 Old Bridge Road, +1 (703) 497-5567
-82.52423, 35.50110, Massage Envy Spa - Asheville South #894 (Coming Soon), USA-(NC) Asheville, 1863 Hendersonville Road Suite 100, +1 (828) 274-7117
-122.69755, 38.32898, Massage Envy Spa - Cotati #0330, USA-(CA) Cotati, 640 E. Cotati Ave, +1 (707) 795-7700
-80.13587, 25.79221, Massage Envy Spa - South Miami Beach #0832 (Coming Soon), USA-(FL) Miami Beach, 767 17th St, +1 (305) 370-ENVY
-102.15702, 32.01096, Massage Envy Spa - Midland #0626, USA-(TX) Midland, 3208 N Loop 250 W Suite 900, +1 (432) 550-ENVY
-76.91151, 38.62729, Massage Envy Spa - Waldorf #0806, USA-(MD) Waldorf, 3031 Festival Way, +1 (301) 645-6697
-106.56371, 31.83870, Massage Envy Spa - El Paso West #0628, USA-(TX) El Paso, 7500 North Mesa Suite 207, +1 (915) 585-ENVY
-117.00755, 32.80296, Massage Envy Spa - San Carlos #0458, USA-(CA) San Diego, 8784 Navajo Road, +1 (619) 567-1880
-80.33418, 25.64340, Massage Envy Spa - The Falls #0377, USA-(FL) Palmetto Bay, 13605 S. Dixie Highway Suite 139, +1 (786) 430-4100
-93.35047, 45.19907, Massage Envy - Coon Rapids #0475, USA-(MN) Coon Rapids, 12580 Riverdale Boulevard Suite 103, +1 (763) 235-9000
-111.74411, 33.30031, Massage Envy Spa - Gilbert - San Tan #0075, USA-(AZ) Gilbert, 2765 S Market Street Suite 101, +1 (480) 855-9910
-88.12321, 43.03738, Massage Envy - Bluemound #0629, USA-(WI) Brookfield, 16900 West Bluemound Road, +1 (262) 641-5777
-117.58633, 34.07744, Massage Envy Spa - Ontario #0897, USA-(CA) Ontario, 4150 E. 4th Street Suite A, +1 (909) 294-2222
-121.39944, 38.42560, Massage Envy Spa - Laguna Gateway #0318, USA-(CA) Elk Grove, 9139 West Stockton Blvd. Suite 100, +1 (916) 683-ENVY
-95.57462, 29.57577, Massage Envy - Missouri City #0025, USA-(TX) Missouri City, 5201 Hwy 6 S., +1 (281) 208-4445
-80.29405, 27.16993, Massage Envy - Palm City #0173, USA-(FL) Palm City, 2927 SW High Meadows Ave, +1 (772) 287-1177
-74.01596, 41.09825, Massage Envy Spa - Nanuet #0830, USA-(NY) Nanuet, 8 Rockland Plaza, +1 (845) 623-3111
-82.48788, 27.26934, Massage Envy Spa - Sarasota South #0639, USA-(FL) Sarasota, 4037 Clark Rd., +1 (941) 927-6200
-93.32133, 44.94848, Massage Envy Spa - Minneapolis Calhoun #0476, USA-(MN) Minneapolis, 3254 West Lake Street, +1 (612) 455-9000
-83.36075, 42.54370, Massage Envy - West Bloomfield #0652, USA-(MI) West Bloomfield, 6335 B Orchard Lake Road, +1 (248) 851-ENVY
-83.12420, 40.09826, Massage Envy Spa - Dublin #0224, USA-(OH) Dublin, 357 West Bridge Street, +1 (614) 792-ENVY
-79.02440, 35.93676, Massage Envy - Eastgate #0569, USA-(NC) Chapel Hill, 1800 East Franklin Street Suite #2, +1 (919) 442-0500
-81.47778, 28.44895, Massage Envy - Dr. Phillips #0565, USA-(FL) Orlando, 8081 Turkey Lake Road Suite #100, +1 (407) 354-ENVY
-115.10151, 35.99467, Massage Envy Spa - Henderson - Anthem #0175, USA-(NV) Henderson, 10845 S. Eastern Avenue Ste. 100, +1 (702) 309-ENVY
-88.06579, 42.04999, Massage Envy Spa - Schaumburg #0351, USA-(IL) Schaumburg, 600 E Golf Rd, +1 (847) 843-ENVY
-76.84785, 38.92262, Massage Envy Spa - Bowie-Woodmore Towne Centre #868, USA-(MD) Landover, 9300 Woodmore Centre Drive Suite 501, +1 (301)364-3400
-82.50676, 27.93022, Massage Envy - South Tampa #0024, USA-(FL) Tampa, 3830 W. Neptune St. C-2, +1 (813) 251-3300
-78.66014, 35.79752, Massage Envy Spa - Oberlin #0737, USA-(NC) Raleigh, 1028 Oberlin Road, +1 (919) 838-5060
-78.69622, 42.96646, Massage Envy Spa - Main and Transit-Williamsville #859) Williamsville, USA-4375 Transit Road, +1 (716) 633-6300
-112.00313, 33.31753, Massage Envy Spa - Ahwatukee #0012, USA-(AZ) Phoenix, 3820 E Ray Rd Suite 16, +1 (480) 759-ENVY
-84.36658, 33.77701, Massage Envy Spa - Midtown #0632, USA-(GA) Atlanta, 650 Ponce De Leon Ave Suite 600A, +1 (404) 876-3689
-122.29161, 47.14888, Massage Envy - Puyallup #0053, USA-(WA) Puyallup, 4423 S Meridian Suite A721, +1 (253) 841-0808
-117.21704, 32.92079, Massage Envy Spa - Carmel Valley #0288, USA-(CA) San Diego, 11130 East Ocean Air Drive Suites C104 and 105, +1 (858) 259-ENVY
-88.34117, 41.89542, Massage Envy Spa - Geneva Commons #0315, USA-(IL) Geneva, 126 Commons Drive, +1 (630) 208-0100
-93.19106, 44.91784, Massage Envy Spa - Highland Village #738, USA-(MN) St. Paul, 2140 Ford Pkwy, +1 (651) 699-4522
-97.07924, 33.13187, Massage Envy Spa - Corinth #594, USA-(TX) Corinth, 4451 FM 2181 (Swisher Rd) Suite 130, +1 (940) 497-5777
-81.70637, 30.07008, Massage Envy Spa - Fleming Island #0786, USA-(FL) Fleming Island, 865 Hibernia Road Suite 103, +1 (904) 529-7170
-84.60622, 33.85169, Massage Envy - Austell #0656, USA-(GA) Austell, 4180 Austell Road Suite 120, +1 (678) 903-0300
-81.45143, 30.32164, Massage Envy Spa - Harbour Village #0182, USA-(FL) Jacksonville, 13475 Atlantic Blvd Suite 18, +1 (904) 394-2500
-119.78369, 39.46426, Massage Envy - Reno - S. Virginia St. #0364, USA-(NV) Reno, 6795 S. Virginia Street Suite A, +1 (775) 853-8399
-87.79568, 41.54383, Massage Envy Spa - Tinley Park #0298, USA-(IL) Tinley Park, 7246 W. 191st St., +1 (815) 469-4400
-96.83740, 33.17494, Massage Envy Spa - Frisco North #0546, USA-(TX) Frisco, 5105 Eldorado Parkway Suite 100, +1 (972) 370-ENVY
-117.77826, 34.11767, Massage Envy Spa - La Verne #0324, USA-(CA) La Verne, 1369-A Foothill Boulevard, +1 (909) 596-ENVY
-105.05096, 40.52519, Massage Envy - Fort Collins #0191, USA-(CO) Fort Collins, 1514 E. Harmony Road Suite 2B, +1 (970) 488-ENVY
-81.90791, 26.50581, Massage Envy Spa - Summerlin Crossing #0095, USA-(FL) Fort Myers, 15880 Summerlin Rd., +1 (239) 333-3689
-81.98930, 34.93434, Massage Envy Spa - Spartanburg #0695 SPA, USA-(SC) Spartanburg, 117 East Blackstock Road, +1 (864) 576-2555
-111.85831, 33.23293, Massage Envy Spa - Fulton Ranch #0141, USA-(AZ) Chandler, 4985 S Alma School Rd Suite 1, +1 (480) 802-1919
-121.50970, 38.64724, Massage Envy - Sacramento - Natomas #0199, USA-(CA) Sacramento, 2051 Arena Blvd. Suite 100, +1 (916) 568-6252
-96.79081, 33.04279, Massage Envy - Plano #0087, USA-(TX) Plano, 4709 Parker Road Suite 430, +1 (972) 964-0600
-121.97039, 37.77692, Massage Envy - San Ramon #0305, USA-(CA) San Ramon, 3191 Crow Canyon Place #K, +1 (925) 866-3838
-81.38374, 28.66397, Massage Envy Spa - Altamonte Springs #0229, USA-(FL) Altamonte Springs, 303 E. Altamonte Dr. Suite 1500, +1 (407) 339-ENVY
-96.80593, 33.10986, Massage Envy - Stonebriar #0061, USA-(TX) Frisco, 3685 Preston Rd. Suite 159, +1 (972) 370-ENVY
