-105.05302, 39.86623, Outback Steakhouse, USA-Westminster, 9329 N. Sheridan Blvd., +1 (303) 427-2714
-111.85306, 40.60958, Outback Steakhouse, USA-Sandy, 7770 S. 1300 E, +1 (801) 566-9394
-80.99007, 34.97775, Outback Steakhouse, USA-Rock Hill, 1319 River Run Court, +1 (803) 329-6283
-82.75371, 27.80922, Outback Steakhouse, USA-St. Petersburg, 4088 Park Street, +1 (727) 384-4329
-111.01606, 32.33736, Outback Steakhouse, USA-Tucson, 2240 W. Ina Road, +1 (520) 531-1231
-86.64806, 36.04720, Outback Steakhouse, USA-Antioch, 5385 Mt. View Road, +1 (615) 731-3837
-79.16473, 37.38586, Outback Steakhouse, USA-Lynchburg, 3121 Albert Lankford Dr, +1 (434) 847-3646
-88.10694, 43.01933, Outback Steakhouse, USA-Brookfield, 1260 S. Moorland Rd., +1 (262) 796-9580
-86.70357, 36.29075, Outback Steakhouse, USA-United States, 1560 Gallatin Pike N., +1 (615) 868-0477
-86.32405, 36.18311, Outback Steakhouse, USA-Lebanon, 1125 Franklin Rd., +1 (615) 444-7193
-104.81511, 38.93389, Outback Steakhouse, USA-Colorado Springs, 7065 Commerce Center Drive, +1 (719) 590-6283
-117.54825, 34.06994, Outback Steakhouse, USA-Ontario, 4492 Ontario Mills Pkwy, +1 (909) 484-2999
-118.14910, 34.61656, Outback Steakhouse, USA-Palmdale, 1061 W. Ave. P, +1 (661) 274-9607
-118.87448, 34.17915, Outback Steakhouse, USA-Thousand Oaks, 137 E. Thousand Oaks Blvd., +1 (805) 381-1590
-122.71493, 38.36886, Outback Steakhouse, USA-Rohnert Park, 4619 Redwood Drive, +1 (707) 584-7161
-86.68512, 33.41828, Outback Steakhouse, USA-Birmingham, 5231 Hwy. 280 S, +1 (205) 991-4418
-88.20123, 41.75483, Outback Steakhouse, USA-Naperville, 2855 W. Ogden Avenue, +1 (630) 778-6290
-91.63410, 42.01737, Outback Steakhouse, USA-Cedar Rapids, 3939 1st Ave. S.E, +1 (319) 366-6683
-86.80729, 33.40178, Outback Steakhouse, USA-Hoover, 1944 Hoover Ct., +1 (205) 979-7585
-157.71550, 21.28509, Outback Steakhouse, USA-Honolulu, 6650 Kalanianaole Hwy, +1 (808) 396-7576
-87.94258, 42.37832, Outback Steakhouse, USA-Gurnee, 5642 Northridge Drive, +1 (847) 599-1300
-84.64744, 42.74113, Outback Steakhouse, USA-Lansing, 707 Brookside, +1 (517) 321-3100
-122.58209, 45.65655, Outback Steakhouse, USA-United States, 8700 NE Vancouver Mall Dr. Ste.121, +1 (360) 883-0005
-74.47093, 40.60604, Outback Steakhouse, USA-Brook, 98 US Hwy. 22, +1 (732) 424-0555
-94.34526, 39.03807, Outback Steakhouse, USA-Independence, 20000 E. Valley View Pkwy., +1 (816) 795-6790
-77.66129, 37.40510, Outback Steakhouse, USA-Midlothian, 6821 Chital Dr, +1 (804) 739-9880
-95.46553, 30.29797, Outback Steakhouse, USA-United States, 808 Interstate 45 N, +1 (936) 760-4329
-82.83727, 39.95472, Outback Steakhouse, USA-Columbus, 6000 E. Main Street, +1 (614) 755-9926
-121.80212, 39.72730, Outback Steakhouse, USA-Chico, 1990 E. 20th Street, +1 (530) 899-8112
-81.51401, 41.31351, Outback Steakhouse, USA-United States, 8250 Macedonia Commons Blvd, +1 (330) 468-5032
-88.28953, 42.22593, Outback Steakhouse, USA-Crystal Lake, 4751 Northwest Hwy, +1 (815) 479-5161
-92.22029, 34.79569, Outback Steakhouse, USA-North Little Rock, 4401 Warden Road, +1 (501) 771-7799
-118.01049, 33.74869, Outback Steakhouse, USA-Westminster, 549 Westminster Mall, +1 (714) 890-0130
-122.76682, 45.38067, Outback Steakhouse, USA-United States, 8665 SW Tualatin-Sherwood Rd, +1 (503) 885-0410
-95.13265, 29.54570, Outback Steakhouse, USA-Webster, 481 W. Bay Area Blvd., +1 (281) 338-6283
-85.57725, 38.13047, Outback Steakhouse, USA-Louisville, 8101 Bardstown Rd, +1 (502) 231-2399
-75.10923, 38.33748, Outback Steakhouse, USA-Ocean City, 12741 Ocean Gateway, +1 (410) 213-2595
-73.87474, 40.73460, Outback Steakhouse, USA-Elmhurst, 32143 Queens Blvd, +1 (718) 760-7200
-117.90758, 34.10635, Outback Steakhouse, USA-United States, 1476 N. Azusa Ave., +1 (626) 812-0488
-92.01609, 30.19432, Outback Steakhouse, USA-United States, 1600 W. Pinhook Road, +1 (337) 235-4405
-77.41954, 38.47597, Outback Steakhouse, USA-Stafford, 308 Worth Ave.-Ste. 101, +1 (540) 288-2614
-86.32430, 39.76375, Outback Steakhouse, USA-Indianapolis, 9140 Rockville Rd., +1 (317) 209-8007
-73.64488, 40.61446, Outback Steakhouse, USA-Island Park, 3939 Long Beach Road, +1 (516) 897-8989
-80.02130, 32.79930, Outback Steakhouse, USA-Charleston, 1890 Sam Rittenberg Blvd., +1 (843) 763-8999
-77.36846, 38.96619, Outback Steakhouse, USA-United States, 150 Elden Street #100, +1 (703) 318-0999
-111.98405, 41.08260, Outback Steakhouse, USA-United States, 1664 N. 1200 W., +1 (801) 779-9394
-96.82351, 32.60560, Outback Steakhouse, USA-DeSoto, 1101 N. I-35 East, +1 (972) 228-8748
-85.57603, 38.30634, Outback Steakhouse, USA-Louisville, 9498 Brownsboro Rd., +1 (502)426-4329
-84.15437, 39.64383, Outback Steakhouse, USA-Centerville, 101 E. Alex Bell Road #124, +1 (937) 434-6522
-85.51131, 36.13789, Outback Steakhouse, USA-Cookeville, 1390 Interstate Drive, +1 (931) 372-2145
-78.41213, 40.46054, Outback Steakhouse, USA-Altoona, 100 Sheraton Dr., +1 (814) 941-0555
-75.12576, 40.09884, Outback Steakhouse, USA-Jenkintown, 610 Old York Road, +1 (215) 886-5120
-74.95878, 40.11658, Outback Steakhouse, USA-Bensalem, 3240 Tillman Drive, +1 (215) 633-8228
-110.88904, 32.25055, Outback Steakhouse, USA-Tucson, 4871 E. Grant Road, +1 (520) 323-8892
-74.39324, 40.86366, Outback Steakhouse, USA-Parsippany, 1300 Route 46W, +1 (973) 257-4888
-117.03167, 32.78142, Outback Steakhouse, USA-La Mesa, 5628 Lake Murray Blvd, +1 (619) 466-9795
-81.59817, 28.34119, Outback Steakhouse, USA-Hwy. Kissimmee, 7804 W. Irlo Bronson, +1 (407) 396-0017
-115.17763, 36.23949, Outback Steakhouse, USA-Las Vegas, 2625 Craig Road, +1 (702) 647-4152
-87.66995, 34.77250, Outback Steakhouse, USA-Sheffield, 4838 Hatch Ave, +1 (256) 383-0046
-93.73644, 32.41882, Outback Steakhouse, USA-Shreveport, 8825 Line Ave, +1 (318) 865-0036
-86.81897, 36.14362, Outback Steakhouse, USA-Nashville, 3212 West End Avenue, +1 (615) 385-3440
-84.52843, 37.98035, Outback Steakhouse, USA-Lexington, 4001 Nicholasville Road, +1 (859) 272-6283
-89.30712, 43.12750, Outback Steakhouse, USA-Madison, 4520 East Towne Blvd, +1 (608) 241-0851
-80.19341, 40.50420, Outback Steakhouse, USA-Moon Township, 1400 Marketplace Blvd., +1 (412) 809-0120
-77.76942, 39.62990, Outback Steakhouse, USA-Hagerstown, 240 Railway Lane, +1 (240) 420-6868
-81.80590, 26.34440, Outback Steakhouse, USA-Bonita Springs, 27230 Bay Landing Drive, +1 (239) 948-3575
-94.08379, 33.45702, Outback Steakhouse, USA-Texarkana, 3209 Mall Dr, +1 (903) 831-4252
-97.31784, 32.56351, Outback Steakhouse, USA-Burleson, 13265 South Freeway, +1 (817) 447-8216
-80.38418, 25.68776, Outback Steakhouse, USA-Kendall, 11800 Sherri Lane, +1 (305) 596-6771
-111.79038, 33.45171, Outback Steakhouse, USA-Mesa, 1860 E. McKellips Road, +1 (480) 615-7667
-117.06941, 32.65762, Outback Steakhouse, USA-National City, 2980 Plaza Bonita, +1 (619) 475-4329
-95.51464, 29.97887, Outback Steakhouse, USA-Houston, 5710 FM 1960 W, +1 (281) 580-4329
-74.13523, 40.05627, Outback Steakhouse, USA-Brick, 2770 Hooper Ave, +1 (732) 920-1222
-88.10163, 41.83277, Outback Steakhouse, USA-Wheaton, 50 E. Loop Road, +1 (630) 462-8850
-121.93167, 37.28933, Outback Steakhouse, USA-Campbell, 1887 S. Bascom Avenue, +1 (408) 371-5384
-87.68335, 30.38888, Outback Steakhouse, USA-United States, 1605 S. McKenzie St., +1 (251) 970-3880
-122.57910, 45.45426, Outback Steakhouse, USA-Portland, 9500 SE 82nd Ave., +1 (503) 775-8977
-121.89638, 37.41224, Outback Steakhouse, USA-Milpitas, 124 Great Mall Dr., +1 (408) 263-5400
-75.43027, 40.07323, Outback Steakhouse, USA-Wayne, 299 E. Swedesford (Gateway Shopping Center), +1 (610) 687-6023
-114.03929, 46.88723, Outback Steakhouse, USA-Missoula, 2415 N. Reserve, +1 (406) 327-6900
-115.10088, 36.11440, Outback Steakhouse, USA-Las Vegas, 4141 S. Pecos Road, +1 (702) 898-3801
-76.82861, 40.27812, Outback Steakhouse, USA-Harrisburg, 3527 Union Deposit Rd, +1 (717) 564-5082
-82.50551, 27.38871, Outback Steakhouse, USA-Road Sarasota, 6390 N. Lockwood Ridge, +1 (941) 351-3711
-89.58081, 37.30223, Outback Steakhouse, USA-Cape Girardeau, 101 Cape West Parkway, +1 (573) 335-6889
-156.42498, 20.76508, Outback Steakhouse, USA-Kihei Maui, 281 Pi ' ikea Ave, +1 (808) 879-8400
-93.27079, 45.13189, Outback Steakhouse, USA-Coon Rapids, 8880 Springbrook Drive, +1 (763) 792-9159
-81.45919, 28.49185, Outback Steakhouse, USA-Orlando, 4845 S. Kirkman Road, +1 (407) 292-5111
-82.44122, 35.33921, Outback Steakhouse, USA-Hendersonville, 250 Mitchelle Drive, +1 (828) 692-1109
-82.50406, 28.05426, Outback Steakhouse, USA-Tampa, 11618 N. Dale Mabry, +1 (813) 969-4329
-121.98553, 37.52512, Outback Steakhouse, USA-Fremont, 5525 Stevenson Blvd, +1 (510) 252-1595
-75.00319, 39.93894, Outback Steakhouse, USA-Cherry Hill, 230 Lake Drive E, +1 (856) 482-1350
-115.18895, 36.11546, Outback Steakhouse, USA-Las Vegas, 3685 W. Flamingo, +1 (702) 253-1020
-77.11688, 38.86738, Outback Steakhouse, USA-Arlington, 4821 North First Street, +1 (703) 527-0063
-94.21659, 45.55613, Outback Steakhouse, USA-Waite Park, 110 2nd Street S., +1 (320) 656-0943
-98.33064, 29.56367, Outback Steakhouse, USA-Selma, 8131 Agora Parkway, +1 (210) 945-8100
-81.72602, 28.00399, Outback Steakhouse, USA-Haven, 170 Cypress Gardens Blvd., +1 (863) 295-9800
-84.37920, 34.05686, Outback Steakhouse, USA-Roswell, 655 Crossville Rd, +1 (770) 998-5630
-84.60899, 33.85263, Outback Steakhouse, USA-Austell, 2345 East-West Connector, +1 (770) 943-8445
-119.05730, 35.35428, Outback Steakhouse, USA-Bakersfield, 5051 Stockdale Hwy, +1 (661) 834-7850
-81.64997, 41.39842, Outback Steakhouse, USA-Independence, 6100 Rockside Place, +1 (216) 520-3544
-90.34925, 38.78777, Outback Steakhouse, USA-Hazelwood, 7900 N. Lindbergh Blvd, +1 (314) 830-4200
-119.82264, 34.44118, Outback Steakhouse, USA-Goleta, 5690 Calle Real, +1 (805) 964-0599
-93.05846, 34.46431, Outback Steakhouse, USA-Hot Springs, 180 Pakis Street, +1 (501) 520-5800
-93.70205, 32.52310, Outback Steakhouse, USA-Bossier, 2715 Village Lane, +1 (318) 742-2400
-82.92902, 42.50927, Outback Steakhouse, USA-Roseville, 28850 Gratiot Avenue, +1 (586) 775-4329
-78.78338, 35.76201, Outback Steakhouse, USA-Cary, 1289 Kildaire Farm Road, +1 (919) 460-1770
-79.89994, 39.64909, Outback Steakhouse, USA-Morgantown, 510 Venture Dr, +1 (304) 296-2896
-90.56282, 38.59280, Outback Steakhouse, USA-Ellisville, 15412 Manchester Road, +1 (636) 256-4411
-80.26756, 26.14847, Outback Steakhouse, USA-Pine Island, 1823 B. N., +1 (954) 370-9956
-89.98640, 35.13378, Outback Steakhouse, USA-Memphis, 2255 Union Ave., +1 (901) 728-5100
-83.21626, 42.19889, Outback Steakhouse, USA-Southgate, 15765 Eureka Road, +1 (734) 285-2314
-84.25443, 33.96591, Outback Steakhouse, USA-Norcross, 4015 Holcomb Bridge Rd, +1 (770) 448-6447
-97.08903, 32.92387, Outback Steakhouse, USA-Grapevine, 1031 State Hwy. 114 W., +1 (817) 329-4949
-117.79810, 33.69421, Outback Steakhouse, USA-Irvine, 15433 Culver Drive, +1 (949) 651-8760
-74.24340, 40.96469, Outback Steakhouse, USA-Wayne, 191 Berdan Ave., +1 (973) 305-8383
-117.27140, 34.06588, Outback Steakhouse, USA-San Bernardino, 620 E. Hospitality Lane, +1 (909) 890-0061
-84.24614, 30.50026, Outback Steakhouse, USA-United States, 1820 Raymond Diehl Road, +1 (850) 385-1998
-86.06941, 39.91249, Outback Steakhouse, USA-Indianapolis, 5771 E. 86th Street, +1 (317) 842-6283
-87.29616, 36.58372, Outback Steakhouse, USA-Clarksville, 2790 Wilma Rudolph Blvd, +1 (931) 552-2900
-81.05819, 29.19643, Outback Steakhouse, USA-Daytona Beach, 1490 International Speedway, +1 (386) 253-6283
-117.51615, 33.88424, Outback Steakhouse, USA-Corona, 151 McKinley Street, +1 (951) 273-1336
-78.82235, 42.99712, Outback Steakhouse, USA-United States, 1551 Niagara Falls Blvd., +1 (716) 833-6067
-82.37663, 29.62314, Outback Steakhouse, USA-Gainesville, 3536 S.W. Archer Road, +1 (352) 373-9499
-77.39358, 37.25115, Outback Steakhouse, USA-Colonial Heights, 165 Southpark Cir, +1 (804) 520-4329
-97.42604, 37.68565, Outback Steakhouse, USA-Wichita, 233 S. Ridge Rd, +1 (316) 773-5900
-98.60035, 29.48280, Outback Steakhouse, USA-San Antonio, 5552 NW Loop 410, +1 (210) 509-4329
-81.80023, 26.20589, Outback Steakhouse, USA-Naples, 4910 Tamiami Trail N, +1 (239) 434-7100
-95.54835, 29.73711, Outback Steakhouse, USA-Houston, 10001 Westheimer Road- Suite 1010, +1 (713) 978-6283
-77.08157, 38.77041, Outback Steakhouse, USA-Alexandria, 6804 Richmond Hwy, +1 (703) 768-1063
-97.79280, 30.23592, Outback Steakhouse, USA-Austin, 4211 South Lamar Blvd, +1 (512) 383-8024
-78.81119, 42.78481, Outback Steakhouse, USA-Blasdell, S. 3670 McKinley Pkwy., +1 (716) 823-2020
-80.62176, 28.03735, Outback Steakhouse, USA-Palm Bay, 4651 N.E. Babcock Street, +1 (321) 722-0903
-80.02578, 40.57622, Outback Steakhouse, USA-Pittsburgh, 9395 McKnight Rd., +1 (412) 635-5255
-90.36612, 38.52622, Outback Steakhouse, USA-Louis, 5240 South Lindbergh St, +1 (314) 843-0777
-86.42787, 35.84605, Outback Steakhouse, USA-Murfreesboro, 1968 Old Ft. Pkwy, +1 (615) 849-9200
-84.25118, 36.00521, Outback Steakhouse, USA-Oak Ridge, 402 S. Illinois Ave, +1 (865) 220-0783
-91.60336, 41.68677, Outback Steakhouse, USA-Coralville, 945 25th Ave., +1 (319) 354-2755
-76.77789, 39.42501, Outback Steakhouse, USA-Owings Mills, 10904 Boulevard Circle, +1 (410) 363-2282
-76.98267, 38.52959, Outback Steakhouse, USA-La Plata, 6649 Crain Highway, +1 (301) 934-9599
-76.49960, 37.11253, Outback Steakhouse, USA-Newport, 12258 Jefferson Ave., +1 (757) 249-3637
-118.07263, 33.91341, Outback Steakhouse, USA-Norwalk, 12850 Norwalk Blvd., +1 (562) 863-8908
-121.30453, 44.03683, Outback Steakhouse, USA-Bend, 1180 SE 3rd St., +1 (541) 383-8104
-81.96279, 27.97043, Outback Steakhouse, USA-Lakeland, 5255 S. Florida Ave, +1 (863) 648-1019
-117.92182, 33.63636, Outback Steakhouse, USA-Costa Mesa, 1670 Newport Blvd., +1 (949) 631-8377
-115.07707, 36.07081, Outback Steakhouse, USA-Henderson, 4423 E. Sunset Road, +1 (702) 451-7808
-97.71187, 31.08748, Outback Steakhouse, USA-Killeen, 2701 E. Central Texas Expy., +1 (254) 699-4164
-112.18003, 33.63876, Outback Steakhouse, USA-Glendale, 5605 W. Bell Road, +1 (602) 547-3236
-106.51847, 39.63316, Outback Steakhouse, USA-Avon, 240 Chapel Place Bldg. B-123, +1 (970) 748-0050
-86.18746, 41.70205, Outback Steakhouse, USA-Mishawaka, 4611 Grape Road, +1 (574) 271-2333
-77.51153, 38.29721, Outback Steakhouse, USA-Fredericksburg, 2941 Plank Road, +1 (540) 786-2343
-117.41136, 47.70904, Outback Steakhouse, USA-Spokane, 5628 N. Division Street Suite B6, +1 (509) 484-6956
-80.87126, 40.07602, Outback Steakhouse, USA-Clairsville, 50575 Valley Frontage Road St., +1 (740) 699-0737
-73.76248, 41.03046, Outback Steakhouse, USA-White Plains, 60 S. Broadway, +1 (914) 684-1397
-77.26056, 38.90527, Outback Steakhouse, USA-Vienna, 315 Maple Ave. E, +1 (703) 242-0460
-90.55679, 41.55652, Outback Steakhouse, USA-Davenport, 1235 E. Kimberly Road, +1 (563) 386-4711
-76.53110, 38.30940, Outback Steakhouse, USA-California, 23415 Three Notch Road, +1 (301) 8635530
-80.65633, 24.89977, Outback Steakhouse, USA-Islamorada, 80001 Overseas Hwy, +1 (305) 664-3344
-118.13379, 33.85372, Outback Steakhouse, USA-Lakewood, 5305 Clark Avenue, +1 (562) 634-0353
-73.96837, 40.75907, Outback Steakhouse, USA-New York, 919 Third Ave. & 56th St., +1 (212) 935-6400
-81.71302, 33.51117, Outback Steakhouse, USA-United States, 160 Aiken Mall Rd., +1 (803) 644-4031
-92.60513, 38.15860, Outback Steakhouse, USA-Osage Beach, 3930 Hwy. 54, +1 (573) 302-4670
-87.79416, 41.60747, Outback Steakhouse, USA-Orland Park, 15608 Harlem Avenue, +1 (708) 633-0900
-80.32748, 25.91406, Outback Steakhouse, USA-Lakes, 15490 NW 77th Ct., +1 (305) 558-6868
-94.97826, 29.80561, Outback Steakhouse, USA-Baytown, 5218 I-10 East, +1 (281) 421-9001
-83.65100, 41.70127, Outback Steakhouse, USA-Toledo, 5200 Monroe Street, +1 (419) 841-2313
-81.43404, 28.30441, Outback Steakhouse, USA-Kissimmee, 3109 W. Vine Street, +1 (407) 931-0033
-81.41878, 28.68368, Outback Steakhouse, USA-Springs, 990 N. State Road 434, +1 (407) 862-1050
-104.79736, 38.79173, Outback Steakhouse, USA-Colorado Springs, 2825 Geyser Drive, +1 (719) 527-8745
-71.08339, 42.40791, Outback Steakhouse, USA-Medford, 672 Fellsway, +1 (781) 306-1300
-84.59819, 39.25167, Outback Steakhouse, USA-Cincinnati, 9880 Colerain Avenue, +1 (513) 245-0900
-84.26669, 37.73984, Outback Steakhouse, USA-Richmond, 400 Highland Park, +1 (859) 624-9000
-104.98728, 39.55979, Outback Steakhouse, USA-Ranch, 15 W. Springer Drive, +1 (303) 791-1500
-116.60327, 43.60499, Outback Steakhouse, USA-Nampa, 2011 W. Karcher Rd, +1 (208) 461-4585
-82.60506, 27.46253, Outback Steakhouse, USA-Bradenton, 4402 W. Cortez Road, +1 (941) 792-1898
-80.14409, 26.58964, Outback Steakhouse, USA-Lake Worth, 6266 Lantana Road, +1 (561) 963-7010
-91.15124, 30.42349, Outback Steakhouse, USA-Baton Rouge, 2415 S. Acadian Thruway, +1 (225) 927-9488
-71.43822, 42.69629, Outback Steakhouse, USA-Tyngsboro, 440 Middlesex Road, +1 (978) 649-8700
-80.10036, 26.71495, Outback Steakhouse, USA-West Palm Beach, 871 Village Blvd, +1 (561) 683-1011
-80.87077, 35.43938, Outback Steakhouse, USA-Huntersville, 16400 Northcross Dr., +1 (704) 895-1888
-97.74593, 30.41637, Outback Steakhouse, USA-Austin, 11600 Research Blvd., +1 (512) 343-6333
-78.84996, 38.42962, Outback Steakhouse, USA-Harrisonburg, 261 University Blvd, +1 (540) 438-0190
-71.47291, 42.11221, Outback Steakhouse, USA-Bellingham, 275 N. Main St, +1 (508) 966-9333
-88.89348, 30.44218, Outback Steakhouse, USA-D'Iberville, 3586 Sangani Blvd, +1 (228) 392-9797
-97.09040, 32.67845, Outback Steakhouse, USA-Arlington, 1151 W. I-20, +1 (817) 557-5959
-83.41011, 42.71307, Outback Steakhouse, USA-Clarkston, 6435 Dixie Hwy, +1 (248) 620-4329
-122.85596, 42.36687, Outback Steakhouse, USA-Medford, 3613 Crater Lake Highway, +1 (541) 732-0997
-99.50426, 27.54936, Outback Steakhouse, USA-Laredo, 5722 San Bernardo, +1 (956)729-9115
-86.73462, 34.75518, Outback Steakhouse, USA-Madison, 7640 Highway 72 West, +1 (256) 895-0257
-84.41433, 38.01885, Outback Steakhouse, USA-Lexington, 1957 Bryant Rd., +1 (859) 263-3770
-105.16420, 39.96138, Outback Steakhouse, USA-Louisville, 988 Dillon Road, +1 (303) 661-9855
-73.06633, 40.90850, Outback Steakhouse, USA-E. Setauket, 5040 Nesconset Highway, +1 (631) 474-8700
-82.17683, 29.15864, Outback Steakhouse, USA-Ocala, 3215 S.W. College Road, +1 (352) 237-0022
-87.57437, 41.60096, Outback Steakhouse, USA-Calumet City, 2005 River Oaks Drive, +1 (708) 862-0220
-77.67954, 43.20791, Outback Steakhouse, USA-Rochester, 1954 W. Ridge Road, +1 (585) 453-0640
-76.72893, 37.30546, Outback Steakhouse, USA-Williamsburg, 3026 Richmond Road, +1 (757) 229-8648
-75.24191, 40.24929, Outback Steakhouse, USA-Montgomeryville, 411 Doylestown Pike, +1 (215) 855-1060
-95.92227, 36.09438, Outback Steakhouse, USA-Tulsa, 4723 South Yale Ave, +1 (918) 627-1992
-87.91247, 43.17364, Outback Steakhouse, USA-United States, 8617 N. Port Washington Rd, +1 (414) 228-8859
-105.19999, 40.16221, Outback Steakhouse, USA-Longmont, 1315 Dry Creek Dr., +1 (303) 684-8149
-85.68947, 43.02654, Outback Steakhouse, USA-Grand Rapids, 3475 Alpine NW, +1 (616) 785-9686
-74.36483, 41.44646, Outback Steakhouse, USA-Walkill, 25 Crystal Run Crossing, +1 (845) 695-1913
-74.11161, 40.39082, Outback Steakhouse, USA-United States, Hwy. 35 & Woodland Dr., +1 (732) 796-0110
-118.35200, 33.82840, Outback Steakhouse, USA-Torrance, 21880 Hawthorne Blvd, +1 (310) 793-5555
-79.02342, 33.57813, Outback Steakhouse, USA-Murrells Inlet, 3270 Hwy. 17 S, +1 (843) 651-0080
-71.32198, 42.61295, Outback Steakhouse, USA-Lowell, 28 Reiss Ave, +1 (978) 934-8700
-112.05150, 43.50314, Outback Steakhouse, USA-Idaho Falls, 970 Lindsay Blvd., +1 (208) 523-9301
-94.37823, 38.94301, Outback Steakhouse, USA-Summit, 1731 NE Douglas St., +1 (816) 246-7555
-94.47827, 37.05062, Outback Steakhouse, USA-Joplin, 3110 E. 36th St, +1 (417) 625-1156
-122.46878, 37.66576, Outback Steakhouse, USA-Daly City, 371 Gellert Blvd, +1 (650) 756-3691
-95.45852, 29.68676, Outback Steakhouse, USA-Houston, 8731 West Loop South 610, +1 (713) 218-0760
-117.14637, 32.76773, Outback Steakhouse, USA-United States, 1640 Camino Del Rio Suite 1., +1 (619) 294-8998
-87.41606, 39.42251, Outback Steakhouse, USA-Terre Haute, 3700 S. US Highway 41, +1 (812) 232-6283
-89.79547, 35.15558, Outback Steakhouse, USA-Cordova, 1110 Germantown Parkway, +1 (901) 751-9800
-92.35443, 38.96447, Outback Steakhouse, USA-Columbia, 1110 SW I-70 Dr., +1 (573) 815-0800
-87.76632, 42.01194, Outback Steakhouse, USA-Skokie, 5535 W. Touhy Avenue, +1 (847) 674-7411
-118.56519, 34.37663, Outback Steakhouse, USA-Newhall, 25261 The Old Road, +1 (661) 287-9630
-94.13920, 30.05643, Outback Steakhouse, USA-Beaumont, 2060 IH-10 S., +1 (409) 842-6699
-85.37398, 40.16297, Outback Steakhouse, USA-Muncie, 3401 N. Grandville Drive, +1 (765) 284-4329
-70.32043, 43.63539, Outback Steakhouse, USA-South Portland, 147 Western Ave., +1 (207) 761-4400
-88.13476, 30.67312, Outback Steakhouse, USA-Mobile, 901 Montlimar Drive, +1 (251) 342-3276
-92.43585, 35.10746, Outback Steakhouse, USA-Conway, 2310 Sanders St, +1 (501) 548-6220
-80.84354, 35.20112, Outback Steakhouse, USA-Charlotte, 1412-A East Blvd. Suite A, +1 (704) 333-0505
-85.25962, 41.03264, Outback Steakhouse, USA-Ft. Wayne, 5455 Coventry Lane, +1 (260) 459-9206
-88.99941, 42.26685, Outback Steakhouse, USA-Rockford, 6007 E. State Street, +1 (815) 398-2400
-98.59073, 29.56036, Outback Steakhouse, USA-San Antonio, 12511 I-10 W., +1 (210) 696-4329
-90.08059, 30.44039, Outback Steakhouse, USA-Covington, 60 Park Place Dr, +1 (985) 893-0505
-119.79577, 39.49027, Outback Steakhouse, USA-Reno, 3645 S. Virginia Street, +1 (775) 827-5050
-71.86632, 42.18268, Outback Steakhouse, USA-Auburn, 771 Southbridge Street, +1 (508) 721-9799
-81.38817, 31.16062, Outback Steakhouse, USA-Simons Island, 1609 Frederica Road St., +1 (912) 634-6659
-90.71653, 35.81180, Outback Steakhouse, USA-Jonesboro, 906-C Southwest Dr, +1 (870) 910-5600
-81.89644, 41.47422, Outback Steakhouse, USA-Westlake, 24900 Sperry Drive, +1 (440) 892-3445
-77.39362, 34.77810, Outback Steakhouse, USA-Jacksonville, 1045 Western Blvd, +1 (910) 938-8900
-81.49636, 28.38572, Outback Steakhouse, USA-Orlando, 8195 Vineland Ave, +1 (407) 477-0098
-80.32934, 25.76974, Outback Steakhouse, USA-United States, 8255 W. Flagler Street, +1 (305) 262-9766
-83.36094, 42.54733, Outback Steakhouse, USA-West Bloomfield, 6203 Orchard Lake Rd, +1 (248) 539-1030
-82.39354, 28.05082, Outback Steakhouse, USA-Temple Terrace, 11308 N. 56th Street, +1 (813) 980-0755
-83.13265, 42.65368, Outback Steakhouse, USA-Rochester, 1880 South Rochester Rd., +1 (248) 650-2521
-80.34001, 25.64791, Outback Steakhouse, USA-Miami, 13145 S.W. 89th Place, +1 (305) 254-4456
-102.10916, 32.03834, Outback Steakhouse, USA-Midland, 2314 W. Loop 250, +1 (432) 684-1152
-75.58018, 40.03370, Outback Steakhouse, USA-Frazer, 675 Lancaster Ave, +1 (610) 407-9444
-76.58260, 39.28197, Outback Steakhouse, USA-Baltimore, 2400 Boston St, +1 (410) 522-7757
-97.16901, 31.52277, Outback Steakhouse, USA-Waco, 4500 Franklin, +1 (254) 772-5449
-85.41062, 32.63814, Outback Steakhouse, USA-Opelika, 2115 Pepperell Pkwy, +1 (334) 741-4014
-83.79328, 42.55103, Outback Steakhouse, USA-Brighton, 7873 Conference Center Drive, +1 (810) 225-2109
-117.91484, 33.78874, Outback Steakhouse, USA-Garden Grove, 12001 Harbor Boulevard, +1 (714) 663-1107
-83.71437, 32.61431, Outback Steakhouse, USA-Warner Robins, 3088 Watson Blvd, +1 (478) 953-1625
-80.71447, 35.13611, Outback Steakhouse, USA-Matthews, 9623 E. Independence Blvd., +1 (704) 845-2222
-84.36689, 39.20584, Outback Steakhouse, USA-Cincinnati, 8240 Montgomery Road, +1 (513) 793-5566
-121.93255, 37.70075, Outback Steakhouse, USA-Dublin, 6505 Regional Street, +1 (925) 833-9335
-82.51410, 27.25125, Outback Steakhouse, USA-Sarasota, 7207 S. Tamiami Trail, +1 (941) 924-4329
-83.52255, 42.49153, Outback Steakhouse, USA-Novi, 48020 Grand River, +1 (248) 347-9201
-111.62009, 35.19433, Outback Steakhouse, USA-Flagstaff, 2600 E. Lucky Lane, +1 (928) 774-7630
-93.43595, 44.86433, Outback Steakhouse, USA-Eden Prairie, 12910 Plaza Dr., +1 (952) 946-1480
-99.76462, 32.40178, Outback Steakhouse, USA-Abilene, 4142 Ridgemont Dr, +1 (325) 692-7177
-85.57685, 42.91251, Outback Steakhouse, USA-Kentwood, 3650 28th St. SE, +1 (616) 957-7932
-80.85882, 35.08754, Outback Steakhouse, USA-Charlotte, 8338 Pineville-Matthews Rd, +1 (704) 759-9575
-75.97111, 40.34339, Outback Steakhouse, USA-Wyomissing, 1101 Woodland Rd., +1 (610) 376-9910
-93.17972, 30.19386, Outback Steakhouse, USA-Lake Charles, 2616 Derek Drive, +1 (337) 477-3161
-90.52126, 38.76923, Outback Steakhouse, USA-Charles, 1620 Country Club Plaza Dr., +1 (636) 940-9409
-76.17484, 36.80134, Outback Steakhouse, USA-Virginia Beach, 1255 Fordham Dr., +1 (757) 523-4832
-83.20123, 42.46270, Outback Steakhouse, USA-Southfield, 23501 Greenfield Road, +1 (248) 424-9696
-70.79921, 43.09791, Outback Steakhouse, USA-Newington, 2064 Woodbury Ave. (Suite 101), +1 (603) 431-5800
-95.42991, 30.02076, Outback Steakhouse, USA-Houston, 4 FM 1960 W., +1 (281) 587-0044
-97.67853, 30.49554, Outback Steakhouse, USA-Round Rock, 1651 I-35 S., +1 (512) 733-6828
-82.35268, 28.24662, Outback Steakhouse, USA-Wesley Chapel, 5710 Oakley Blvd, +1 (813) 973-7717
-76.89815, 39.09637, Outback Steakhouse, USA-Laurel, 15107 Sweitzer Lane, +1 (301) 317-8401
-158.00156, 21.41364, Outback Steakhouse, USA-Waipahu, 94-810 Ukee Street, +1 (808) 671-7200
-117.26486, 33.93967, Outback Steakhouse, USA-Moreno Valley, 22680 Centerpoint Drive, +1 (951) 656-4242
-81.55432, 30.31915, Outback Steakhouse, USA-Jacksonville, 9400 Atlantic Blvd., +1 (904) 720-1818
-85.12599, 41.12346, Outback Steakhouse, USA-Ft. Wayne, 4910 N. Clinton St, +1 (260) 484-4329
-71.49025, 43.22478, Outback Steakhouse, USA-Concord, 22 Loudon Rd, +1 (603) 226-0300
-85.58984, 42.24748, Outback Steakhouse, USA-Kalamazoo, 4320 Westnedge, +1 (269) 342-4329
-81.32732, 28.60045, Outback Steakhouse, USA-Winter Park, 1927 Aloma Avenue, +1 (407) 679-1050
-83.84869, 34.29561, Outback Steakhouse, USA-Gainesville, 655 Dawsonville Hwy, +1 (770) 287-1060
-80.12834, 25.79744, Outback Steakhouse, USA-Miami Beach, 2201 Collins Avenue, +1 (305) 531-1338
-95.50406, 29.84851, Outback Steakhouse, USA-Houston, 13240 Northwest Freeway, +1 (713) 460-5639
-90.74783, 29.60848, Outback Steakhouse, USA-United States, 1561 Martin Luther King Blvd., +1 (985) 580-1800
-82.12266, 36.63084, Outback Steakhouse, USA-Bristol, 3168 Linden Dr, +1 (276) 466-0100
-115.17186, 36.12177, Outback Steakhouse, USA-Las Vegas, 3411 S Las Vegas Blvd, +1 (702) 251-7770
-71.00288, 42.24526, Outback Steakhouse, USA-United States, 227 Parkingway Quincy, +1 (617) 769-9494
-82.65795, 41.40221, Outback Steakhouse, USA-Perkins Township, 4920 Milan Rd, +1 (419) 609-9226
-91.01624, 30.40626, Outback Steakhouse, USA-Baton Rouge, 5280 Jones Creek Rd, +1 (225) 751-1011
-82.04011, 33.51165, Outback Steakhouse, USA-Augusta, 2949 Washington Road, +1 (706) 733-4329
-82.63864, 27.78963, Outback Steakhouse, USA-Petersburg, 1900 4th Street North St., +1 (727) 898-2016
-81.72414, 28.54674, Outback Steakhouse, USA-United States, 1625 E Highway 50, +1 (352) 243-0036
-83.46125, 34.25084, Outback Steakhouse, USA-Commerce, 411 Pottery Factory Dr, +1 (706) 423-0022
-82.33345, 34.85684, Outback Steakhouse, USA-Greenville, 21 Orchard Park Drive, +1 (864) 676-0360
-82.20472, 27.85721, Outback Steakhouse, USA-Lithia, 16547 Fishhawk Blvd., +1 (813) 689-9222
-75.72036, 39.69714, Outback Steakhouse, USA-Newark, 27 Possum Park Plaza, +1 (302) 366-8012
-108.53694, 39.07750, Outback Steakhouse, USA-Grand Junction, 2432 US Hwy 6 & 50, +1 (970) 257-7550
-73.41186, 41.41199, Outback Steakhouse, USA-Danbury, 116 Newtown Rd., +1 (203) 790-1124
-72.58311, 41.99663, Outback Steakhouse, USA-Enfield, 98 Elm Street, +1 (860) 741-6046
-96.99510, 32.83537, Outback Steakhouse, USA-Irving, 3510 W. Airport Freeway, +1 (972) 399-1477
-78.95386, 35.07545, Outback Steakhouse, USA-Fayetteville, 505 N. McPherson Church Road, +1 (910) 487-9200
-95.64488, 29.88175, Outback Steakhouse, USA-Houston, 7070 Highway 6 N, +1 (281) 859-9413
-157.83858, 21.28528, Outback Steakhouse, USA-United States, 1765 Ala Moana Blvd, +1 (808) 951-6274
-82.58967, 28.50193, Outback Steakhouse, USA-Spring Hill, 4905 Commercial Way, +1 (352) 592-1028
-84.47659, 34.24864, Outback Steakhouse, USA-Canton, 3 Reinhardt College Pkwy, +1 (770) 720-9702
-77.89791, 40.81470, Outback Steakhouse, USA-State College, 1905 Waddle Rd., +1 (814) 861-7801
-96.11956, 41.23643, Outback Steakhouse, USA-Omaha, 2414 S. 132nd Street, +1 (402) 697-1199
-82.52566, 35.58324, Outback Steakhouse, USA-Asheville, 30 Tunnel Road, +1 (828) 252-4510
-97.59249, 35.53768, Outback Steakhouse, USA-Oklahoma City, 4144 NW Expressway, +1 (405) 840-5030
-81.51665, 30.21736, Outback Steakhouse, USA-United States, 8145 Point Meadows Way, +1 (904) 363-3839
-80.08074, 26.93386, Outback Steakhouse, USA-Jupiter, 103 A-1 S. U.S. Hwy. 1, +1 (561) 743-6283
-76.00551, 36.76120, Outback Steakhouse, USA-Virginia Beach, 1113 Nimmo Pkwy., +1 (757) 563-8034
-88.67872, 37.07902, Outback Steakhouse, USA-Paducah, 3995 Hinkleville Road, +1 (270) 442-4111
-83.45933, 33.93912, Outback Steakhouse, USA-Athens, 3585 Atlanta Hwy, +1 (706) 613-6015
-95.93545, 41.15825, Outback Steakhouse, USA-Bellevue, 10408 S. 15th St., +1 (402) 991-9275
-76.95952, 38.96695, Outback Steakhouse, USA-Hyattsville, 3500 E. West Hwy, +1 (301) 853-5959
-88.67353, 32.36544, Outback Steakhouse, USA-Meridian, 111 S. Frontage Rd., +1 (601) 485-3447
-112.22064, 33.47970, Outback Steakhouse, USA-Phoenix, 2820 N. 75th Ave, +1 (623) 873-1945
-94.75031, 32.58927, Outback Steakhouse, USA-Longview, 501 E. Loop 281, +1 (903) 663-6373
-81.14352, 31.97992, Outback Steakhouse, USA-Savannah, 11196 Abercorn Expwy., +1 (912) 920-0555
-97.18360, 32.83931, Outback Steakhouse, USA-Hurst, 701 Airport Freeway, +1 (817) 285-0004
-83.09060, 40.06488, Outback Steakhouse, USA-Columbus, 2704 Bethel Road, +1 (614) 326-1605
-95.45283, 30.18392, Outback Steakhouse, USA-Conroe, 18326 I-45 South, +1 (936) 321-9106
-94.66147, 39.24691, Outback Steakhouse, USA-Kansas City, 7006 NW Barry Road, +1 (816) 741-8900
-77.39839, 39.02699, Outback Steakhouse, USA-Sterling, 46300 Potomac Run Pl. #150, +1 (703) 406-3377
-79.42184, 35.17075, Outback Steakhouse, USA-Southern Pines, 100 Southern Road, +1 (910) 695-7000
-72.10623, 41.36590, Outback Steakhouse, USA-New London, 305 N. Frontage Rd, +1 (860) 447-9205
-78.99450, 35.95136, Outback Steakhouse, USA-Durham, 3500 Mount Moriah Road, +1 (919) 493-2202
-83.96489, 43.47996, Outback Steakhouse, USA-Saginaw, 2468 Tittabawassee Rd., +1 (989) 797-2319
-71.19604, 42.17111, Outback Steakhouse, USA-Norwood, 1212 Providence Hwy., +1 (781) 551-8855
-79.87732, 32.80834, Outback Steakhouse, USA-Mt. Pleasant, 715 Johnnie Dodds Blvd, +1 (843)849-9456
-111.70338, 40.27340, Outback Steakhouse, USA-Orem, 372 E. 1300 South, +1 (801) 764-0552
-76.87251, 42.16364, Outback Steakhouse, USA-Horseheads, 200 Colonial Dr., +1 (607)-795-1224
-76.02495, 36.85043, Outback Steakhouse, USA-Virginia Beach, 1757 Laskin Road, +1 (757) 422-5796
-73.98475, 40.81353, Outback Steakhouse, USA-Edgewater, 539 River Road, +1 (201) 840-9600
-149.88312, 61.18948, Outback Steakhouse, USA-Anchorage, 101 W. 34th, +1 (907) 562-8787
-79.96779, 37.22170, Outback Steakhouse, USA-Roanoke, 4380 Franklin Road, +1 (540) 776-3238
-82.99335, 42.62889, Outback Steakhouse, USA-Shelby Township, 45170 Schoenherr Rd, +1 (586) 566-7770
-86.22041, 39.91174, Outback Steakhouse, USA-Indianapolis, 3454 W. 86th Street, +1 (317) 872-4329
-81.39389, 28.44884, Outback Steakhouse, USA-Orlando, 1301 Florida Mall Avenue, +1 (407) 240-6857
-95.95045, 36.02541, Outback Steakhouse, USA-Tulsa, 9710 Riverside Drive, +1 (918) 299-0069
-73.56015, 40.75440, Outback Steakhouse, USA-Westbury, 1067 Old Country Road, +1 (516) 334-0518
-105.06348, 40.52354, Outback Steakhouse, USA-Fort Collins, 807 E. Harmony Road, +1 (970) 229-0889
-96.35009, 42.44060, Outback Steakhouse, USA-Sioux City, 4500 Southern Hills Drive, +1 (712) 276-2242
-82.65321, 38.47441, Outback Steakhouse, USA-Ashland, 441 Riverhill Drive, +1 (606) 325-4329
-76.29147, 36.84508, Outback Steakhouse, USA-Norfolk, 333 Waterside Dr., +1 (757) 622-9101
-121.31998, 37.98956, Outback Steakhouse, USA-Stockton, 1243 W. March Lane, +1 (209) 954-9615
-82.14980, 28.02548, Outback Steakhouse, USA-Plant City, 1203 Townsgate Court, +1 (813) 759-4329
-122.31161, 37.98774, Outback Steakhouse, USA-Pinole, 1361 Fitzgerald Dr., +1 (510) 758-7386
-84.00521, 33.65445, Outback Steakhouse, USA-Conyers, 1188 Dogwood Drive, +1 (770) 483-6268
-104.82823, 39.67968, Outback Steakhouse, USA-Aurora, 2066 S. Abilene Street, +1 (303) 695-9600
-80.10870, 26.20403, Outback Steakhouse, USA-Ft. Lauderdale, 6201 N. Federal Hwy, +1 (954) 771-4390
-92.90114, 44.94500, Outback Steakhouse, USA-Woodbury, 10150 Hudson Road, +1 (651) 735-3268
-106.23102, 42.86941, Outback Steakhouse, USA-Evansville, 229 Miracle Street, +1 (307) 235-0391
-84.33915, 33.93579, Outback Steakhouse, USA-Atlanta, 1220 Ashford Crossing, +1 (770) 481-0491
-75.04480, 39.74385, Outback Steakhouse, USA-Turnersville, 4600 Route 42, +1 (856) 728-3700
-80.13277, 26.09899, Outback Steakhouse, USA-Lauderdale, 1801 SE 10th Ave., +1 (954) 523-5600
-116.80516, 47.69826, Outback Steakhouse, USA-Coeur d' Alene, 1381 Northwood Center Ct., +1 (208) 666-1500
-79.83196, 34.20391, Outback Steakhouse, USA-Florence, 110 Dunbarton Drive, +1 (843) 679-0055
-77.29816, 38.63531, Outback Steakhouse, USA-United States, 14580 Potomac Mills Road, +1 (703) 490-5336
-81.33307, 28.81506, Outback Steakhouse, USA-Sanford, 180 Hickman Drive, +1 (407) 321-5881
-84.34611, 33.57128, Outback Steakhouse, USA-Morrow , 1375 Mount Zion Rd., +1 (770) 961-6480
-97.70703, 30.33050, Outback Steakhouse, USA-Austin, 713 E. Huntland Dr, +1 (512) 458-6283
-105.09324, 39.61447, Outback Steakhouse, USA-United States, 8601 W. Cross Drive, +1 (303) 932-0315
-111.67852, 33.38546, Outback Steakhouse, USA-Mesa, 1650 S. Clearview, +1 (480) 654-0804
-71.18923, 42.48414, Outback Steakhouse, USA-Burlington, 34 Cambridge Street, +1 (781) 270-9300
-94.66508, 39.02221, Outback Steakhouse, USA-Mission, 6870 Johnson Dr, +1 (913) 236-0060
-94.14415, 36.14044, Outback Steakhouse, USA-Springdale, 4808 S. Thompson, +1 (479) 872-2800
-80.00411, 40.44764, Outback Steakhouse, USA-Pittsburgh, 109 Federal St., +1 (412) 321-9003
-96.80121, 33.09908, Outback Steakhouse, USA-Frisco, 9382 State Hwy 121, +1 (972) 668-6955
-77.18387, 38.77410, Outback Steakhouse, USA-Springfield, 6651 Backlick Road, +1 (703) 912-7531
-83.66690, 41.06432, Outback Steakhouse, USA-Findlay, 930 Interstate Drive, +1 (419) 424-1510
-122.98363, 44.95650, Outback Steakhouse, USA-Salem, 2285 Lancaster Dr, +1 (503) 399-3700
-104.70098, 38.90540, Outback Steakhouse, USA-Colorado Springs, 2895 New Center Point, +1 (719) 638-7650
-80.10282, 42.06517, Outback Steakhouse, USA-Creek Pavilion, 2076 Interchange Rd. Mill, +1 (814) 864-8513
-80.39667, 33.95916, Outback Steakhouse, USA-Sumter, 2480 Broad St, +1 (803)469-4329
-89.74814, 30.28522, Outback Steakhouse, USA-United States, 830 E. I-10 Service Rd, +1 (985) 649-4329
-84.57636, 39.04991, Outback Steakhouse, USA-Crescent Springs, 2301 Buttermilk Crossing, +1 (859) 331-7222
-84.62111, 39.14350, Outback Steakhouse, USA-Cincinnati, 6168 Glenway Avenue, +1 (513) 662-4900
-87.32818, 41.47033, Outback Steakhouse, USA-Merrillville, 8117 Georgia Street, +1 (219) 736-8995
-84.48554, 39.29170, Outback Steakhouse, USA-Cincinnati, 11790 Springfield Pike, +1 (513) 671-8200
-78.65800, 33.84609, Outback Steakhouse, USA-Myrtle Beach, 1721 Hwy. 17 N., +1 (843) 280-4855
-76.35580, 39.52490, Outback Steakhouse, USA-Bel Air, 615 Bel Air, +1 (410) 893-0110
-88.85604, 35.68419, Outback Steakhouse, USA-Jackson, 194 Stonebrook Place, +1 (731) 664-9000
-75.29566, 40.66591, Outback Steakhouse, USA-Bethlehem, 3200 Emrick Blvd, +1 (610) 814-5860
-92.45382, 31.26585, Outback Steakhouse, USA-Alexandria, 3217 S. McArthur, +1 (318) 442-0303
-73.41901, 41.16240, Outback Steakhouse, USA-Wilton, 14 Danbury Rd., +1 (203) 762-0920
-77.52846, 37.62370, Outback Steakhouse, USA-Richmond, 7917 W. Broad Street, +1 (804) 527-0583
-85.71462, 38.15635, Outback Steakhouse, USA-Louisville, 6520 Signature Drive, +1 (502) 964-8383
-85.74479, 42.88165, Outback Steakhouse, USA-Grandville, 3333 Century Center St, +1 (616) 724-2329
-77.35442, 37.61216, Outback Steakhouse, USA-Mechanicsville, 7420 Bell Creek Rd, +1 (804) 746-5277
-117.20147, 32.83129, Outback Steakhouse, USA-San Diego, 4196 Clairemont Mesa Blvd, +1 (858) 274-6283
-77.41145, 38.83400, Outback Steakhouse, USA-Clifton, 5702 Union Mill Road, +1 (703) 818-0804
-73.84169, 40.95707, Outback Steakhouse, USA-United States, 1705 Central Park Ave., +1 (914) 337-3244
-80.38925, 27.62830, Outback Steakhouse, USA-Beach, 1475 US Hwy. 1, +1 (772) 567-5222
-82.73900, 28.06292, Outback Steakhouse, USA-Palm Harbor, 31988 US Hwy. 19, +1 (727) 789-6283
-117.93120, 33.99560, Outback Steakhouse, USA-City of Industry, 1418 Azusa Avenue, +1 (626) 810-6765
-75.29089, 40.09488, Outback Steakhouse, USA-Conshohocken, 322 Ridge Pike, +1 (610) 828-8931
-89.52527, 43.06564, Outback Steakhouse, USA-Madison, 279 Junction Road, +1 (608) 829-0505
-117.66567, 33.68153, Outback Steakhouse, USA-Foothill Ranch, 26652 Portola Pkwy, +1 (949) 455-4158
-74.39750, 40.50482, Outback Steakhouse, USA-Edison, 481 US Hwy. 1, +1 (732) 819-0990
-73.90871, 41.59202, Outback Steakhouse, USA-Wappingers Falls, 1510 Route 9, +1 (845) 298-6753
-82.49962, 27.93988, Outback Steakhouse, USA-Tampa, 3403 Henderson Blvd, +1 (813) 875-4329
-95.20977, 29.60628, Outback Steakhouse, USA-Houston, 12130 Dickinson Road, +1 (281) 464-8455
-81.04321, 29.29065, Outback Steakhouse, USA-Ormond Beach, 135 E. Granada Blvd., +1 (386) 676-1550
-74.64585, 40.87909, Outback Steakhouse, USA-Ledgewood, 1070 Route 46, +1 (973) 927-3030
-119.84340, 36.80817, Outback Steakhouse, USA-Fresno, 2765 W. Shaw, +1 (559) 224-1181
-81.32139, 29.86756, Outback Steakhouse, USA-St. Augustine, 245 State Road 312, +1 (904) 826-4329
-84.04905, 34.02683, Outback Steakhouse, USA-Suwanee, 145 Gwinco Blvd., +1 (770) 614-0092
-81.45909, 30.32039, Outback Steakhouse, USA-Jacksonville, 13245 Atlantic Blvd., +1 (904) 220-5899
-121.98629, 38.35323, Outback Steakhouse, USA-Vacaville, 521 Davis St, +1 (707) 452-9200
-96.82985, 32.95562, Outback Steakhouse, USA-Addison, 15180 Addison Road, +1 (972) 392-0972
-88.71991, 34.22658, Outback Steakhouse, USA-Tupelo, 1348 N. Gloster Street, +1 (662) 842-1734
-93.16614, 45.00652, Outback Steakhouse, USA-Roseville, 2181 Snelling Avenue N, +1 (651) 697-1224
-80.46104, 35.65919, Outback Steakhouse, USA-Salisbury, 1020 East Innes Street, +1 (704) 637-1980
-87.55175, 33.16622, Outback Steakhouse, USA-Tuscaloosa, 5001 Oscar-Baxter Drive, +1 (205) 759-9000
-92.16543, 32.50823, Outback Steakhouse, USA-West Monroe, 305 W Constitution Dr, +1 (318) 387-6700
-85.43200, 31.21954, Outback Steakhouse, USA-Dothan, 2925 Ross Clark Circle, +1 (334) 702-4939
-77.84534, 35.97215, Outback Steakhouse, USA-Rocky Mount, 210 Gateway Blvd., +1 (252) 451-7800
-80.63178, 41.02800, Outback Steakhouse, USA-Boardman, 7000 Tiffany S. Blvd, +1 (330) 629-2775
-101.91709, 35.18643, Outback Steakhouse, USA-Amarillo, 7101 I-40 W., +1 (806) 352-4032
-94.82948, 39.12586, Outback Steakhouse, USA-Kansas City, 1851 Village West Parkway, +1 (913) 334-2147
-81.31127, 35.71121, Outback Steakhouse, USA-Hickory, 1435 13th Ave. Dr., +1 (828) 328-6283
-86.56823, 34.69420, Outback Steakhouse, USA-Huntsville, 4777 Whitesburg Dr, +1 (256) 882-6283
-81.26156, 28.64788, Outback Steakhouse, USA-Road Winter Springs, 5891 Red Bug Lake, +1 (407) 699-0900
-82.58253, 28.05766, Outback Steakhouse, USA-Tampa, 11950 Sheldon Rd., +1 (813) 920-3100
-82.82701, 27.98152, Outback Steakhouse, USA-Clearwater, 483 Mandalay Ave. #3118, +1 (727) 447-6206
-86.57689, 39.16440, Outback Steakhouse, USA-Bloomington, 3201 W. 3rd Street, +1 (812) 330-1018
-93.02473, 45.02792, Outback Steakhouse, USA-Maplewood, 1770 Beam Avenue, +1 (651)748-0661
-95.27571, 30.00499, Outback Steakhouse, USA-Bypass, 9753 FM 1960, +1 (281) 446-4329
-95.75727, 39.02913, Outback Steakhouse, USA-Topeka, 5826 W. 21st Street, +1 (785) 272-3222
-106.30925, 31.72576, Outback Steakhouse, USA-Paso, 11875 Gateway W. Blvd., +1 (915) 592-5063
-76.30129, 40.07023, Outback Steakhouse, USA-Lancaster, 100 N. Pointe Blvd., +1 (717) 569-4500
-116.40298, 33.67500, Outback Steakhouse, USA-Palm Desert, 72-220 Hwy. 111, +1 (760) 779-9068
-80.10503, 26.84034, Outback Steakhouse, USA-Palm Beach Gardens, 10933 N. Military Trail, +1 (561) 625-0793
-76.24215, 43.18497, Outback Steakhouse, USA-Liverpool, 3946 State Rte. 31, +1 (315) 622-1559
-86.40582, 32.45894, Outback Steakhouse, USA-Prattville, 1899 Sugar Exchange, +1 (334) 285-6281
-104.98150, 39.91416, Outback Steakhouse, USA-Thornton, 497 E. 120th Avenue, +1 (303) 450-4111
-86.80286, 33.45748, Outback Steakhouse, USA-Birmingham, 281 Lakeshore Pkwy, +1 (205) 290-0099
-71.47846, 42.95610, Outback Steakhouse, USA-Bedford, 95 S. River Road, +1 (603) 622-8833
-96.63509, 32.96119, Outback Steakhouse, USA-Bush Hwy Garland, 4902 N President George, +1 (972) 495-3699
-90.14524, 32.39043, Outback Steakhouse, USA-Jackson, 6030 I-55 N, +1 (601) 977-9040
-73.41839, 40.85930, Outback Steakhouse, USA-United States, 839 New York Ave, +1 (631) 547-6673
-70.84543, 42.14732, Outback Steakhouse, USA-Hanover, 1775 Washington St., +1 (781) 829-0707
-86.42056, 36.93953, Outback Steakhouse, USA-Bowling Green, 3260 Scottville Road, +1 (270) 746-0409
-73.99155, 40.74236, Outback Steakhouse, USA-New York, 60 W. 23rd Street, +1 (212) 989-3122
-90.09895, 29.88474, Outback Steakhouse, USA-Marrero , 1601 Barataria Blvd., +1 (504) 341-5544
-78.31082, 35.50969, Outback Steakhouse, USA-Smithfield, 911 Industrial Park Dr, +1 (919) 989-3056
-77.94491, 35.38958, Outback Steakhouse, USA-Goldsboro, 2617 North Park Drive, +1 (919) 751-9991
-82.39405, 36.35776, Outback Steakhouse, USA-Johnson City, 3101 Browns Mill Road, +1 (423) 283-9222
-92.40389, 34.75410, Outback Steakhouse, USA-Little Rock, 105 Markham Park Dr., +1 (501) 221-7655
-83.75292, 36.01841, Outback Steakhouse, USA-Knoxville, 7400 Sawyer Lane, +1 (865) 932-0636
-83.68706, 32.90527, Outback Steakhouse, USA-Macon, 3899 Arkwright Road, +1 (478) 477-1934
-79.00284, 34.67022, Outback Steakhouse, USA-Lumberton, 223 Wintergreen Dr., +1 (910) 735-0888
-80.13717, 26.33192, Outback Steakhouse, USA-Boca Raton, 6030 S.W. 18th St, +1 (561) 338-6283
-70.98633, 41.63923, Outback Steakhouse, USA-Dartmouth, 349 State Road, +1 (508) 994-3700
-89.79578, 35.04710, Outback Steakhouse, USA-Memphis, 3750 Hacks Cross Rd, +1 (901) 754-4911
-85.68481, 33.63671, Outback Steakhouse, USA-Oxford, 196 Springbranch Dr., +1 (256) 835-4644
-87.97597, 42.15242, Outback Steakhouse, USA-Road Buffalo Grove, 720 W. Lake Cook, +1 (847) 541-4329
-84.31646, 33.81629, Outback Steakhouse, USA-Atlanta, 2145 Lavista Road, +1 (404) 636-5110
-76.66103, 39.48500, Outback Steakhouse, USA-Hunt Valley, 134 Shawan Rd., +1 (410) 527-1540
-87.83037, 41.98550, Outback Steakhouse, USA-United States, 8101 W. Higgins Road, +1 (773) 380-0818
-80.06858, 40.33047, Outback Steakhouse, USA-Pittsburgh, 25 McMurray Road, +1 (412) 833-4211
-77.60194, 43.08724, Outback Steakhouse, USA-Henrietta, 1180 Jefferson Road, +1 (585) 424-6880
-80.34867, 26.06265, Outback Steakhouse, USA-Davie, 14830 Griffin Road, +1 (954) 430-2223
-81.87167, 26.55404, Outback Steakhouse, USA-Ft. Myers, 12995 S. Cleveland Avenue, +1 (239) 936-1021
-78.82404, 33.74251, Outback Steakhouse, USA-Myrtle Beach, 7025 N. Kings Hwy, +1 (843) 449-5888
-116.92795, 32.78716, Outback Steakhouse, USA-El Cajon, 722 Jamacha Road, +1 (619) 588-4332
-93.25841, 37.14788, Outback Steakhouse, USA-Springfield, 3760 S Glenstone Ave, +1 (417) 890-5900
-97.41397, 32.68209, Outback Steakhouse, USA-Fort Worth, 4608 Bryant Irvin Road, +1 (817) 370-7800
-71.49303, 41.66289, Outback Steakhouse, USA-Greenwich, 1000 Division St. E., +1 (401) 886-4543
-83.33508, 42.39814, Outback Steakhouse, USA-Livonia, 29441 5 Mile Road, +1 (734) 421-0220
-85.64617, 44.73161, Outback Steakhouse, USA-Traverse City, 3501 Marketplace Circle, +1 (231) 935-4329
-72.84543, 41.40657, Outback Steakhouse, USA-North Haven, 345 Washington Ave, +1 (203) 985-8282
-79.81712, 36.09575, Outback Steakhouse, USA-Greensboro, 1611 Westover Terrace, +1 (336) 282-6283
-77.98764, 39.45806, Outback Steakhouse, USA-Martinsburg, 790 Foxcroft Ave. N, +1 (304) 262-2406
-72.53067, 41.81111, Outback Steakhouse, USA-Manchester, 170 Hale Road, +1 (860) 648-2900
-85.75606, 38.32141, Outback Steakhouse, USA-Clarksville, 1420 Park Place, +1 (812) 283-4329
-76.41875, 36.82239, Outback Steakhouse, USA-Chesapeake, 4312 Portsmouth Blvd, +1 (757) 465-1047
-75.31465, 43.09002, Outback Steakhouse, USA-New Hartford, 8655 Clinton Street, +1 (315) 736-0010
-108.14835, 36.76698, Outback Steakhouse, USA-Farmington, 4921 E. Main St, +1 (505) 324-2122
-77.07378, 39.07983, Outback Steakhouse, USA-Silver Spring, 13703 Georgia Avenue, +1 (301) 933-4385
-80.72320, 32.21262, Outback Steakhouse, USA-Hilton Head, 20 Hatton Place, +1 (843) 681-4329
-85.16425, 35.03382, Outback Steakhouse, USA-Chattanooga, 2120 Hamilton Place Blvd, +1 (423) 899-2600
-77.39393, 35.57403, Outback Steakhouse, USA-Greenville, 606 Greenville Blvd. SW, +1 (252) 321-8444
-81.48348, 27.48999, Outback Steakhouse, USA-Sebring, 921 US 27 N, +1 (863) 385-4329
-112.36715, 33.65196, Outback Steakhouse, USA-Surprise, 14225 W. Grand Ave., +1 (623) 544-4687
-88.07365, 42.04962, Outback Steakhouse, USA-Schaumburg, 216 E. Golf Road, +1 (847) 843-8884
-112.44442, 34.54894, Outback Steakhouse, USA-Prescott, 1951 E. Hwy 69, +1 (928) 541-0100
-117.20533, 47.67573, Outback Steakhouse, USA-Spokane, 14746 East Indiana, +1 (509) 892-6700
-84.14033, 33.89539, Outback Steakhouse, USA-Lilburn, 4800 Lawrenceville Hwy, +1 (770) 381-7744
-82.35913, 28.83975, Outback Steakhouse, USA-Inverness, 2225 Hwy. 44 West, +1 (352) 637-9292
-82.50582, 27.49853, Outback Steakhouse, USA-Bradenton, 4510 East State Road 64, +1 (941) 748-7783
-80.01855, 35.98585, Outback Steakhouse, USA-High Point, 256 E. Parris Ave, +1 (336) 885-6283
-96.74548, 32.91558, Outback Steakhouse, USA-Dallas, 9049 Vantage Point Drive, +1 (972) 783-0397
-97.60101, 35.46387, Outback Steakhouse, USA-Oklahoma City, 316 S. Meridian, +1 (405) 942-4564
-106.02383, 35.63131, Outback Steakhouse, USA-Santa Fe, 2574 Camino Entrada, +1 (505) 424-6800
-122.51186, 37.87335, Outback Steakhouse, USA-Sausalito, 196 Donahue Street, +1 (415) 331-6193
-82.71278, 34.57774, Outback Steakhouse, USA-Anderson, 110 Interstate Blvd., +1 (864) 261-6283
-83.32641, 30.84214, Outback Steakhouse, USA-Valdosta, 1824 Clubhouse Dr., +1 (229) 242-4329
-115.17234, 36.05547, Outback Steakhouse, USA-Las Vegas, 7380 S. Las Vegas Blvd, +1 (702) 643-3148
-76.61546, 39.15477, Outback Steakhouse, USA-Glen Burnie, 7744 Governor Ritchie Hwy, +1 (410) 863-0045
-80.13855, 25.92708, Outback Steakhouse, USA-North Miami Beach, 3161 N.E. 163rd Street, +1 (305) 944-4329
-113.55167, 37.11569, Outback Steakhouse, USA-United States, 250 N. Red Cliff Dr. #40, +1 (435) 674-7788
-82.55358, 34.78582, Outback Steakhouse, USA-Easley, 125 Southern Center Way, +1 (864) 855-7897
-112.11664, 33.57545, Outback Steakhouse, USA-United States, 9801 N. Black Canyon Hwy., +1 (602) 943-2226
-105.15815, 39.73584, Outback Steakhouse, USA-Golden, 14295 W. Colfax Avenue, +1 (303) 216-2460
-75.84083, 41.24233, Outback Steakhouse, USA-Wilkes-Barre, 547 Arena Hub Plaza, +1 (570) 823-7731
-94.35826, 35.35589, Outback Steakhouse, USA-Ft. Smith, 6800 Rogers Ave, +1 (479) 452-0900
-108.56666, 45.75497, Outback Steakhouse, USA-Billings, 2001 Overland Ave., +1 (406) 652-3565
-121.03126, 37.66906, Outback Steakhouse, USA-Modesto, 2045-D W. Briggsmore Avenue, +1 (209) 577-2410
-73.77591, 40.78154, Outback Steakhouse, USA-Bayside, 23-48 Bell Blvd, +1 (718) 819-0908
-81.94050, 26.66832, Outback Steakhouse, USA-Coral, 1642 N.E. Pine Island Rd., +1 (239) 772-5454
-80.04035, 32.94176, Outback Steakhouse, USA-Charleston, 7643 Rivers Avenue, +1 (843) 569-3600
-87.20428, 30.41744, Outback Steakhouse, USA-Pensacola, 601 Gregory Street, +1 (850) 432-2800
-80.90085, 29.02894, Outback Steakhouse, USA-New Smyrna Beach, 429 3rd Ave, +1 (386) 409-0306
-84.58453, 33.43997, Outback Steakhouse, USA-United States, 995 N. Peachtree Pkwy., +1 (770) 486-9292
-76.79008, 34.73407, Outback Steakhouse, USA-Morehead City, 4937 Arendell St, +1 (252) 247-6283
-76.38929, 37.04169, Outback Steakhouse, USA-United States, 1700 West Mercury Blvd., +1 (757) 838-3570
-122.35628, 40.58615, Outback Steakhouse, USA-Redding, 910 Dana Drive, +1 (530) 226-9394
-73.38329, 40.69982, Outback Steakhouse, USA-Lindenhurst, 612 Wellwood Avenue, +1 (631) 957-2600
-121.66417, 36.71033, Outback Steakhouse, USA-Salinas, 1401 North Davis Road, +1 (831) 751-3753
-92.46320, 44.00551, Outback Steakhouse, USA-Rochester, 1201 S. Broadway, +1 (507) 252-1150
-84.73843, 33.73031, Outback Steakhouse, USA-Douglasville, 6331 Douglas Blvd, +1 (770) 949-7000
-80.08721, 26.43945, Outback Steakhouse, USA-Delray Beach, 1300 Linton Blvd., +1 (561) 272-7201
-77.43686, 39.41604, Outback Steakhouse, USA-Frederick, 1007 W. Patrick Street, +1 (301) 662-9584
-87.46523, 37.97775, Outback Steakhouse, USA-Evansville, 7201 Indiana Street, +1 (812) 474-0005
-87.97553, 41.86049, Outback Steakhouse, USA-Villa Park, 100-28 E. Roosevelt Road, +1 (630) 530-0005
-84.46874, 33.92396, Outback Steakhouse, USA-Marietta, 2900 Delk Road, +1 (770) 850-9182
-106.75815, 32.33239, Outback Steakhouse, USA-Las Cruces, 940 N. Telshor Blvd., +1 (505) 522-1370
-96.84212, 46.87160, Outback Steakhouse, USA-Fargo, 401 38th Street SW, +1 (701) 277-5698
-73.18087, 44.46530, Outback Steakhouse, USA-Burlington, 150 Dorset Street, +1 (802) 862-0003
-81.47422, 41.52003, Outback Steakhouse, USA-Lyndhurst, 5708 Mayfield Road, +1 (440) 449-8557
-83.75343, 42.22950, Outback Steakhouse, USA-Ann Arbor, 3173 Oak Valley Drive, +1 (734) 662-7400
-83.97459, 36.00911, Outback Steakhouse, USA-Knoxville, 314 A Merchants Drive, +1 (865) 281-0999
-86.80783, 33.60833, Outback Steakhouse, USA-Birmingham, 1725 Fulton Road, +1 (205) 849-0155
-84.09312, 35.91450, Outback Steakhouse, USA-Knoxville, 330 N. Peters Road, +1 (865) 539-2540
-111.92969, 33.65527, Outback Steakhouse, USA-Phoenix, 7000 Mayo Blvd. Bldg 24, +1 (480) 538-0122
-86.12427, 40.44379, Outback Steakhouse, USA-Kokomo, 3730 S. Reed Road, +1 (765) 453-6283
-71.05971, 42.16348, Outback Steakhouse, USA-Randolph, 45 Mazzeo Drive, +1 (781) 961-9778
-84.15310, 40.04162, Outback Steakhouse, USA-United States, 1801 Towne Park Dr., +1 (937) 332-7811
-75.11425, 38.71829, Outback Steakhouse, USA-Rehoboth Beach, 4310 Highway 1, +1 (302) 227-4858
-155.98827, 19.62999, Outback Steakhouse, USA-Kailua-Kona, 75-5809 Alii Drive, +1 (808) 326-2555
-81.33250, 41.69011, Outback Steakhouse, USA-Mentor, 8595 Market St, +1 (440) 205-9505
-84.35174, 39.06167, Outback Steakhouse, USA-Cincinnati, 7731 Five Mile Road, +1 (513) 624-8181
-122.40808, 45.49638, Outback Steakhouse, USA-Gresham, 2424 SE Burnside Rd, +1 (503) 674-5340
-80.40972, 27.31340, Outback Steakhouse, USA-Lucie, 1950 NW Courtyard Circle Port St., +1 (772) 873-9990
-76.97357, 38.80588, Outback Steakhouse, USA-Oxon Hill, 6019 Oxon Hill Rd, +1 (301) 839-4300
-103.20553, 44.10693, Outback Steakhouse, USA-Rapid City, 665 E. Disk Dr, +1 (605) 341-1192
-84.26111, 39.35623, Outback Steakhouse, USA-Mason, 2512 Kings Center Ct, +1 (513) 754-0601
-97.98776, 29.82532, Outback Steakhouse, USA-San Marcos, 4205 I-H 35 S, +1 (512) 353-2500
-82.01491, 34.93412, Outback Steakhouse, USA-United States, 1646 J.B. White SR Blvd., +1 (864) 574-4329
-95.61319, 29.60606, Outback Steakhouse, USA-Sugar Land, 15253 S.W. Freeway, +1 (281) 980-4329
-119.71513, 39.53361, Outback Steakhouse, USA-United States, 1805 E. Lincoln Way, +1 (775) 358-2700
-74.29975, 40.44034, Outback Steakhouse, USA-United States, 1397 US Route 9 & 34, +1 (732) 525-8899
-74.56175, 39.40122, Outback Steakhouse, USA-Egg Harbor, 6731 Black Horse Pike, +1 (609) 484-8778
-117.06243, 32.97980, Outback Steakhouse, USA-Poway, 14701 Pomerado Road, +1 (858) 486-1563
-72.72239, 41.66113, Outback Steakhouse, USA-Newington, 3210 Berlin Turnpike, +1 (860) 666-0002
-93.76765, 41.60048, Outback Steakhouse, USA-Clive, 10901 University Avenue, +1 (515) 221-3309
-84.57431, 34.00592, Outback Steakhouse, USA-United States, 810 Ernest W. Barrett Pkwy, +1 (770) 795-0400
-75.34711, 39.91375, Outback Steakhouse, USA-Springfield, 1162 Baltimore Pike, +1 (610) 544-9889
-83.76143, 42.98002, Outback Steakhouse, USA-Flint, 4270 Miller Road, +1 (810) 720-0979
-82.14150, 27.01064, Outback Steakhouse, USA-Port Charlotte, 1481 Tamiami Trail, +1 (941) 766-7077
-90.74771, 38.74970, Outback Steakhouse, USA-O'Fallon, 4002 Winghaven Blvd, +1 (636) 625-4300
-97.39364, 27.71956, Outback Steakhouse, USA-Corpus Christi, 4221 S. Padre Island Dr., +1 (361) 814-6283
-84.99926, 34.76038, Outback Steakhouse, USA-Dalton, 955 Market St., +1 (706) 277-9600
-76.98018, 40.23847, Outback Steakhouse, USA-Mechanicsburg, 25 Gateway Drive, +1 (717) 795-9909
-85.67061, 30.18973, Outback Steakhouse, USA-United States, 861 W. 23rd Street, +1 (850) 784-9649
-73.78314, 42.86361, Outback Steakhouse, USA-Clifton Park, 610 Old Rt. 146, +1 (518) 348-1900
-76.84043, 38.91171, Outback Steakhouse, USA-Largo, 9660 Lottsford Court, +1 (301) 322-6444
-118.02604, 34.14011, Outback Steakhouse, USA-United States, 166 E. Huntington Drive, +1 (626) 447-6435
-77.26131, 39.16959, Outback Steakhouse, USA-Germantown, 12609 Wisteria Drive, +1 (301) 353-9499
-81.42379, 40.84509, Outback Steakhouse, USA-Canton, 4303 Whipple Ave. NW, +1 (330) 493-9515
-85.16334, 34.25208, Outback Steakhouse, USA-Rome, 1404 Turner McCall Blvd., +1 (706) 235-3233
-117.67006, 34.10011, Outback Steakhouse, USA-Upland, 530 N. Mountain Avenue, +1 (909) 931-1050
-81.80070, 28.82737, Outback Steakhouse, USA-Leesburg, 9600 US highway 441, +1 (352) 365-6222
-78.59041, 35.82169, Outback Steakhouse, USA-Raleigh, 3105 Capital Blvd, +1 (919) 790-0990
-98.48031, 34.62343, Outback Steakhouse, USA-Lawton, 7206 NW Cache Rd, +1 (580) 536-6550
-93.57358, 41.70685, Outback Steakhouse, USA-Ankeny, 2410 SE Tones Drive, +1 (515) 963-1243
-122.03502, 37.33233, Outback Steakhouse, USA-Cupertino, 20630 Valley Green Drive, +1 (408) 255-4400
-123.03953, 44.08359, Outback Steakhouse, USA-Springfield, 3463 Hutton St, +1 (541) 746-7700
-86.14440, 32.38389, Outback Steakhouse, USA-Montgomery, 1040 E. Blvd., +1 (334) 270-9495
-84.11247, 33.82403, Outback Steakhouse, USA-Mountain, 1525 E. Park Place Blvd, +1 (770) 498-5400
-96.70994, 33.02015, Outback Steakhouse, USA-United States, 1509 N. Central Exp., +1 (972) 516-4100
-81.76660, 24.56962, Outback Steakhouse, USA-Key West, 3230 N. Roosevelt Blvd, +1 (305) 292-0667
-100.49777, 31.43563, Outback Steakhouse, USA-San Angelo, 4505 Sherwood Way, +1 (325) 224-2796
-93.30508, 44.74653, Outback Steakhouse, USA-Burnsville, 2034 W. County Road 42, +1 (952) 892-0700
-93.05741, 44.86624, Outback Steakhouse, USA-Inver Grove Heights, 5723 Bishop Ave, +1 (651) 457-7688
-83.46340, 42.32248, Outback Steakhouse, USA-Canton, 42871 Ford Road, +1 (734) 981-4144
-118.32888, 34.19172, Outback Steakhouse, USA-United States, 1761 N. Victory Place, +1 (818) 567-2717
-158.08969, 21.32992, Outback Steakhouse, USA-Kapolei, 302 Kamokila Blvd, +1 (808) 674-1300
-106.65317, 35.19573, Outback Steakhouse, USA-Albuquerque, 10022 Coors Blvd. NW, +1 (505) 890-9713
-104.86754, 39.59316, Outback Steakhouse, USA-Centennial, 10443 E. Costilla Avenue, +1 (303) 792-2903
-80.30130, 36.06235, Outback Steakhouse, USA-Winston-Salem, 505 Highland Oaks Dr, +1 (336) 760-4329
-114.61753, 32.69852, Outback Steakhouse, USA-Yuma, 328 East 16th Street, +1 (928) 376-7711
-122.78919, 45.51498, Outback Steakhouse, USA-Portland, 11146 SW Barnes Road, +1 (503) 643-8007
-81.09045, 32.08029, Outback Steakhouse, USA-Savannah, 7 Dratyon St, +1 (912) 232-1611
-88.00622, 42.95681, Outback Steakhouse, USA-Greenfield, 7401 West Barnard Avenue, +1 (414) 817-1800
-80.22779, 27.16688, Outback Steakhouse, USA-Stuart, 3101 S.E. Federal Hwy, +1 (772) 286-2622
-83.67453, 41.58196, Outback Steakhouse, USA-Maumee, 401 W. Dussel Rd, +1 (419) 891-3621
-82.70254, 28.30469, Outback Steakhouse, USA-Port Richey, 10156 US Hwy. 19 N., +1 (727) 863-9050
-82.82779, 42.67453, Outback Steakhouse, USA-Chesterfield Township, 27953 23 Mile Rd, +1 (586) 948-4329
-72.62917, 42.14560, Outback Steakhouse, USA-Springfield, 1537 Riverdale St., +1 (413) 746-5700
-82.39332, 27.04962, Outback Steakhouse, USA-Venice, 4220 S. Tamiami Trail, +1 (941) 497-2700
-70.95439, 42.54987, Outback Steakhouse, USA-Peabody, 300 Andover Street, +1 (978) 532-4280
-115.24225, 36.19433, Outback Steakhouse, USA-Las Vegas, 1950 N. Rainbow Blvd, +1 (702) 647-1035
-76.72948, 38.98418, Outback Steakhouse, USA-Bowie, 6868 Race Track Road, +1 (301) 464-5800
-81.15927, 34.07238, Outback Steakhouse, USA-Columbia, 252 F. Harbison Blvd, +1 (803) 732-3771
-89.35629, 31.32691, Outback Steakhouse, USA-Hattiesburg, 103 Carlisle Drive, +1 (601) 264-0771
-90.31713, 38.63466, Outback Steakhouse, USA-Richmond Heights, 6710 Clayton Road, +1 (314) 647-3121
-74.04482, 40.78934, Outback Steakhouse, USA-Secaucus, 455 Harmon Meadow Blvd, +1 (201) 601-0077
-77.77091, 38.73438, Outback Steakhouse, USA-Warrenton, 6419 Lee Highway, +1 (540) 349-0457
-81.73001, 30.18678, Outback Steakhouse, USA-Orange Park, 1775 Wells Road, +1 (904) 269-9091
-111.06613, 45.71267, Outback Steakhouse, USA-Bozeman, 6059 E Valley Center Rd, +1 (406) 587-5200
-117.67486, 33.59349, Outback Steakhouse, USA-Laguna Hills, 25322 Cabot Road, +1 (949) 829-0683
-83.56644, 35.86047, Outback Steakhouse, USA-Sevierville, 611 Parkway, +1 (865) 429-3085
-86.42649, 30.38894, Outback Steakhouse, USA-Destin, 34908 Emerald Coast Pkwy, +1 (850) 269-1936
-118.19308, 33.76301, Outback Steakhouse, USA-Long Beach, 20 West Shoreline Dr, +1 (562) 435-0002
-81.73478, 41.37627, Outback Steakhouse, USA-Parma, 6950 Ridge Road, +1 (440) 842-6114
-88.46881, 44.26180, Outback Steakhouse, USA-Grand Chute, 4287 W. College Avenue, +1 (920) 730-4329
-78.67975, 35.88871, Outback Steakhouse, USA-Raleigh, 7500 Creedmoor Road, +1 (919) 846-3848
-81.47330, 41.11902, Outback Steakhouse, USA-Cuyahoga Falls, 738 Howe Avenue, +1 (330) 928-9550
-84.42976, 42.27088, Outback Steakhouse, USA-Jackson, 1501 Boardman Rd., +1 (517) 784-7700
-89.60574, 39.76846, Outback Steakhouse, USA-Springfield, 3201 Horizon Drive, +1 (217)523-2815
-88.16479, 41.58478, Outback Steakhouse, USA-Joliet, 3241 Chicagoland Circle, +1 (815) 267-3020
-117.14931, 33.53246, Outback Steakhouse, USA-Temecula, 40275 Winchester Rd, +1 (951) 719-3700
-156.67711, 20.97168, Outback Steakhouse, USA-Kahana Maui, 4405 Honoapiilani Hwy #218, +1 (808) 665-1822
-121.41544, 38.58987, Outback Steakhouse, USA-Sacramento, 1340 Howe Ave., +1 (916) 927-0806
-95.30379, 32.28760, Outback Steakhouse, USA-Tyler, 5704 S. Broadway, +1 (903) 509-8193
-83.12558, 42.53385, Outback Steakhouse, USA-Heights, 1515 W. 14 Mile Rd., +1 (248) 585-2064
-121.26486, 38.62556, Outback Steakhouse, USA-Gold River, 2100 Golden Centre Lane, +1 (916) 635-3603
-111.91059, 33.39295, Outback Steakhouse, USA-United States, 1734 E. Southern Avenue, +1 (480) 491-6064
-93.25651, 44.86182, Outback Steakhouse, USA-Bloomington, 1321 E. 78th St., +1 (952) 854-1950
-80.69188, 32.44139, Outback Steakhouse, USA-Beaufort, 2113 Boundary Street, +1 (843) 379-6283
-84.22943, 33.50808, Outback Steakhouse, USA-Stockbridge, 200 N. Park, +1 (770) 507-4198
-76.67897, 39.97425, Outback Steakhouse, USA-York, 2496 E. Market Street, +1 (717) 757-4363
-77.87230, 34.23743, Outback Steakhouse, USA-Wilmington, 302 S. College Road, +1 (910) 791-5335
-95.72735, 29.78336, Outback Steakhouse, USA-Katy, 20455 Katy Freeway, +1 (281) 492-2225
-88.25801, 40.14626, Outback Steakhouse, USA-Champaign, 2402 N. Prospect Avenue, +1 (217) 398-3322
-80.42889, 37.16228, Outback Steakhouse, USA-Christiansburg, 295 Pepper's Ferry Rd, +1 (540) 382-9596
-115.28159, 36.14400, Outback Steakhouse, USA-United States, 8671 W. Sahara Avenue, +1 (702) 228-1088
-73.07966, 40.81169, Outback Steakhouse, USA-Holbrook, 325 Main Street, +1 (631) 585-0404
-77.27553, 38.81866, Outback Steakhouse, USA-Fairfax, 9579 Braddock Road, +1 (703) 978-6283
-73.95178, 41.09851, Outback Steakhouse, USA-Nyack, 4242 Palisades Center, +1 (845) 353-0707
-85.24364, 35.13711, Outback Steakhouse, USA-Chattanooga, 501-A Northgate Mall, +1 (423) 870-0980
-82.59011, 40.77446, Outback Steakhouse, USA-United States, 820 N. Lexington Sprgmill Rd, +1 (419) 747-5646
-94.53531, 39.17297, Outback Steakhouse, USA-Kansas City, 4323 NE Chouteau Trafficway Ste., +1 (816) 452-2279
-74.07908, 40.90702, Outback Steakhouse, USA-Rochelle Park, 194 N. Route 17, +1 (201) 843-8445
-96.97626, 33.01033, Outback Steakhouse, USA-Lewisville, 2211 S. Stemmons Fwy., +1 (972) 315-5772
-86.01338, 39.80162, Outback Steakhouse, USA-Indianapolis, 2315 Post Drive, +1 (317) 890-9466
-88.95307, 40.49680, Outback Steakhouse, USA-Bloomington, 1409 N. Veteran's Parkway, +1 (309) 663-0455
-73.27438, 40.84488, Outback Steakhouse, USA-Commack, 216 Jericho Turnpike, +1 (631) 864-7400
-76.81377, 39.25067, Outback Steakhouse, USA-Ellicott, 4420 Long Gate Parkway, +1 (410) 480-0472
-116.27162, 43.59015, Outback Steakhouse, USA-Boise, 7189 Overland Road, +1 (208) 323-4230
-76.00243, 42.09572, Outback Steakhouse, USA-Vestal, 3140 Vestal Pkwy. E, +1 (607) 766-9915
-82.74876, 27.91646, Outback Steakhouse, USA-Largo, 3690 E. Bay Drive, +1 (727) 538-9499
-74.00992, 40.61162, Outback Steakhouse, USA-Brooklyn, 1475 86th St., +1 (718) 837-7200
-104.82800, 39.32700, Outback Steakhouse, USA-Castle Rock, 4687 Milestone Lane, +1 (303) 814-0099
-98.47472, 29.58809, Outback Steakhouse, USA-Antonio, 16080 San Pedro Avenue, +1 (210) 490-7316
-84.38055, 33.86012, Outback Steakhouse, USA-Atlanta, 3850 Roswell Road N.E., +1 (404) 266-8000
-97.48584, 35.22973, Outback Steakhouse, USA-United States, 860 N. Interstate Drive, +1 (405) 447-6770
-117.33361, 33.18324, Outback Steakhouse, USA-Oceanside, 2485 Vista Way, +1 (760) 754-8825
-77.61349, 37.52135, Outback Steakhouse, USA-Richmond, 2063 Huguenot Rd, +1 (804) 272-4500
-121.26464, 38.74883, Outback Steakhouse, USA-United States, 181 N. Sunrise Ave., +1 (916) 772-6060
-76.90741, 38.62969, Outback Steakhouse, USA-Waldorf, 3020 Crain Hwy, +1 (301) 645-4120
-118.54072, 34.25727, Outback Steakhouse, USA-Northridge, 18711 Devonshire Street, +1 (818) 366-2341
-79.75993, 40.43796, Outback Steakhouse, USA-Monroeville, 3000 Mosside Blvd, +1 (412) 374-8646
-96.63104, 32.81789, Outback Steakhouse, USA-Mesquite, 3903 Towne Crossing Blvd, +1 (972) 686-0555
-94.82357, 38.84722, Outback Steakhouse, USA-United States, 15430 S. Rogers Rd., +1 (913) 780-9222
-78.47178, 38.08172, Outback Steakhouse, USA-Charlottesville, 355 Albemarle Square, +1 (434) 975-4329
-71.32220, 41.79085, Outback Steakhouse, USA-Seekonk, 1301 Fall River Avenue, +1 (508) 336-7770
-71.63405, 42.28427, Outback Steakhouse, USA-Westborough, 227 Turnpike Road, +1 (508) 366-4400
-97.54941, 35.39167, Outback Steakhouse, USA-Oklahoma City, 2219 S.W. 74th Ste., +1 (405) 686-0918
-80.24494, 26.00926, Outback Steakhouse, USA-Pembroke Pines, 7841 Pines Blvd, +1 (954) 981-5300
-76.08166, 43.05554, Outback Steakhouse, USA-Dewitt, 3112 Erie Blvd. E, +1 (315) 445-2121
-81.14945, 35.26960, Outback Steakhouse, USA-Gastonia, 501 N. New Hope Road, +1 (704) 866-4533
-81.22512, 29.55489, Outback Steakhouse, USA-Palm Coast, 45 Plaza Drive, +1 (386) 446-6280
-75.08591, 40.26367, Outback Steakhouse, USA-Jamison, 2520 York Rd, +1 (215) 918-2633
-104.79350, 39.77386, Outback Steakhouse, USA-United States, 16301 E. 40th Ave., +1 (303) 576-6633
-117.87715, 33.92652, Outback Steakhouse, USA-Brea, 402 Pointe Drive, +1 (714) 990-8100
-90.15962, 30.00138, Outback Steakhouse, USA-Metairie, 2746 Severn Ave, +1 (504) 455-6850
-81.61972, 30.19925, Outback Steakhouse, USA-United States, 9773 San Jose Blvd., +1 (904) 268-4329
-121.41878, 38.42278, Outback Steakhouse, USA-Elk Grove, 7221 Laguna Blvd, +1 (916) 714-0141
-73.55178, 40.66608, Outback Steakhouse, USA-Merrick, 2124 Merrick Mall, +1 (516) 377-7761
-88.12049, 41.94946, Outback Steakhouse, USA-United States, 166 S. Gary Avenue, +1 (630) 582-8914
-86.97432, 40.25885, Outback Steakhouse, USA-Lafayette, 3660 State Road 26, +1 (765) 449-1790
-80.94468, 34.07661, Outback Steakhouse, USA-Columbia, 7611 Two Notch Road, +1 (803) 788-9800
-86.80559, 35.96593, Outback Steakhouse, USA-Brentwood, 8005 Moores Lane, +1 (615) 661-9150
-96.31424, 30.61139, Outback Steakhouse, USA-College Station, 2102 S. Texas Ave., +1 (979) 764-4329
-82.14250, 34.24289, Outback Steakhouse, USA-Greenwood, 454 Bypass 72 N.W, +1 (864) 223-6283
-84.95870, 32.52355, Outback Steakhouse, USA-Columbus, 5592 Whitesville Road, +1 (706) 324-6700
-111.92185, 33.49685, Outback Steakhouse, USA-Scottsdale, 4180 N. Drinkwater Blvd, +1 (480) 424-6810
-82.31701, 27.93781, Outback Steakhouse, USA-Brandon, 2020 Brandon Blvd. Suite 180, +1 (813) 684-6283
-84.22145, 31.61834, Outback Steakhouse, USA-United States, 823 N. Westover Road, +1 (229) 883-4329
-72.90386, 41.63795, Outback Steakhouse, USA-Southington, 817 Queen Street, +1 (860) 276-9585
-86.14227, 39.65744, Outback Steakhouse, USA-Indianapolis, 7525 U.S. 31 S, +1 (317) 881-6283
-117.99790, 33.85390, Outback Steakhouse, USA-Buena Park, 7575 Beach Boulevard, +1 (714) 523-5788
-83.15107, 39.98240, Outback Steakhouse, USA-United States, 1735 Hillard Rome Road, +1 (614) 777-5433
-86.60507, 36.17875, Outback Steakhouse, USA-Hermitage, 5582 Old Hickory Blvd, +1 (615) 885-6677
-97.48883, 35.62001, Outback Steakhouse, USA-Edmond, 3600 S. Broadway, +1 (405) 359-7432
-104.88303, 41.08028, Outback Steakhouse, USA-United States, 1626 Fleischli Business Pkwy., +1 (307) 638-8171
-101.87798, 33.50239, Outback Steakhouse, USA-Lubbock, 4015 South Loop 289, +1 (806) 788-0035
-121.84665, 37.25058, Outback Steakhouse, USA-San Jose, 694 Blossom Hill Rd, +1 (408) 226-4922
-76.53889, 38.97879, Outback Steakhouse, USA-Annapolis, 2207 Forest Drive, +1 (410) 266-7229
-96.03181, 41.26328, Outback Steakhouse, USA-Omaha, 7605 Cass Street, +1 (402) 392-2212
-84.85086, 35.20708, Outback Steakhouse, USA-Cleveland, 536 Paul Huff Pkwy, +1 (423) 339-1630
-117.34329, 34.47480, Outback Steakhouse, USA-Victorville, 12400 - B Amargosa Rd., +1 (760) 962-1003
-110.25720, 31.55376, Outback Steakhouse, USA-Vista, 99 S. Hwy. 92, +1 (520) 458-1313
-111.96828, 33.32007, Outback Steakhouse, USA-Chandler, 1080 N. 54th Street, +1 (480) 496-8333
-82.95420, 40.08585, Outback Steakhouse, USA-Columbus, 2400 E. Dublin-Granville Rd, +1 (614) 882-3800
-122.05831, 37.95867, Outback Steakhouse, USA-Hill, 150 A Longbrook Way, +1 (925) 687-2225
-114.46001, 42.59532, Outback Steakhouse, USA-Twin Falls, 1965 Blue Lakes Blvd, +1 (208) 733-4585
-70.30484, 41.67308, Outback Steakhouse, USA-Hyannis, 1070 Iyannough Rd. (Route 132), +1 (508) 778-8787
-84.19207, 39.84549, Outback Steakhouse, USA-Dayton, 6800 Miller Lane, +1 (937) 454-1585
-71.19307, 42.72581, Outback Steakhouse, USA-Methuen, 145-i47 Pelham Street, +1 (978) 686-1122
-84.60700, 39.01699, Outback Steakhouse, USA-Erlanger, Terminal 3 (4th Floor), +1 (859) 767-1055
-81.38793, 30.25711, Outback Steakhouse, USA-Jacksonville Beach, 3760 S. 3rd Street, +1 (904) 247-7888
-73.00027, 41.25675, Outback Steakhouse, USA-Orange, 132 Marsh Hill Road, +1 (203) 795-0700
-78.62739, 35.71292, Outback Steakhouse, USA-United States, 845 US Highway 70, +1 (919) 329-9211
-89.99241, 34.96271, Outback Steakhouse, USA-Southaven, 125 Goodman Rd. Suite A, +1 (662) 349-7488
-81.70949, 35.08279, Outback Steakhouse, USA-Gaffney, 945 Factory Shops Blvd., +1 (864) 902-0026
-94.18189, 36.33411, Outback Steakhouse, USA-Rogers, 4509 W. Poplar Street, +1 (479) 936-7660
-94.72350, 38.95654, Outback Steakhouse, USA-Overland Park, 9501 Quivira Drive, +1 (913) 894-5115
-88.33880, 42.02385, Outback Steakhouse, USA-South Elgin, 365 Randall Road, +1 (847) 717-0100
-76.47980, 39.39864, Outback Steakhouse, USA-Baltimore, 4215 Ebenezer Road, +1 (410) 529-7200
-73.80443, 42.71987, Outback Steakhouse, USA-Colonie, 145 Wolf Road, +1 (518) 482-4863
-104.75390, 40.39510, Outback Steakhouse, USA-Greeley, 4650 Centerplace Dr, +1 (970) 330-7800
-74.33524, 40.68679, Outback Steakhouse, USA-Springfield, 901 Mountain Avenue, +1 (973) 467-9095
-111.88547, 33.30597, Outback Steakhouse, USA-Chandler, 2520 W. Chandler Blvd, +1 (480) 899-7913
-80.74348, 35.29346, Outback Steakhouse, USA-Charlotte, 1015 Chancellor Park Dr., +1 (704) 598-7727
-77.29215, 38.86247, Outback Steakhouse, USA-Fairfax, 10060 Lee Hwy., +1 (703) 352-5000
-85.62976, 38.25084, Outback Steakhouse, USA-Louisville, 4621 Shelbyville Road, +1 (502) 895-4329
-96.77831, 43.52494, Outback Steakhouse, USA-Sioux Falls, 2411 S. Carolyn Ave, +1 (605) 362-7266
-106.59368, 35.13774, Outback Steakhouse, USA-Albuquerque, 4921 Jefferson NE, +1 (505) 884-8760
-91.18789, 43.87892, Outback Steakhouse, USA-Onalaska, 311 Hampton Ct, +1 (608) 781-4329
-80.68356, 28.35700, Outback Steakhouse, USA-Merritt Island, 261 Merritt Sq, +1 (321) 454-4450
-96.65366, 40.81924, Outback Steakhouse, USA-Lincoln, 633 N. 48th Street, +1 (402) 465-5050
-111.98004, 33.59848, Outback Steakhouse, USA-Phoenix, 4715 E. Cactus Road, +1 (602) 494-3902
-80.75082, 41.21043, Outback Steakhouse, USA-Niles, 5555 Youngstown-Warren Rd. Unit 40, +1 (330) 544-6774
-75.56403, 38.41850, Outback Steakhouse, USA-United States, 8245 A Dickerson Ln, +1 (410) 341-7355
-82.26299, 38.41181, Outback Steakhouse, USA-Barboursville, 3417 U.S. Route 60, +1 (304) 733-1355
-75.52602, 40.59822, Outback Steakhouse, USA-Allentown, 3100 W. Tilghman St, +1 (610) 437-7117
-80.24441, 26.23905, Outback Steakhouse, USA-Coral Springs, 650 Riverside Drive, +1 (954) 345-5965
-81.91297, 28.90149, Outback Steakhouse, USA-The Villages, 710 N. Highway 441, +1 (352) 430-2590
-77.03838, 35.09739, Outback Steakhouse, USA-New Bern, 111 Howell Rd., +1 (252) 672-9394
-71.78278, 42.55166, Outback Steakhouse, USA-Leominster, 865 Merriam Ave, +1 (978) 840-3377
-95.87755, 36.06085, Outback Steakhouse, USA-Tulsa, 9006 E. 71st Street, +1 (918) 254-4741
-97.13711, 33.19655, Outback Steakhouse, USA-Denton, 300 I-35 S, +1 (940) 320-5373
-97.24457, 37.71990, Outback Steakhouse, USA-Wichita, 2020 N. Rock Road, +1 (316) 634-6500
-104.71669, 39.60575, Outback Steakhouse, USA-Aurora, 6040 S. Gun Club Rd, +1 (720) 889-2965
-81.65344, 41.13192, Outback Steakhouse, USA-Akron, 110 Montrose W. Ave., +1 (330) 665-4849
-84.13109, 34.18955, Outback Steakhouse, USA-United States, 1715 Market Place Blvd., +1 (678) 455-7225
-98.20936, 26.19962, Outback Steakhouse, USA-McAllen, 1109 East Business 83, +1 (956) 618-0577
-74.11892, 41.14829, Outback Steakhouse, USA-Suffern, 30 Indian Rock Route 59, +1 (845) 368-3800
-79.83500, 36.03819, Outback Steakhouse, USA-Greensboro, 2105 Four Seasons Boulevard, +1 (336) 294-5456
-94.72652, 31.30503, Outback Steakhouse, USA-Lufkin, 2206 S. First St., +1 (936) 634-4616
-79.49772, 36.06640, Outback Steakhouse, USA-Burlington, 2735 Longpine Road, +1 (336) 586-0330
-75.54319, 39.86606, Outback Steakhouse, USA-Glen Mills, 561 Glen Eagle Square, +1 (610) 558-0644
-79.42605, 36.59314, Outback Steakhouse, USA-Danville, 111 Enterprise Drive, +1 (434) 792-0781
-81.02929, 37.36489, Outback Steakhouse, USA-Princeton, 311 Greasy Ridge Road, +1 (304) 487-1971
-81.67155, 36.12914, Outback Steakhouse, USA-Blowing Rock, 8280 Valley Blvd, +1 (828) 295-6283
-81.30965, 28.42666, Outback Steakhouse, USA-Orlando, 9333 Airport Blvd., +1 (407) 851-1334
-89.98477, 38.56761, Outback Steakhouse, USA-Swansea, 4390 N. Illinois Street, +1 (618) 235-7000
-119.15499, 34.22216, Outback Steakhouse, USA-Oxnard, 2341 Lockwood Street, +1 (805) 988-4329
