-86.696468,33.5879624,"Pets Supplies Plus-Birmingham,AL","228 Gadsden Hwy, Birmingham,AL 35235-1006, 205-836-3738"
-86.8203592,33.4641235,"Pets Supplies Plus-Homewood,AL","421 Green Springs Hwy, Homewood,AL 35209-4921, 205-942-6462"
-88.190498,30.6738959,"Pets Supplies Plus-Mobile,AL","803 Hillcrest Rd, Mobile,AL 36695-3909, 251-343-9702"
-86.7917709,33.3334198,"Pets Supplies Plus-Pelham,AL","1928 Hwy 31 South, Pelham,AL 35244-1141, 205-978-9788"
-87.5286179,33.1855965,"Pets Supplies Plus-Tuscaloosa,AL","2600 Mcfarland Blvd E, Tuscaloosa,AL 35405-1800, 205-345-1212"
-94.0093765,36.329071,"Pets Supplies Plus-Rogers,AR","4327 S Plasant Crossing Blvd [ste E], Rogers,AR 72756, none listed"
-119.6929779,36.8096733,"Pets Supplies Plus-Clovis,CA","1235 Shaw Avenue, Clovis,CA 93612, 559-298-9738"
-119.803631,36.8085773,"Pets Supplies Plus-Fresno,CA","638 W Shaw Ave [Ste 59], Fresno,CA 93704, 559-221-9738"
-121.7413909,37.6972246,"Pets Supplies Plus-Livermore,CA","4500 Arroyo Vista Drive, Livermore,CA 95380, 925-373-9738"
-121.2709808,38.1152458,"Pets Supplies Plus-Lodi,CA","1411 South Stockton Street, Lodi,CA 95240, 209-333-7330"
-121.9245529,36.6083984,"Pets Supplies Plus-Pacific Grove,CA","120 Country Club Gate, Pacific Grove,CA 93950, 831-646-9738"
-121.4921446,38.5381816,"Pets Supplies Plus-Sacramento,CA","2018 Sutterville Road, Sacramento,CA 95822, 916-452-9738"
-121.3259735,38.0204659,"Pets Supplies Plus-Stockton,CA","1140 West Hammer Lane, Stockton,CA 95209, 209-474-2195"
-121.3153992,37.9691391,"Pets Supplies Plus-Stockton,CA","1416 Country Club Boulevard, Stockton,CA 95204, 209-948-9491"
-120.8797455,37.5187454,"Pets Supplies Plus-Turlock,CA","2840 Countryside Drive, Turlock,CA 95380, 209-656-7085"
-121.7270927,38.6700752,"Pets Supplies Plus-Woodland,CA","2091 Bronze Star Drive, Woodland,CA 95776, 530-669-7382"
-105.0532986,39.8445227,"Pets Supplies Plus-Arvada,CO","8175 Sheridan Blvd [Unit A], Arvada,CO 80003, 303-429-9317 "
-105.0247879,39.6259003,"Pets Supplies Plus-Englewood,CO","5050 South Federal Blvd [Suite 25A], Englewood,CO 80110, coming soon"
-105.194297,39.7380893,"Pets Supplies Plus-Golden,CO","17205 South Golden Rd., Golden,CO 80401, 303-216-3294 "
-105.0240002,40.5255148,"Pets Supplies Plus-Fort Collins,CO","2912 Council Tree Ave [Ste 100], Fort Collins,CO 80525, 970-282-4326 "
-72.9042287,41.6972485,"Pets Supplies Plus-Bristol,CT","1168 Farmington Ave, Bristol,CT 06010-4752, 860-585-5544"
-73.4149399,41.4306183,"Pets Supplies Plus-Brookfield,CT","3 Federal Rd, Brookfield,CT 06804-2505, 203-885-0216"
-72.0566192,41.350624,"Pets Supplies Plus-Groton,CT","646-D Long Hill Rd, Groton,CT 06340-4210, 860-446-0022"
-72.5371979,41.7812345,"Pets Supplies Plus-Manchester,CT","283 Middle Tpke W, Manchester,CT 06040-3834, 860-533-9780"
-73.0143967,41.2571144,"Pets Supplies Plus-Orange,CT","471 Boston Post Rd, Orange,CT 06477-3509, 203-799-7387"
-73.1220703,41.2776794,"Pets Supplies Plus-Shelton,CT","675 Bridgeport Ave, Shelton,CT 06484-4747, 203-926-8422"
-72.7455215,41.786499,"Pets Supplies Plus-West Hartford,CT","2480 Albany Ave, West Hartford,CT 06117-2524, 860-570-2461"
-72.6553217,41.6881337,"Pets Supplies Plus-Wethersfield,CT","1142 Silas Deane Hwy, Wethersfield,CT 06109, 860-563-3510"
-72.7020645,41.7062416,"Pets Supplies Plus-Wethersfield,CT","1773 Berlin Tpke, Wethersfield,CT 06109-1303, 860-563-3110"
-75.546503,39.7909174,"Pets Supplies Plus-Wilmington,DE","2223 Concord Pike, Wilmington,DE 19803, 302-654-8901"
-81.4112154,30.3245851,"Pets Supplies Plus-Atlantic Beach,FL","977 Atlantic Blvd, Atlantic Beach,FL 32233, 904-853-6406 "
-82.7091309,27.9800098,"Pets Supplies Plus-Clearwater,FL","1500 N Mcmullen Booth Rd, Clearwater,FL 33759-5504, 727-726-5544"
-80.0813312,26.4396092,"Pets Supplies Plus-Delray Beach,FL","800 Linton Blvd, Delray Beach,FL 33444-8153, 561-330-0663"
-80.1937198,26.0327301,"Pets Supplies Plus-Hollywood,FL","4923 Sheridan St, Hollywood,FL 33021-2823, 954-985-3400"
-80.0810114,26.8081145,"Pets Supplies Plus-Lake Park,FL","1258 Northlake Blvd, Lake Park,FL 33403-2050, 561-844-5898"
-80.144989,26.5918236,"Pets Supplies Plus-Lake Worth,FL","5960 S Jog Rd [ste A], Lake Worth,FL 33467-6509, 561-968-5775"
-82.4593596,28.1909877,"Pets Supplies Plus-Land O'Lakes,FL","21703 Village Lakes Shopping Center Drive, Land O'Lakes,FL 34639, coming soon"
-82.6772995,28.2906075,"Pets Supplies Plus-New Port Richey,FL","9143 Little Rd, New Port Richey,FL 34654-4241, 727-868-4900"
-81.2078644,28.6002137,"Pets Supplies Plus-Oviedo,FL","4250 N Alafaya Trail, Oviedo,FL 32765-9405, 407-359-5599 "
-82.73991,27.839275,"Pets Supplies Plus-Pinellas Park,FL","7331 Park Blvd N, Pinellas Park,FL 33781-2922, 727-541-1199"
-81.2863082,28.7581542,"Pets Supplies Plus-Sanford,FL","3701 South Orlando Dr, Sanford,FL 32773, 407-323-8176"
-80.361434,26.103235,"Pets Supplies Plus-Sunrise,FL","1368 Sw 160Th Ave, Sunrise,FL 33326-1908, 954-217-8233"
-82.5424491,28.0602796,"Pets Supplies Plus-Tampa,FL","12064 Anderson Rd, Tampa,FL 33625, 813-374-7558"
-82.253423,27.937759,"Pets Supplies Plus-Valrico,FL","1971 State Road 60, Valrico,FL 33594, 813-540-0645"
-83.407928,33.946994,"Pets Supplies Plus-Athens,GA","191 Alps Rd [ste 15], Athens,GA 30606-4092, 706-353-0650"
-84.3513523,33.8190092,"Pets Supplies Plus-Atlanta,GA","2329 Cheshire Bridge Rd Ne, Atlanta,GA 30324-3725, 404-325-8300"
-81.49324,31.2160085,"Pets Supplies Plus-Brunswick,GA","211 Golden Isles Plz, Brunswick,GA 31520-1949, 912-267-5770"
-85.0757141,33.5546303,"Pets Supplies Plus-Carrollton,GA","1301-C S Park St, Carrollton,GA 30117-4433, 770-214-8825"
-84.4661713,34.0351105,"Pets Supplies Plus-Marietta,GA","2960 Shallowford Rd Ste 114-B, Marietta,GA 30066-3093, 770-973-3551"
-81.5794525,30.7532501,"Pets Supplies Plus-Saint Marys,GA","6500 Ga Highway 40 E, Saint Marys,GA 31558-4037, 912-882-2225"
-84.5333557,33.8752403,"Pets Supplies Plus-Smyrna,GA","3240 South Cobb Dr [Suite 750], Smyrna,GA 30080, coming soon"
-91.1391144,40.8169403,"Pets Supplies Plus-Burlington,IA","3200 East Agency St, Burlington,IA 52601, 319-752-4601"
-92.4381381,42.4850649,"Pets Supplies Plus-Cedar Falls,IA","713 Brandilynn Blvd, Cedar Falls,IA 50613, 319-260-2027 "
-87.9825805,42.0513611,"Pets Supplies Plus-Arlington Heights,IL","71 W Golf Rd, Arlington Heights,IL 60005-3905, 847-364-1177"
-88.0678864,41.7039299,"Pets Supplies Plus-Bolingbrook,IL","270 N Bolingbrook Dr, Bolingbrook,IL 60440-2380, 630-739-7777"
-87.9854096,42.1391653,"Pets Supplies Plus-Buffalo Grove,IL","1206 W Dundee Rd, Buffalo Grove,IL 60089-4016, 847-253-7788"
-88.2925413,40.0984079,"Pets Supplies Plus-Champaign,IL","2821 W Kirby Ave, Champaign,IL 61821-5359, 217-366-9240"
-87.6690678,41.9050848,"Pets Supplies Plus-Chicago,IL","1289 N Milwaukee, Chicago,IL 60622, 773-486-5093"
-87.7099293,41.9473102,"Pets Supplies Plus-Chicago,IL","3640 N Elston Ave, Chicago,IL 60618-4316, 773-583-2288"
-87.6756299,41.9497678,"Pets Supplies Plus-Chicago,IL","3757 N Lincoln Ave, Chicago,IL 60613-3517, 773-327-4314"
-87.8075241,41.9745909,"Pets Supplies Plus-Chicago,IL","7220 W Foster Ave, Chicago,IL 60656-3612, 773-594-1717"
-87.6306398,40.1721257,"Pets Supplies Plus-Danville,IL","2917 N Vermilion St Ste B1, Danville,IL 61832-8702, 217-446-0870"
-87.8352749,42.1525964,"Pets Supplies Plus-Deerfield,IL","9 Waukegan Rd, Deerfield,IL 60015-4901, 847-374-0478"
-87.8944505,42.0316952,"Pets Supplies Plus-Des Plaines,IL","1168 Lee St, Des Plaines,IL 60016-6517, 847-298-4450"
-89.4979477,41.8637924,"Pets Supplies Plus-Dixon,IL","1368 N Galena Ave, Dixon,IL 61021-1010, 815-288-1950"
-87.8062363,41.9118614,"Pets Supplies Plus-Elmwood Park,IL","1748 N Harlem Ave, Elmwood Park,IL 60707-4304, 708-453-6262"
-90.3595944,40.9762748,"Pets Supplies Plus-Galesburg,IL","2472 Veterans Dr, Galesburg,IL 61401, 309-342-0612"
-88.0776291,41.8585625,"Pets Supplies Plus-Glen Ellyn,IL","299 Roosevelt Rd, Glen Ellyn,IL 60137, 630-510-1111"
-87.9689562,42.3855496,"Pets Supplies Plus-Gurnee,IL","6675 Grand Ave, Gurnee,IL 60031-4591, 847-855-1465"
-90.2695007,39.7237244,"Pets Supplies Plus-Jacksonville,IL","1930 W Morton Ave, Jacksonville,IL 62650-2618, 217-245-2694"
-88.3354405,42.1771742,"Pets Supplies Plus-Lake In The Hills,IL","132 N Randall Rd, Lake In The Hills,IL 60156, 847-496-3999"
-87.7352676,42.0091362,"Pets Supplies Plus-Lincolnwood,IL","7031 N Lincoln Ave, Lincolnwood,IL 60712-2209, 847-329-4075"
-87.7007642,41.6842251,"Pets Supplies Plus-Merrionette Park,IL","3205 W 115th St, Merrionette Park,IL 60803, 708-385-8322"
-88.3211441,41.7224007,"Pets Supplies Plus-Montgomery,IL","1791 Douglas Road, Montgomery,IL 60538, 630-506-8181"
-87.8065498,42.0408502,"Pets Supplies Plus-Morton Grove,IL","7204 Dempster St, Morton Grove,IL 60053-1946, 847-581-1144"
-88.044742,42.2811044,"Pets Supplies Plus-Mundelein,IL","2982 W Il Route 60, Mundelein,IL 60060-4269, 847-566-5409"
-88.2052689,41.7147942,"Pets Supplies Plus-Naperville,IL","2747 Forgue Dr, Naperville,IL 60564-4128, 630-904-0500"
-88.1349258,41.7866898,"Pets Supplies Plus-Naperville,IL","720 E Ogden Ave, Naperville,IL 60563-2833, 630-904-2100"
-88.3498326,41.8087929,"Pets Supplies Plus-North Aurora,IL","180 N Randall Rd, North Aurora,IL 60542-1577, 630-907-9906"
-87.7791138,41.6976585,"Pets Supplies Plus-Oak Lawn,IL","8717 S Ridgeland Ave, Oak Lawn,IL 60453-1001, 708-430-5881"
-87.8489482,41.6014682,"Pets Supplies Plus-Orland Park,IL","9430 W 159Th St, Orland Park,IL 60467-5502, 708-971-0700"
-89.615921,40.559707,"Pets Supplies Plus-Pekin,IL","2111 Court St, Pekin,IL 61554-5299, 309-346-2684"
-88.2028475,41.6369833,"Pets Supplies Plus-Plainfield,IL","13501 S Rte 59 [Unit 101], Plainfield,IL 60544, 815-782-0900"
-91.3388991,39.935005,"Pets Supplies Plus-Quincy,IL","4824 Broadway, Quincy,IL 62301, 217-224-3032"
-88.1818552,42.0132456,"Pets Supplies Plus-Streamwood,IL","61 East Irving Park Rd, Streamwood,IL 60107-2930, 630-504-7700"
-87.985748,41.90681,"Pets Supplies Plus-Villa Park,IL","270 West North Avenue, Villa Park,IL 60181, 630-617-5600"
-87.856842,42.4085083,"Pets Supplies Plus-Waukegan,IL","3060 N Lewis Ave, Waukegan,IL 60087-2231, 847-782-5727"
-87.9722977,41.8096313,"Pets Supplies Plus-Westmont,IL","105 E Ogden Ave, Westmont,IL 60559-1301, 630-719-9090"
-88.4414063,41.6637611,"Pets Supplies Plus-Yorkville,IL","1755 Marketview Drive, Yorkville,IL 60560, 630-882-3610"
-86.9033508,40.0208511,"Pets Supplies Plus-Crawfordsville,IN","1530 South Washington St, Crawfordsville,IN 47933, 765-362-3022"
-87.3380081,41.4274592,"Pets Supplies Plus-Crown Point,IN","1676 Summit St, Crown Point,IN 46307, 219-488-1440"
-87.5052185,41.4919205,"Pets Supplies Plus-Dyer,IN","946 Joliet St, Dyer,IN 46311-1921, 219-864-8118"
-87.4926247,37.9637229,"Pets Supplies Plus-Evansville,IN","912 South Green River Rd [Ste A], Evansville,IN 47715, coming soon"
-86.0425568,39.9584274,"Pets Supplies Plus-Fishers,IN","7236 Fishers Crossing Dr, Fishers,IN 46038, 317-845-0325"
-85.1353942,41.1208921,"Pets Supplies Plus-Fort Wayne,IN","4714 Coldwater Rd, Fort Wayne,IN 46825-5529, 260-483-2930"
-85.0645275,41.1203168,"Pets Supplies Plus-Fort Wayne,IN","6101 Stellhorn Rd, Fort Wayne,IN 46815, 260-485-2554"
-85.89994,41.618637,"Pets Supplies Plus-Goshen,IN","4024-27 Elkhart Rd [Ste 27], Goshen,IN 46526-5803, 574-875-9199"
-85.9801566,39.8588544,"Pets Supplies Plus-Indianapolis,IN","10625 Pendleton Pike, Indianapolis,IN 46236-2836, 317-823-2230"
-86.1243133,39.8687149,"Pets Supplies Plus-Indianapolis,IN","2238 E 62Nd St, Indianapolis,IN 46220-2314, 317-475-9603"
-86.084198,39.6393623,"Pets Supplies Plus-Indianapolis,IN","8810 S Emerson Ave Ste 180, Indianapolis,IN 46237-8587, 317-889-6311"
-86.1078478,40.4791836,"Pets Supplies Plus-Kokomo,IN","803 S Reed Rd, Kokomo,IN 46901-5628, 765-452-1058"
-86.8563309,40.4200897,"Pets Supplies Plus-Lafayette,IN","311 Sagamore Pkwy N, Lafayette,IN 47904-2854, 765-446-1600"
-85.9974401,40.0404286,"Pets Supplies Plus-Noblesville,IN","521 Noble Creek Dr, Noblesville,IN 46060-3107, 317-770-1707"
-87.1817169,41.5761681,"Pets Supplies Plus-Portage,IN","6030 Central Ave, Portage,IN 46368, 219-763-0697"
-86.2162654,41.7000367,"Pets Supplies Plus-South Bend,IN","2202 S Bend Ave Ste 1, South Bend,IN 46635-1664, 574-273-2292"
-87.0301666,41.4676056,"Pets Supplies Plus-Valparaiso,IN","2410 Laporte Ave, Valparaiso,IN 46383-6968, 219-531-0622"
-85.8905721,37.7329081,"Pets Supplies Plus-Elizabethtown,KY","209 Towne Drive, Elizabethtown,KY 42701-8466, 270-506-3570"
-84.6537559,38.9963224,"Pets Supplies Plus-Florence,KY","7701 Mall Rd, Florence,KY 41042-1405, 859-282-7636"
-84.5520955,39.0473977,"Pets Supplies Plus-Fort Mitchell,KY","2180 Dixie Highway , Fort Mitchell,KY 41017-2902, 859-331-0111"
-84.5458822,38.9298894,"Pets Supplies Plus-Independence,KY","1810 Declaration Dr, Independence,KY 41051, 859-356-1059"
-71.243957,42.539878,"Pets Supplies Plus-Billerica,MA","700 Boston Road, Billerica,MA 01821, 978-667-3184"
-71.1495946,42.3554298,"Pets Supplies Plus-Brighton ,MA","209 Market St, Brighton ,MA 02135-6200, 617-783-0507"
-71.0548194,42.0944012,"Pets Supplies Plus-Brockton,MA","494 Westgate Dr, Brockton,MA 02301, 508-584-1032"
-71.1142044,42.773674,"Pets Supplies Plus-Haverhill,MA","400 Lowell Ave, Haverhill,MA 01832, 978-373-0301"
-71.0834885,42.4068794,"Pets Supplies Plus-Medford,MA","630 Fellsway, Medford,MA 02155-4902, 781-395-0009"
-71.8459323,42.1147223,"Pets Supplies Plus-Oxford,MA","101 Sutton Ave, Oxford,MA 01540, 508-987-2503"
-70.989285,42.2523384,"Pets Supplies Plus-Quincy,MA","625 Southern Artery, Quincy,MA 02169-5645, 617-472-0505"
-71.048065,41.907089,"Pets Supplies Plus-Raynham,MA","500 South St W, Raynham,MA 02767-5342, 508-821-1609"
-71.2532245,42.3762886,"Pets Supplies Plus-Waltham,MA","1030 Main Street, Waltham,MA 02451, 781-899-1563"
-71.1685954,42.2661558,"Pets Supplies Plus-West Roxbury,MA","1665 Vfw Pkwy, West Roxbury,MA 02132-5546, 617-323-4076"
-72.5995712,42.096386,"Pets Supplies Plus-West Springfield,MA","175 Memorial Ave, West Springfield,MA 01089-4003, 413-747-0660"
-84.0409546,41.8743515,"Pets Supplies Plus-Adrian,MI","1099 E Us Highway 223, Adrian,MI 49221-4238, 517-266-7775"
-83.749885,42.2527347,"Pets Supplies Plus-Ann Arbor,MI","2224 S Main St, Ann Arbor,MI 48103-6935, 734-994-5432"
-83.7091651,42.3025178,"Pets Supplies Plus-Ann Arbor,MI","2607 Plymouth Rd, Ann Arbor,MI 48105-2468, 734-741-5100"
-85.2276535,42.2966576,"Pets Supplies Plus-Battle Creek,MI","1791 W Columbia Ave, Battle Creek,MI 49015, 269-964-9252"
-83.8535249,43.5952795,"Pets Supplies Plus-Bay City,MI","2624 Center Ave, Bay City,MI 48708-6391, 989-891-9597"
-83.3003522,42.6087724,"Pets Supplies Plus-Bloomfield Hills,MI","2057 S Telegraph Rd, Bloomfield Hills,MI 48302-0248, 248-333-7545"
-83.7845338,42.5373854,"Pets Supplies Plus-Brighton,MI","8703 W Grand River Ave, Brighton,MI 48116-2904, 810-220-4799"
-83.4723435,42.3222099,"Pets Supplies Plus-Canton,MI","43665 Ford Rd, Canton,MI 48187-3184, 734-981-9191"
-82.8354026,42.6720062,"Pets Supplies Plus-Chesterfield,MI","50633 Gratiot Ave, Chesterfield,MI 48051-3183, 586-949-7490"
-82.9527593,42.607145,"Pets Supplies Plus-Clinton Twp,MI","42241 Garfield Rd, Clinton Twp,MI 48038-1648, 586-228-0090"
-83.2706757,42.2936249,"Pets Supplies Plus-Dearborn,MI","2621 Telegraph Rd, Dearborn,MI 48124-3239, 313-278-4799"
-83.1408691,42.4304314,"Pets Supplies Plus-Detroit,MI","18956 Livernois Ave, Detroit,MI 48221-2259, 313-863-5660"
-83.3599703,42.5264112,"Pets Supplies Plus-Farmington Hills,MI","31130 Orchard Lake Rd, Farmington Hills,MI 48334-1341, 248-932-3113"
-83.7343034,42.8044543,"Pets Supplies Plus-Fenton,MI","3110 W Silver Lake Rd, Fenton,MI 48430-1321, 810-714-4973"
-84.6918742,45.0230797,"Pets Supplies Plus-Gaylord,MI","652 Edelweiss Village Parkway, Gaylord,MI 49735, 989-731-0001"
-83.6297724,42.92739,"Pets Supplies Plus-Grand Blanc,MI","11525 S Saginaw St, Grand Blanc,MI 48439-1355, 810-694-1771"
-85.5911636,42.9118958,"Pets Supplies Plus-Grand Rapids,MI","3110 28Th St Se, Grand Rapids,MI 49512-1629, 616-977-0150"
-85.6894353,43.0288037,"Pets Supplies Plus-Grand Rapids,MI","3593 Alpine Ave Nw, Grand Rapids,MI 49544-1635, 616-785-1070"
-85.6249114,42.8517652,"Pets Supplies Plus-Grand Rapids,MI","6159 Kalamazoo Ave Se, Grand Rapids,MI 49508-7805, 616-554-3600"
-85.7624001,42.8755537,"Pets Supplies Plus-Grandville,MI","4920 Wilson Ave Sw Ste 100, Grandville,MI 49418-3149, 616-724-2121"
-82.9166387,42.3899136,"Pets Supplies Plus-Grosse Pointe,MI","17010 Kercheval Ave, Grosse Pointe,MI 48230, 313-884-2962"
-86.0925446,42.8197365,"Pets Supplies Plus-Holland,MI","12579 Felch St, Holland,MI 49424-7239, 616-738-0090"
-83.9021225,42.5975113,"Pets Supplies Plus-Howell,MI","2649 E Grand River Ave, Howell,MI 48843-8589, 517-552-2493"
-88.0472445,45.8081811,"Pets Supplies Plus-Iron Mountain,MI","1816 S Stephenson Ave, Iron Mountain,MI 49801-3615, 906-776-9420"
-84.4288864,42.2617683,"Pets Supplies Plus-Jackson,MI","1094 N Wisner St, Jackson,MI 49202-3144, 517-787-0090"
-85.5270462,42.321434,"Pets Supplies Plus-Kalamazoo,MI","5161 Gull Rd, Kalamazoo,MI 49048-4016, 269-342-5020"
-84.538909,42.669864,"Pets Supplies Plus-Lansing,MI","6030 S Pennsylvania Ave Ste 3, Lansing,MI 48911-5283, 517-887-8130"
-83.321492,43.0391932,"Pets Supplies Plus-Lapeer,MI","873 S Main St, Lapeer,MI 48446-4177, 810-245-2200"
-83.336796,42.42703,"Pets Supplies Plus-Livonia,MI","29493 Seven Mile Rd, Livonia,MI 48152-1909, 248-615-0039"
-83.6106241,42.5828636,"Pets Supplies Plus-Milford,MI","750 General Motors Rd, Milford,MI 48381-2220, 248-684-8500"
-83.4094778,41.9332239,"Pets Supplies Plus-Monroe,MI","859 N Telegraph Rd, Monroe,MI 48162-3338, 734-384-9888"
-83.6933365,43.1225471,"Pets Supplies Plus-Mount Morris,MI","11972 N Saginaw St, Mount Morris,MI 48458-1531, 810-686-2400"
-83.4574941,42.46719,"Pets Supplies Plus-Novi,MI","41660 W 10 Mile Rd, Novi,MI 48375-3384, 248-380-0007"
-84.4277175,42.7221648,"Pets Supplies Plus-Okemos,MI","2100 W Grand River Ave, Okemos,MI 48864-1644, 517-347-1508"
-83.452125,42.853382,"Pets Supplies Plus-Ortonville,MI","22 N Ortonville Rd, Ortonville,MI 48462-8554, 248-627-7900"
-84.1434938,42.997847,"Pets Supplies Plus-Owosso,MI","1433 E Main St, Owosso,MI 48867-9048, 989-725-7686"
-83.2524318,42.811133,"Pets Supplies Plus-Oxford,MI","971 S Lapeer Rd, Oxford,MI 48371-5042, 248-969-7587"
-84.9709835,45.3460841,"Pets Supplies Plus-Petoskey,MI","2160 Anderson Rd, Petoskey,MI 49770-8385, 231-347-1250"
-85.589631,42.2409028,"Pets Supplies Plus-Portage,MI","5230 S Westnedge Ave, Portage,MI 49002-0405, 269-341-9252"
-83.2767856,42.3949964,"Pets Supplies Plus-Redford,MI","14835 Telegraph Rd, Redford,MI 48239-3418, 313-255-1633"
-83.1503295,42.6817694,"Pets Supplies Plus-Rochester Hills,MI","1170 Walton Blvd, Rochester Hills,MI 48307-6916, 248-650-5385"
-83.1747986,42.5063469,"Pets Supplies Plus-Royal Oak,MI","29402 Woodward Ave, Royal Oak,MI 48073-0903, 248-399-4440"
-84.0279778,43.4369481,"Pets Supplies Plus-Saginaw,MI","5708 State St, Saginaw,MI 48603-3417, 989-791-1132"
-82.8963013,42.4674988,"Pets Supplies Plus-Saint Clair Shores,MI","23700 Greater Mack Ave, Saint Clair Shores,MI 48080-4019, 586-771-1710"
-82.8988932,42.522978,"Pets Supplies Plus-Saint Clair Shores,MI","31029 Harper Ave, Saint Clair Shores,MI 48082-1567, 586-771-3277"
-84.3544932,46.4769041,"Pets Supplies Plus-Sault Ste Marie,MI","2510 Ashmun St, Sault Ste Marie,MI 49783-3745, 906-253-9560"
-83.6503798,42.445375,"Pets Supplies Plus-South Lyon,MI","22381 Pontiac Trail, South Lyon,MI 48178-1658, 248-486-5782"
-83.2063522,42.1999016,"Pets Supplies Plus-Southgate,MI","15060 Eureka Rd, Southgate,MI 48195-2614, 734-720-9797"
-83.2522278,42.2563858,"Pets Supplies Plus-Taylor,MI","22124 Ecorse Rd, Taylor,MI 48180, 313-295-6500"
-83.0056,42.4867134,"Pets Supplies Plus-Warren,MI","26230 Hoover Rd, Warren,MI 48089-1162, 586-754-6000"
-83.0184158,42.7716959,"Pets Supplies Plus-Washington Twp,MI","64920 Van Dyke Rd, Washington Twp,MI 48095-2587, 586-752-2800"
-83.394725,42.6965129,"Pets Supplies Plus-Waterford,MI","5348 Dixie Hwy, Waterford,MI 48329-1692, 248-623-9522"
-83.52111,42.649761,"Pets Supplies Plus-White Lake,MI","6845 Highland Rd, White Lake,MI 48383-2879, 248-889-4131"
-83.4435546,42.6145117,"Pets Supplies Plus-White Lake,MI","8020 Cooley Lake Rd, White Lake,MI 48386-4308, 248-360-1400"
-83.224594,42.140083,"Pets Supplies Plus-Woodhaven,MI","19295 West Rd, Woodhaven,MI 48183-3370, 734-671-6936"
-85.7164364,42.9137678,"Pets Supplies Plus-Wyoming,MI","2033 28Th St Sw, Wyoming,MI 49519-2515, 616-532-5171"
-93.3274841,44.8104248,"Pets Supplies Plus-Bloomington,MN","3701 W Old Shakopee Rd [Ste 300], Bloomington,MN 55431-3555, 952-885-9725"
-93.3006744,44.7476425,"Pets Supplies Plus-Burnsville,MN","1800 County Road 42 W, Burnsville,MN 55337-6206, 952-892-1090"
-93.3681632,45.0540257,"Pets Supplies Plus-Crystal,MN","345 Willow Bend, Crystal,MN 55428, 763-432-7669"
-93.2167578,44.9178339,"Pets Supplies Plus-Minneapolis,MN","4751 Hiawatha Ave, Minneapolis,MN 55406-3928, 612-729-1121"
-93.0617376,45.0504249,"Pets Supplies Plus-Vadnais Heights,MN","955 County Road E [Ste 100], Vadnais Heights,MN 55127, 651-484-9616"
-90.5584399,38.5928947,"Pets Supplies Plus-Ballwin,MO","15311 Manchester Rd, Ballwin,MO 63011-3026, 636-686-7181"
-90.3839408,38.6036188,"Pets Supplies Plus-Warson Woods,MO","9995 Manchester Rd, Warson Woods,MO 63122, 314-822-5173"
-82.5215454,35.5010567,"Pets Supplies Plus-Asheville,NC","1856 Hendersonville Rd [Ste A], Asheville,NC 28803-3231, 828-277-8020"
-78.1317374,33.9794174,"Pets Supplies Plus-Bolivia,NC","2823 Midway Rd SE, Bolivia,NC 28422, coming soon"
-81.6968918,36.2050858,"Pets Supplies Plus-Boone,NC","2575 Highway 105, Boone,NC 28607-7882, 828-266-2100"
-80.8314773,35.1473095,"Pets Supplies Plus-Charlotte,NC","4732 Sharon Road, Charlotte,NC 28210-3328, none listed"
-80.8468424,35.0877082,"Pets Supplies Plus-Charlotte,NC","7601 Pineville-Matthews Rd, Charlotte,NC 28226-3909, 980-819-6163"
-80.6048944,35.4321621,"Pets Supplies Plus-Concord,NC","1237 Concord Pkwy N, Concord,NC 28025-4325, 980-255-3500"
-77.9487457,35.3731918,"Pets Supplies Plus-Goldsboro,NC","319 N Berkeley Blvd, Goldsboro,NC 27534-4325, 919-751-2595"
-81.3328224,35.7639024,"Pets Supplies Plus-Hickory,NC","2441 North Center St, Hickory,NC 28601, 828-548-3300 "
-78.6218481,35.82411,"Pets Supplies Plus-Raleigh,NC","3074 Wake Forest Rd, Raleigh,NC 27609-7844, 919-878-0080"
-80.2989603,36.1435162,"Pets Supplies Plus-Winston Salem,NC","2812 Reynolda Rd, Winston Salem,NC 27106-3102, 336-750-0677"
-71.4788479,42.9578821,"Pets Supplies Plus-Bedford,NH","87 S River Rd, Bedford,NH 03110-6732, 603-625-9237"
-74.1764132,39.9301925,"Pets Supplies Plus-Bayville,NJ","445 Atlantic City Blvd, Bayville,NJ 08721, 732-269-1896"
-74.4383644,40.6856561,"Pets Supplies Plus-Berkeley Heights,NJ","410 Springfield Ave, Berkeley Heights,NJ 07922-1107, 908-286-1400"
-75.0088368,39.9153867,"Pets Supplies Plus-Cherry Hill,NJ","1610 Kings Highway North, Cherry Hill,NJ 08034-2302, 856-429-2945"
-74.7095914,40.7990793,"Pets Supplies Plus-Chester,NJ","213 Us 206, Chester,NJ 07930, 908-888-2284 "
-74.577079,40.886314,"Pets Supplies Plus-Dover,NJ","417 Us Highway 46 East, Dover,NJ 07801-3709, 973-989-2462"
-74.1188295,40.939666,"Pets Supplies Plus-Fair Lawn,NJ","24-02 Fair Lawn Ave, Fair Lawn,NJ 07410-3401, 201-797-0350"
-74.1836384,40.4205519,"Pets Supplies Plus-Hazlet,NJ","3120 State Route 35, Hazlet,NJ 07730-1520, 732-264-5777"
-74.9387258,39.907623,"Pets Supplies Plus-Marlton,NJ","926 Route 73 North, Marlton,NJ 08053-1230, 856-983-2485"
-74.2406845,41.0241814,"Pets Supplies Plus-Oakland,NJ","350 Ramapo Valley Road [Ste 28], Oakland,NJ 07436, 201-644-7511"
-74.3326083,40.7206126,"Pets Supplies Plus-Short Hills,NJ","770 Morris Turnpike, Short Hills,NJ 07078, 973-379-2404"
-74.050552,40.165473,"Pets Supplies Plus-Wall Township,NJ","1825 Route 35, Wall Township,NJ 07719, 848-469-8700"
-74.1067734,40.8447113,"Pets Supplies Plus-Wallington,NJ","375 Paterson Ave, Wallington,NJ 07057, 201-372-0170"
-73.8278829,42.6780217,"Pets Supplies Plus-Albany,NY","1235 Western Avenue [University Plaza], Albany,NY 12203-3301, 518-438-1040"
-78.8238907,43.0349998,"Pets Supplies Plus-Amherst,NY","2952 Niagara Falls Blvd, Amherst,NY 14228-2022, 716-695-3595"
-78.8098998,42.9801739,"Pets Supplies Plus-Amherst,NY","3340 Sheridan Dr, Amherst,NY 14226-1439, 716-832-0400"
-78.814552,42.788349,"Pets Supplies Plus-Blasdell,NY","4405 Milestrip Rd, Blasdell,NY 14219-2000, 716-464-1108"
-73.644722,42.743618,"Pets Supplies Plus-Brunswick,NY","720 Hoosick Road, Brunswick,NY 12180, 518-272-3149"
-78.8674698,42.9427299,"Pets Supplies Plus-Buffalo,NY","2155 Delaware Ave, Buffalo,NY 14216-3211, 716-876-6663"
-78.7541427,42.9152235,"Pets Supplies Plus-Cheektowaga,NY","3733 Union Rd Ste 200, Cheektowaga,NY 14225-4207, 716-686-9100"
-76.1225684,43.1557956,"Pets Supplies Plus-Cicero,NY","7954 Brewerton Rd, Cicero,NY 13039, 315-699-1647"
-73.3127633,40.7616015,"Pets Supplies Plus-Deer Park,NY","411 Commack Rd, Deer Park,NY 11729-4508, 631-274-4638"
-78.6969781,42.8843714,"Pets Supplies Plus-Depew,NY","4970 Transit Rd [Suite 2], Depew,NY 14043, 716-681-2503"
-76.074569,43.052059,"Pets Supplies Plus-Dewitt,NY","3196 Erie Blvd E, Dewitt,NY 13214-1202, 315-446-2244"
-78.6969915,43.0312888,"Pets Supplies Plus-East Amherst,NY","9630 Transit Rd Plaza 400, East Amherst,NY 14051-1497, 716-689-9190"
-73.3307938,40.8383462,"Pets Supplies Plus-East Northport,NY","1960A Jericho Tpke, East Northport,NY 11731-6207, 631-462-3282"
-77.4423963,43.0710827,"Pets Supplies Plus-Fairport,NY","585 Moseley Rd, Fairport,NY 14450-3339, 585-421-3730"
-73.898521,41.539489,"Pets Supplies Plus-Fishkill,NY","738 Route 9 Fishkill Plaza, Fishkill,NY 12524-3800, 845-896-1737"
-73.9296305,42.8685772,"Pets Supplies Plus-Glenville,NY","10 Glenridge Road, Glenville,NY 12302-4502, 518-399-2578"
-73.8561259,40.670002,"Pets Supplies Plus-Howard Beach,NY","135-25 79Th Street, Howard Beach,NY 11414, 718-322-1724"
-73.7435234,40.62271,"Pets Supplies Plus-Inwood,NY","561 Burnside Ave, Inwood,NY 11096, 516-371-1079"
-73.0889359,40.8319435,"Pets Supplies Plus-Lake Ronkonkoma,NY","601 Portion Rd, Lake Ronkonkoma,NY 11779-4583, 631-676-4600"
-73.7022442,40.7909214,"Pets Supplies Plus-Manhasset,NY","1170 Northern Blvd, Manhasset,NY 11030-3018, 516-627-0763"
-73.8912811,40.7282715,"Pets Supplies Plus-Maspeth,NY","74-17 Grand Avenue, Maspeth,NY 11378, 718-424-3582"
-75.3210449,43.0832405,"Pets Supplies Plus-New Hartford,NY","4488 Commercial Dr, New Hartford,NY 13413-6200, 315-768-4488"
-73.640593,40.6216498,"Pets Supplies Plus-Oceanside,NY","3644 Long Beach Rd, Oceanside,NY 11572-5705, 516-855-0286"
-77.4445572,43.1287956,"Pets Supplies Plus-Penfield,NY","2157 Penfield Road, Penfield,NY 14526, 585-388-1673"
-77.6999969,43.2501717,"Pets Supplies Plus-Rochester,NY","3177 Latta Road, Rochester,NY 14612, 585-225-2382"
-77.593056,43.1461295,"Pets Supplies Plus-Rochester,NY","531 Monroe Ave, Rochester,NY 14607, 585-242-2072"
-75.4587545,43.2100439,"Pets Supplies Plus-Rome,NY","107 Erie Blvd W, Rome,NY 13440, 315-334-7086"
-73.1886515,40.8560508,"Pets Supplies Plus-Smithtown,NY","126 E Main St, Smithtown,NY 11787-2883, 631-863-6324"
-73.7055078,40.6670087,"Pets Supplies Plus-Valley Stream,NY","227 W Merrick Rd, Valley Stream,NY 11580-5514, 516-593-4886"
-73.656408,40.7055688,"Pets Supplies Plus-West Hempstead,NY","458 Hempstead Tpke, West Hempstead,NY 11552-1305, 516-292-8664"
-78.7555008,42.830513,"Pets Supplies Plus-West Seneca,NY","3984 Seneca St, West Seneca,NY 14224-3413, 716-677-4343"
-73.5532684,40.7564278,"Pets Supplies Plus-Westbury,NY","1137 Old Country Rd, Westbury,NY 11590-5657, 516-997-1629"
-73.8308563,41.2899857,"Pets Supplies Plus-Yorktown Heights,NY","3333 Crompound Rd, Yorktown Heights,NY 10598, coming soon"
-81.5532455,41.0154915,"Pets Supplies Plus-Akron,OH","3100 Manchester Rd, Akron,OH 44319-1464, 330-644-9850"
-81.4948807,40.9828758,"Pets Supplies Plus-Akron,OH","790 Arlington Rdg Unit 303, Akron,OH 44312-5863, 330-644-4036"
-81.151017,40.9019293,"Pets Supplies Plus-Alliance,OH","2424 W State St, Alliance,OH 44601-5601, 330-821-6999"
-84.0549354,39.7706466,"Pets Supplies Plus-Beavercreek,OH","3320 Pentagon Rd, Beavercreek,OH 45431, 937-429-2830"
-84.3968734,39.2260247,"Pets Supplies Plus-Blue Ash,OH","4110 Hunt Rd, Blue Ash,OH 45236, 513-745-0756"
-81.7344256,41.4245094,"Pets Supplies Plus-Brooklyn,OH","4808 Ridge Rd, Brooklyn,OH 44144-3329, 216-482-3721"
-81.3827739,40.8329965,"Pets Supplies Plus-Canton,OH","3038 Cromer Rd Nw, Canton,OH 44709-2908, 330-493-8818"
-81.4422391,40.7934547,"Pets Supplies Plus-Canton,OH","4965 W Tuscarawas St, Canton,OH 44708-5011, 330-477-6880"
-84.1605956,39.6109539,"Pets Supplies Plus-Centerville,OH","987 S Main St, Centerville,OH 45458-5801, 937-438-8825"
-81.2112198,41.5792618,"Pets Supplies Plus-Chardon,OH","425 Water St, Chardon,OH 44024-1236, 440-286-5442"
-84.3284845,39.2711589,"Pets Supplies Plus-Cincinnati,OH","11345 Montgomery Rd, Cincinnati,OH 45249, 513-247-0232"
-84.4303581,39.1610851,"Pets Supplies Plus-Cincinnati,OH","3103 Disney Street, Cincinnati,OH 45209, 513-351-0809"
-84.6138165,39.0947843,"Pets Supplies Plus-Cincinnati,OH","5124 Delhi Pike, Cincinnati,OH 45238-5341, 513-347-0580"
-82.861003,40.0552169,"Pets Supplies Plus-Columbus,OH","4886 Morse Rd, Columbus,OH 43230-1379, 614-775-9944"
-81.5062252,41.1482292,"Pets Supplies Plus-Cuyahoga Falls,OH","1970 Portage Trail, Cuyahoga Falls,OH 44223-1241, 330-923-8172"
-84.3609345,41.3028257,"Pets Supplies Plus-Defiance,OH","1524 N Clinton St, Defiance,OH 43512-8532, 419-782-0046"
-83.0369432,40.2946349,"Pets Supplies Plus-Delaware,OH","860 Sunbury Rd, Delaware,OH 43015, 740-362-1389"
-82.1088943,41.3877258,"Pets Supplies Plus-Elyria,OH","220 Market Dr, Elyria,OH 44035-2886, 440-324-7221"
-81.6042432,41.1254981,"Pets Supplies Plus-Fairlawn,OH","2789 W Market St, Fairlawn,OH 44333-4203, 330-867-8454"
-81.8642874,41.4416132,"Pets Supplies Plus-Fairview Park,OH","22013 Lorain Rd, Fairview Park,OH 44126-3312, 440-979-9933"
-83.603035,41.0540504,"Pets Supplies Plus-Findlay,OH","2033 Tiffin Ave, Findlay,OH 45840-8760, 419-420-0120"
-81.5960994,41.4005553,"Pets Supplies Plus-Garfield Heights,OH","12662 Rockside Rd, Garfield Heights,OH 44125, 216-662-3051"
-83.0682144,39.8823891,"Pets Supplies Plus-Grove City,OH","2430 Stringtown Rd, Grove City,OH 43123, 614-801-9426"
-84.1630907,39.6893368,"Pets Supplies Plus-Kettering,OH","508 E Stroop Rd, Kettering,OH 45429-3225, 937-294-7655"
-81.8002409,41.485063,"Pets Supplies Plus-Lakewood,OH","14839 Detroit Ave, Lakewood,OH 44107-3909, 216-226-6827"
-82.6390636,39.7380511,"Pets Supplies Plus-Lancaster,OH","1354 Ety Rd Nw, Lancaster,OH 43130-7765, 740-654-5154"
-84.1495667,40.7526817,"Pets Supplies Plus-Lima,OH","911 A N Cable Rd, Lima,OH 45805-1751, 419-229-6700"
-82.2026528,41.4299577,"Pets Supplies Plus-Lorain,OH","4326 Leavitt Road, Lorain,OH 44053, 440-960-0340"
-81.4960563,41.5198264,"Pets Supplies Plus-Lyndhurst,OH","5092 Mayfield Rd, Lyndhurst,OH 44124-2402, 440-473-9998"
-82.5908203,40.7766151,"Pets Supplies Plus-Mansfield,OH","887 N Lexington Springmill Rd, Mansfield,OH 44906-1156, 419-747-1930"
-81.8623964,41.158042,"Pets Supplies Plus-Medina,OH","1150 N Court St Unit 2A, Medina,OH 44256-1540, 330-723-7666"
-81.3797698,41.6515571,"Pets Supplies Plus-Mentor,OH","7315 Mentor Ave, Mentor,OH 44060-7523, 440-918-9480"
-81.8153076,41.3592795,"Pets Supplies Plus-Middleburg Heights,OH","7570 Pearl Rd, Middleburg Heights,OH 44130-6431, 440-891-9779"
-82.427623,40.0854669,"Pets Supplies Plus-Newark,OH","1377 N 21St St, Newark,OH 43055-3090, 740-364-1593"
-80.7526385,41.2110418,"Pets Supplies Plus-Niles,OH","5555 Youngstown Warren Rd, Niles,OH 44446-4804, 330-544-5400"
-81.4387818,40.8794893,"Pets Supplies Plus-North Canton,OH","4922 Portage St Nw, North Canton,OH 44720-7249, 330-244-1554"
-81.2692004,41.7059067,"Pets Supplies Plus-Painesville,OH","1213 Mentor Ave, Painesville,OH 44077, 440-350-3778"
-81.6871952,41.3614849,"Pets Supplies Plus-Parma,OH","1301 W Pleasant Valley Rd, Parma,OH 44134-6714, 440-888-6203"
-83.0939897,40.1552432,"Pets Supplies Plus-Powell,OH","9848 Brewster Lane, Powell,OH 43065, 614-336-3258"
-82.7833678,39.9861842,"Pets Supplies Plus-Reynoldsburg,OH","8170 E Broad St, Reynoldsburg,OH 43068-8037, 614-892-2300"
-80.8732615,40.0758022,"Pets Supplies Plus-Saint Clairsville,OH","50623 Valley Plaza Dr, Saint Clairsville,OH 43950-1750, 740-699-0766"
-82.677124,41.421978,"Pets Supplies Plus-Sandusky,OH","3820 Milan Rd, Sandusky,OH 44870-5622, 419-627-5570"
-81.4348778,41.3844091,"Pets Supplies Plus-Solon,OH","34370 Aurora Rd, Solon,OH 44139-2912, 440-498-1250"
-81.28804,41.030097,"Pets Supplies Plus-Springfield Township,OH","2891 E Waterloo Rd, Springfield Township,OH 44312-4076, 330-628-0176"
-80.6720276,40.3659172,"Pets Supplies Plus-Steubenville,OH","100 Mall Dr, Steubenville,OH 43952-3004, 740-264-7760"
-81.4059906,41.1554756,"Pets Supplies Plus-Stow,OH","4332 Kent Rd, Stow,OH 44224, 330-686-0055"
-81.3502119,41.2393498,"Pets Supplies Plus-Streetsboro,OH","1262 State Route 303, Streetsboro,OH 44241-5268, 330-626-3511"
-83.7087058,41.674382,"Pets Supplies Plus-Sylvania,OH","6926 W Central Ave, Sylvania,OH 43617-1113, 419-843-1000"
-83.6447364,41.6934579,"Pets Supplies Plus-Toledo,OH","4115 Talmadge Rd, Toledo,OH 43623-3503, 419-472-5505"
-83.6676566,41.6165677,"Pets Supplies Plus-Toledo,OH","5315 Airport Hwy, Toledo,OH 43615-6801, 419-382-9202"
-83.56355,41.7215889,"Pets Supplies Plus-Toledo,OH","849 W Alexis Rd, Toledo,OH 43612-4303, 419-269-1622"
-83.047584,40.007217,"Pets Supplies Plus-Upper Arlington,OH","1380 W Lane Ave, Upper Arlington,OH 43221-3530, 614-487-1274"
-82.9250038,40.1450589,"Pets Supplies Plus-Westerville,OH","690 N State St, Westerville,OH 43082-9083, 614-794-9677"
-81.9535399,41.4634605,"Pets Supplies Plus-Westlake,OH","30034 Detroit Rd, Westlake,OH 44145-1943, 440-899-7552"
-81.4760457,41.6375379,"Pets Supplies Plus-Willowick,OH","30450 Lakeshore Blvd, Willowick,OH 44095-4623, 440-295-0255"
-81.9458111,40.848782,"Pets Supplies Plus-Wooster,OH","4067 Burbank Rd [Ste 100], Wooster,OH 44691-8522, 330-345-9763"
-80.6750214,41.0244077,"Pets Supplies Plus-Youngstown,OH","411 Boardman-Canfield Rd, Youngstown,OH 44512-4704, 330-629-2266"
-75.7945134,39.8347943,"Pets Supplies Plus-Avondale,PA","771 Gap Newport Pike, Avondale,PA 19311-9545, 610-268-2424"
-79.8474573,40.1381609,"Pets Supplies Plus-Belle Vernon,PA","120 Sara Way, Belle Vernon,PA 15012, 724-929-3604"
-80.0235745,40.3328075,"Pets Supplies Plus-Bethel Park,PA","5229 Library Rd, Bethel Park,PA 15102-2714, 412-831-8986"
-75.3062213,40.1505239,"Pets Supplies Plus-Blue Bell,PA","1726 Dekalb Pike, Blue Bell,PA 19422-3352, 610-277-4261"
-80.1058044,40.3675537,"Pets Supplies Plus-Bridgeville,PA","1155 Washington Pike, Bridgeville,PA 15017-2817, 412-221-5325"
-75.2855835,40.6557884,"Pets Supplies Plus-Easton,PA","4403 Southmont Way Unit 4, Easton,PA 18045-4707, 610-258-5945"
-80.0067008,42.1443976,"Pets Supplies Plus-Erie,PA","4121 Buffalo Rd , Erie,PA 16510, 814- 899-1531 "
-76.0090446,40.5642647,"Pets Supplies Plus-Hamburg,PA","1764 Tilden Ridge Dr, Hamburg,PA 19526-8170, 610-562-7075"
-80.4641227,41.2334315,"Pets Supplies Plus-Hermitage,PA","2471 E State St, Hermitage,PA 16148-2723, 724-347-2292"
-76.3070051,40.0656997,"Pets Supplies Plus-Lancaster,PA","1519 Lititz Pike, Lancaster,PA 17601-6505, 717-392-1699"
-74.8933905,40.1700798,"Pets Supplies Plus-Levittown,PA","1407 East Lincoln Hwy, Levittown,PA 19056, 215-946-3851"
-75.5332413,40.1338768,"Pets Supplies Plus-Phoenixville,PA","700 Nutt Rd, Phoenixville,PA 19460-3344, 610-933-8166"
-80.1474524,40.4402467,"Pets Supplies Plus-Robinson Township,PA","1100 Settlers Ridge Center Dr, Robinson Township,PA 15205-1439, 412-788-4213"
-75.6379449,41.4704443,"Pets Supplies Plus-Scranton,PA","1510 Scranton Carbondale Hwy, Scranton,PA 18508-1136, 570-383-7180"
-75.9562882,40.3082498,"Pets Supplies Plus-Shillington,PA","538 E Lancaster Ave, Shillington,PA 19607-1365, 610-796-2292"
-75.2435334,40.9968091,"Pets Supplies Plus-Stroudsburg,PA","101 Pocono Commons, Stroudsburg,PA 18360-7599, 570-426-3196"
-79.8879641,40.4247281,"Pets Supplies Plus-Swissvale,PA","1743 S Braddock Avenue, Swissvale,PA 15218, 412-242-0538"
-75.3034573,40.3223797,"Pets Supplies Plus-Telford,PA","4024 Bethlehem Pike, Telford,PA 18969-1125, 215-721-3164"
-75.128715,40.268642,"Pets Supplies Plus-Warrington,PA","1661 Easton Rd Unit B1, Warrington,PA 18976-1201, 215-491-2052"
-75.3892136,40.0444756,"Pets Supplies Plus-Wayne,PA","127 West Lancaster Avenue, Wayne,PA 19087, 610-688-4674"
-75.5856451,39.9695291,"Pets Supplies Plus-West Chester,PA","959 Paoli Pike, West Chester,PA 19380, 610-696-8042"
-79.8040085,40.3353577,"Pets Supplies Plus-White Oak,PA","2001 Lincoln Way, White Oak,PA 15131-2403, 412-678-1394"
-75.490654,40.6429558,"Pets Supplies Plus-Whitehall,PA","2433 Macarthur Rd, Whitehall,PA 18052-3809, 610-432-2199"
-75.8544541,41.2498359,"Pets Supplies Plus-Wilkes Barre,PA","555 Scott St, Wilkes Barre,PA 18702-5607, 570-829-3446"
-71.4571915,41.7566452,"Pets Supplies Plus-Cranston,RI","171 Sockanosset Cross Rd, Cranston,RI 02920-5548, 401-944-5858"
-71.4523392,41.8642349,"Pets Supplies Plus-North Providence,RI","1663 Mineral Spring Ave, North Providence,RI 02904-4003, 401-353-0762"
-81.0183792,34.0028038,"Pets Supplies Plus-Columbia,SC","1001 Harden St, Columbia,SC 29205-1076, 803-252-7021"
-80.0434647,33.0074196,"Pets Supplies Plus-Goose Creek,SC","208 St James Ave, Goose Creek,SC 29445, coming soon"
-81.1847458,34.0867462,"Pets Supplies Plus-Irmo,SC","7467 St Andrews Rd, Irmo,SC 29063, 803-749-5190"
-80.1488196,32.9397824,"Pets Supplies Plus-Summerville,SC","9500 Dorchester Rd [Ste 350], Summerville,SC 29485, 843-873-7611"
-82.335792,34.90205,"Pets Supplies Plus-Taylors,SC","2801 Wade Hampton Blvd [Ste 100], Taylors,SC 29687, 864-292-5550 "
-81.1001511,33.983551,"Pets Supplies Plus-West Columbia,SC","2410 Augusta Rd, West Columbia,SC 29169-4582, 803-794-9559"
-85.4979477,36.1445541,"Pets Supplies Plus-Cookeville,TN","768 S Jefferson Ave, Cookeville,TN 38501, 931-525-6532"
-86.6016388,36.32164,"Pets Supplies Plus-Hendersonville,TN","217 Indian Lake Blvd [Suite 200], Hendersonville,TN 37075, coming soon"
-84.081801,35.9146708,"Pets Supplies Plus-Knoxville,TN","138 N Peters Rd, Knoxville,TN 37923-4907, 865-690-0220"
-83.9266741,36.0273799,"Pets Supplies Plus-Knoxville,TN","4856 Harvest Mill Way, Knoxville,TN 37918-1747, 865-689-9331"
-84.0260862,35.9310879,"Pets Supplies Plus-Knoxville,TN","7101 Kingston Pike, Knoxville,TN 37919-5708, 865-584-4746"
-83.8374169,35.9058858,"Pets Supplies Plus-Knoxville,TN","7606 Mountain Grove Dr, Knoxville,TN 37920-6755, 865-577-6073"
-83.9934712,35.7421269,"Pets Supplies Plus-Maryville,TN","543 N Foothills Plaza Dr, Maryville,TN 37801, 865-980-8288"
-84.2557818,36.0066222,"Pets Supplies Plus-Oak Ridge,TN","254 S Illinois Ave, Oak Ridge,TN 37830-6298, 865-481-0605"
-97.1325691,32.6841565,"Pets Supplies Plus-Arlington,TX","3801 S Cooper St, Arlington,TX 76015, 817-583-8502"
-97.7910309,30.4477253,"Pets Supplies Plus-Austin,TX","13450 N Highway 183 [Ste 112], Austin,TX 78750-3227, 512-996-0407"
-96.3224602,30.6628002,"Pets Supplies Plus-Bryan,TX","3143 Wildflower Dr [#700], Bryan,TX 77802, 979-776-0006 "
-96.928227,33.037755,"Pets Supplies Plus-Carrollton,TX","Suite 120, Carrollton,TX 75010, 214-731-6554"
-97.8917389,31.1199955,"Pets Supplies Plus-Copperas Cove,TX","1212 East Hwy 190, Copperas Cove,TX 76522, coming soon"
-95.6844101,29.8817749,"Pets Supplies Plus-Cypress,TX","7041 Barker Cypress Rd, Cypress,TX 77433-1209, 281-947-3720"
-96.769767,32.811416,"Pets Supplies Plus-Dallas,TX","1704 Greenville Ave, Dallas,TX 75206, 469-249-8210"
-96.8535385,32.9883537,"Pets Supplies Plus-Dallas,TX","3315 E Trinity Mills Rd, Dallas,TX 75287-6201, 972-428-5973"
-96.855567,32.909938,"Pets Supplies Plus-Dallas,TX","3717 Forest Ln, Dallas,TX 75244-7127, 972-247-2491"
-96.7623367,32.8360786,"Pets Supplies Plus-Dallas,TX","6060 E Mockingbird Ln, Dallas,TX 75206-5466, 214-827-1248"
-97.365995,32.6510252,"Pets Supplies Plus-Fort Worth,TX","6415 McCart Avenue, Fort Worth,TX 76133, coming soon"
-97.2887763,32.9147635,"Pets Supplies Plus-Ft Worth,TX","4524 Heritage Trace Parkway, Ft Worth,TX 76244, 817-380-7036"
-96.643703,32.8624041,"Pets Supplies Plus-Garland,TX","1031 Northwest Hwy, Garland,TX 75041-5831, 469-277-8606"
-97.1855927,32.8433533,"Pets Supplies Plus-Hurst,TX","1616 Precinct Line Road, Hurst,TX 76054, 682-325-5973"
-95.8460683,29.7090496,"Pets Supplies Plus-Katy,TX","5215 Fm 1463 Rd, Katy,TX 77494, 281-346-4535"
-99.1403762,30.0476061,"Pets Supplies Plus-Kerrville,TX","305 Sidney Baker St  [Ste 400], Kerrville,TX 78028-6082, 830-257-4120"
-96.9859924,33.0048714,"Pets Supplies Plus-Lewisville,TX","291 E Round Grove Rd Ste 150, Lewisville,TX 75067-3876, 972-318-2381"
-98.2719574,30.5924492,"Pets Supplies Plus-Marble Falls,TX","2201 Us Highway 281 North, Marble Falls,TX 78654-4321, 830-220-5028"
-96.773612,33.070194,"Pets Supplies Plus-Plano,TX","4100 Legacy Dr Ste 402, Plano,TX 75024-3404, 972-491-0719"
-96.7682953,32.9535484,"Pets Supplies Plus-Richardson,TX","200 N Coit Rd Ste 330, Richardson,TX 75080-6212, 214-276-5496"
-98.37273,29.5102751,"Pets Supplies Plus-San Antonio,TX","5710 Walzem Road, San Antonio,TX 78218, 210-301-5888 "
-98.6003262,29.5248013,"Pets Supplies Plus-San Antonio,TX","5809 Babcock Road, San Antonio,TX 78240, 210-920-9010 "
-98.4427643,29.4881172,"Pets Supplies Plus-San Antonio,TX","1248 Austin Hwy Ste 108, San Antonio,TX 78209-4867, 210-824-4111"
-98.4770961,29.5784824,"Pets Supplies Plus-San Antonio,TX","15034 San Pedro Ave Ste A, San Antonio,TX 78232-3714, 210-545-6900"
-98.4386238,29.5265011,"Pets Supplies Plus-San Antonio,TX","3133 Nacogdoches, San Antonio,TX 78217, 210-202-3126"
-97.9389236,29.5692287,"Pets Supplies Plus-Seguin,TX","1500 E Court St Ste 720, Seguin,TX 78155-5271, 830-386-2906"
-95.3768534,30.1186866,"Pets Supplies Plus-Spring,TX","2927 Riley Fuzzel Rd [Suite 400], Spring,TX 77386, 281-528-0992 "
-98.2421265,32.2011871,"Pets Supplies Plus-Stephenville,TX","106 Christy Plaza, Stephenville,TX 76401, 254-965-7387"
-77.4698563,39.0611458,"Pets Supplies Plus-Ashburn,VA","20020 Ashbrook Commons Plaza, Ashburn,VA 20147, 703-858-7108"
-77.4510169,38.8535631,"Pets Supplies Plus-Centreville,VA","5629 Stone Rd, Centreville,VA 20120-1618, 703-830-8261"
-78.4846649,38.0707245,"Pets Supplies Plus-Charlottesville,VA","1240 Seminole Trl, Charlottesville,VA 22901-1737, 434-979-2009"
-77.3268823,38.8524795,"Pets Supplies Plus-Fairfax,VA","11054 Lee Highway, Fairfax,VA 22030-5014, 703-359-2659"
-77.2039955,38.9039028,"Pets Supplies Plus-Falls Church,VA","7502 Leesburg Pike, Falls Church,VA 22043-2005, 703-356-6014"
-77.1540917,38.7649369,"Pets Supplies Plus-Franconia,VA","7007 Manchester Blvd , Franconia,VA 22310-3205, 703-924-7246"
-77.6098785,37.5247765,"Pets Supplies Plus-Midlothian,VA","11400 West Huguenot Rd, Midlothian,VA 23113, 804-794-7961"
-80.0809933,37.2895369,"Pets Supplies Plus-Salem,VA","1439 West Main Street, Salem,VA 24153, 540-389-0615"
-76.179351,36.800514,"Pets Supplies Plus-Virginia Beach,VA","5394 Kempsriver Dr Ste 101, Virginia Beach,VA 23464-5350, 757-424-8448"
-88.4161267,44.2874148,"Pets Supplies Plus-Appleton,WI","702 W Northland Ave, Appleton,WI 54914-1425, 920-832-3858"
-88.1433868,43.0368652,"Pets Supplies Plus-Brookfield,WI","18610 W Bluemound Rd, Brookfield,WI 53045-2922, 262-827-9095"
-89.4783727,43.013265,"Pets Supplies Plus-Fitchburg,WI","2928 Hardrock Road, Fitchburg,WI 53719, 608-416-5609 "
-87.9160004,43.1131096,"Pets Supplies Plus-Glendale,WI","5300 N Port Washington Rd, Glendale,WI 53217-4913, 414-964-7255"
-88.075386,44.5911179,"Pets Supplies Plus-Green Bay,WI","2352 Lineville Road, Green Bay,WI 54313-8836, 920-320-9911"
-88.0089798,42.9623871,"Pets Supplies Plus-Greenfield,WI","4505 S 76Th St, Greenfield,WI 53220-3718, 414-545-9790"
-87.8468131,42.6971204,"Pets Supplies Plus-Racine,WI","5557 Durand Ave, Racine,WI 53406-5009, 262-554-9898"
-91.7368622,45.4740181,"Pets Supplies Plus-Rice Lake,WI","2500A South Main St, Rice Lake,WI 54868, 715-736-5005"
-87.712867,43.7642741,"Pets Supplies Plus-Sheboygan,WI","1815 N 8Th St, Sheboygan,WI 53081-2737, 920-452-0484"
-81.1805145,37.8017872,"Pets Supplies Plus-Beckley,WV","1268 N Eisenhower Dr, Beckley,WV 25801-3120, 304-252-2994"
-80.2864096,39.2675762,"Pets Supplies Plus-Clarksburg,WV","478 Emily Dr, Clarksburg,WV 26301-5514, 304-624-3911"
-81.5506688,39.3052693,"Pets Supplies Plus-Vienna,WV","605 Grand Central Ave, Vienna,WV 26105-2188, 304-422-5100"
