-111.545475,33.412144,"QT-Apache Junction,AZ","21 East Old West Hwy, Apache Junction,AZ 85219, Store No 437|480-288-9023"
-112.3066177,33.4497414,"QT [Auto Diesel]-Avondale,AZ","150 N Avondale Blvd, Avondale,AZ 85323, Store No 1424|623-882-2122"
-112.340261,33.478495,"QT [Auto Diesel]-Avondale,AZ","13067 W Thomas Rd, Avondale,AZ 85392, Store No 423|623-935-4167"
-112.590944,33.429525,"QT Travel Center [Auto Diesel]-Buckeye,AZ","1850 S Miller Rd, Buckeye,AZ 85326, Store No 492|623-386-8855"
-111.757452,32.895303,"QT [Auto Diesel]-Casa Grande,AZ","1627 N Pinal Ave, Casa Grande,AZ 85222, Store No 482|520-876-9050"
-111.841585,33.334721,"QT-Chandler,AZ","1995 N Arizona Ave, Chandler,AZ 85225, Store No 427|480-917-3128"
-111.842381,33.276109,"QT [Auto Diesel]-Chandler,AZ","2010 S Arizona Ave, Chandler,AZ 85286, Store No 442|480-726-5202"
-111.772741,33.378944,"QT-Gilbert,AZ","2761 E Baseline Rd, Gilbert,AZ 85234, Store No 469|480-497-8236"
-111.75537,33.284014,"QT [Auto Diesel]-Gilbert,AZ","3720 S Val Vista Dr, Gilbert,AZ 85297, Store No 1404|480-892-0107"
-111.790195,33.336323,"QT-Gilbert,AZ","726 S Gilbert Rd, Gilbert,AZ 85296, Store No 486|480-855-1673"
-111.841757,33.365497,"QT [Auto Diesel]-Gilbert,AZ","847 N Arizona Ave, Gilbert,AZ 50315, Store No 414|480-558-5342"
-112.150666,33.654463,"QT-Glendale,AZ","4255 W Union Hills Drive, Glendale,AZ 85308, Store No 413|623-463-0202"
-112.167418,33.523216,"QT-Glendale,AZ","5082 NW Grand Ave, Glendale,AZ 85301, Store No 456|623-937-0337"
-112.203327,33.538511,"QT-Glendale,AZ","6702 W Glendale Ave, Glendale,AZ 85303, Store No 470|623-872-1044"
-112.272449,33.50831,"QT-Glendale,AZ","9910 W Camelback Rd, Glendale,AZ 85307, Store No 448|602-548-7055"
-112.341328,33.452413,"QT [Auto Diesel]-Goodyear,AZ","550 N Dysart Rd, Goodyear,AZ 85338, Store No 446|623-882-0431"
-112.392436,33.452765,"QT [Auto Diesel]-Goodyear,AZ","575 N Estrella Pkwy, Goodyear,AZ 85338, Store No 1401|623-932-2462"
-112.133021,33.377303,"QT [Auto Diesel]-Laveen,AZ","3445 W Baseline Rd, Laveen,AZ 85339, Store No 493|602-237-0070"
-112.046588,33.068359,"QT [Auto Diesel]-Maricopa,AZ","20530 N John Wayne Pkwy, Maricopa,AZ 85239, Store No 499|520-568-1907"
-111.615244,33.394344,"QT-Mesa,AZ","1141 S Crismon Rd, Mesa,AZ 85208, Store No 459|480-733-5421"
-111.839923,33.390577,"QT-Mesa,AZ","1331 S Country Club Dr, Mesa,AZ 85210, Store No 402|480-633-0800"
-111.738686,33.382441,"QT-Mesa,AZ","1733 S Greenfield Rd, Mesa,AZ 85206, Store No 438|480-844-8292"
-111.823802,33.38142,"QT-Mesa,AZ","1861 S Mesa Dr, Mesa,AZ 85210, Store No 431|480-558-1992"
-111.8752445,33.4077153,"QT[Auto Diesel]-Mesa,AZ","2026 W Broadway Rd, Mesa,AZ 85202, Store No 419|480-840-6360"
-111.687541,33.367263,"QT-Mesa,AZ","2657 S Power Rd, Mesa,AZ 85208, Store No 496|480-380-9741"
-111.684364,33.421707,"QT-Mesa,AZ","339 N Power Rd, Mesa,AZ 85205, Store No 457|480-325-4766"
-111.754763,33.41532,"QT-Mesa,AZ","3563 E Main, Mesa,AZ 85213, Store No 417|480-833-9108"
-111.805484,33.407512,"QT-Mesa,AZ","414 S Stapley Dr, Mesa,AZ 85204, Store No 433|480-354-6240"
-111.841578,33.451278,"QT[Auto Diesel]-Mesa,AZ","517 W Mckellips Rd, Mesa,AZ 85201, Store No 401|480-981-0469"
-111.686687,33.315917,"QT[Auto Diesel]-Mesa,AZ","5545 S Power Rd, Mesa,AZ 85212, Store No 478|480-325-1399"
-111.702173,33.466169,"QT-Mesa,AZ","5957 E Mcdowell Rd, Mesa,AZ 85215, Store No 447|480-218-0388"
-111.849057,33.422413,"QT-Mesa,AZ","816 W University Dr, Mesa,AZ 85201, Store No 452|480-890-3031"
-111.632113,33.422199,"QT[Auto Diesel]-Mesa,AZ","9229 E University Dr, Mesa,AZ 85207, Store No 404|480-844-3833"
-110.944957,32.407588,"QT [Auto Diesel]-Oro Valley,AZ","11045 N Oracle Rd, Oro Valley,AZ 85737, Store No 1475|520-219-0350"
-112.237434,33.654927,"QT-Peoria,AZ","18855 N 83rd Ave, Peoria,AZ 85308, Store No 428|623-979-0353"
-112.203143,33.610493,"QT [Auto Diesel]-Peoria,AZ","6721 W Thunderbird Rd, Peoria,AZ 85381, Store No 430|623-362-1504"
-112.2041456,33.7121058,"QT [Auto Diesel]-Peoria,AZ","6739 W Happy Valley Rd, Peoria,AZ 85383, Store No 436|623-878-3937"
-112.221008,33.681852,"QT-Peoria,AZ","7522 W Deer Valley Rd, Peoria,AZ 85382, Store No 439|623-878-0670"
-112.240341,33.671375,"QT [Auto Diesel]-Peoria,AZ","8293 W Lake Pleasant Pkwy, Peoria,AZ 85382, Store No 472|623-561-7887"
-112.249831,33.609652,"QT [Auto Diesel]-Peoria,AZ","8870 W Thunderbird Rd, Peoria,AZ 85381, Store No 490|623-362-8033"
-112.255138,33.566926,"QT-Peoria,AZ","9020 N 91st Ave, Peoria,AZ 85345, Store No 416|623-825-6300"
-112.16834,33.46101,"QT Travel Center [Auto Diesel]-Phoenix,AZ","1155 N 51st St [I-10 Exit 138], Phoenix,AZ 85043, Store No 444|602-841-7032"
-112.047278,33.505751,"QT-Phoenix,AZ","1610 E Highland Ave, Phoenix,AZ 85016, Store No 435|602-923-6797"
-112.096257,33.639934,"QT-Phoenix,AZ","1707 W Bell Rd, Phoenix,AZ 85023, Store No 411|602-841-1743"
-112.099427,33.392148,"QT-Phoenix,AZ","1915 W Southern Ave, Phoenix,AZ 85041, Store No 434|602-233-3355"
-112.065453,33.666705,"QT-Phoenix,AZ","19815 N 7th St, Phoenix,AZ 85024, Store No 426|602-548-5701"
-112.099849,33.66705,"QT [Auto Diesel]-Phoenix,AZ","19990 N 19th Ave, Phoenix,AZ 85027, Store No 421|602-494-2743"
-112.101805,33.538459,"QT-Phoenix,AZ","2009 W Glendale Ave, Phoenix,AZ 85021, Store No 418|602-414-0615"
-112.037694,33.596667,"QT-Phoenix,AZ","2019 E Cactus Rd, Phoenix,AZ 85022, Store No 485|602-278-8721"
-112.0311941,33.6772585,"QT [Auto Diesel]-Phoenix,AZ","21050 N Cave Creek, Phoenix,AZ 85024, Store No 497|623-247-2389"
-112.034719,33.640686,"QT-Phoenix,AZ","2212 E Bell Rd, Phoenix,AZ 85022, Store No 406|623-845-7850"
-112.032679,33.480319,"QT [Auto Diesel]-Phoenix,AZ","2250 E Thomas Rd, Phoenix,AZ 85016, Store No 1408|602-923-6702"
-112.029457,33.655183,"QT-Phoenix,AZ","2450 E Union Hills Dr, Phoenix,AZ 85050, Store No 420|602-485-3696"
-112.11407,33.509101,"QT [Auto Diesel]-Phoenix,AZ","2535 W Camelback Rd, Phoenix,AZ 85017, Store No 461|602-242-0686"
-112.119169,33.581868,"QT [Auto Diesel]-Phoenix,AZ","2725 W Peoria Ave, Phoenix,AZ 85029, Store No 454|623-873-4411"
-112.119148,33.610989,"QT-Phoenix,AZ","2750 W Thunderbird, Phoenix,AZ 85053, Store No 407|602-264-2902"
-112.169145,33.422475,"QT [Auto Diesel]-Phoenix,AZ","2775 S 51st Ave, Phoenix,AZ 85043, Store No 445|602-956-0678"
-112.117227,33.479424,"QT-Phoenix,AZ","2836 N 27th Ave, Phoenix,AZ 85009, Store No 458|602-438-6010"
-112.1196353,33.596475,"QT [Auto Diesel]-Phoenix,AZ","2840 W Cactus Rd, Phoenix,AZ 85029, Store No 1428|602-749-0905"
-112.018818,33.494954,"QT-Phoenix,AZ","2941 E Indian School Rd, Phoenix,AZ 85016, Store No 425|602-942-0376"
-112.079023,33.494751,"QT-Phoenix,AZ","321 W Indian School Rd, Phoenix,AZ 85013, Store No 440|602-589-1812"
-112.137189,33.538486,"QT [Auto Diesel]-Phoenix,AZ","3605 W Glendale Ave, Phoenix,AZ 85051, Store No 1411|623-772-7211"
-112.14051,33.625221,"QT [Auto Diesel]-Phoenix,AZ","3806 W Greenway Rd, Phoenix,AZ 85053, Store No 477|602-493-4047"
-112.220452,33.492268,"QT-Phoenix,AZ","3855 N 75th Ave, Phoenix,AZ 85033, Store No 481|602-749-1078"
-111.995486,33.626178,"QT-Phoenix,AZ","4011 E Greenway Rd, Phoenix,AZ 85032, Store No 476|623-582-9215"
-112.012609,33.40705,"QT [Auto Diesel]-Phoenix,AZ","4075 S 32nd St, Phoenix,AZ 85040, Store No 432|602-943-0750"
-112.1514067,33.4949152,"QT [Auto Diesel]-Phoenix,AZ","4275 W Indian School Rd, Phoenix,AZ 85019, Store No 443|602-269-1714"
-111.979847,33.37797,"QT-Phoenix,AZ","4725 E Baseline Rd, Phoenix,AZ 85042, Store No 463|602-249-8197"
-112.203683,33.465982,"QT-Phoenix,AZ","6702 W Mcdowell, Phoenix,AZ 85035, Store No 451|602-272-4146"
-112.204031,33.437039,"QT-Phoenix,AZ","6705 W Buckeye Rd, Phoenix,AZ 85043, Store No 409|602-268-0629"
-112.117155,33.553227,"QT-Phoenix,AZ","8004 N 27th Ave, Phoenix,AZ 85051, Store No 412|623-478-7433"
-112.065124,33.557169,"QT-Phoenix,AZ","8233 N 7th St, Phoenix,AZ 85020, Store No 479|602-843-1365"
-112.237588,33.465045,"QT [Auto Diesel]-Phoenix,AZ","8283 W McDowell Rd, Phoenix,AZ 85037, Store No 449|623-247-1473"
-112.0996689,33.5680443,"QT [Auto Diesel]-Phoenix,AZ","9010 N 19th Ave, Phoenix,AZ 85021, Store No 405|602-957-3121"
-112.256329,33.494318,"QT [Auto Diesel]-Phoenix,AZ","9120 W Indian School Rd, Phoenix,AZ 85037, Store No 487|602-548-7146"
-111.586349,33.181006,"QT-Queen Creek,AZ","1766 W Hunt Hwy, Queen Creek,AZ 85242, Store No 495|480-655-5728"
-111.637709,33.24869,"QT-Queen Creek,AZ","22185 S Ellsworth Loop Rd, Queen Creek,AZ 85142, Store No 474|480-987-9061"
-112.305876,33.638909,"QT-Surprise,AZ","11420 W Bell Rd, Surprise,AZ 85374, Store No 494|623-972-0266"
-112.361576,33.647097,"QT [Auto Diesel]-Surprise,AZ","14007 W Grand Ave, Surprise,AZ 85374, Store No 410|623-556-0238"
-111.921952,33.407706,"QT-Tempe,AZ","1106 E Broadway Rd, Tempe,AZ 85282, Store No 408|480-755-1242"
-111.958987,33.349205,"QT [Auto Diesel]-Tempe,AZ","1190 W Elliot Rd, Tempe,AZ 85284, Store No 1420|480-449-0217"
-111.926275,33.445799,"QT-Tempe,AZ","1545 N Scottsdale Rd, Tempe,AZ 85281, Store No 429|480-753-1106"
-111.970874,33.421803,"QT-Tempe,AZ","2111 W University Drive, Tempe,AZ 85281, Store No 400|480-945-0730"
-111.893657,33.422061,"QT [Auto Diesel]-Tempe,AZ","2150 E University Dr, Tempe,AZ 85281, Store No 1400|480-838-1090"
-111.892225,33.392815,"QT [Auto Diesel]-Tempe,AZ","2195 E Southern Ave, Tempe,AZ 85282, Store No 460|480-921-2937"
-111.960689,33.389074,"QT-Tempe,AZ","3875 S Priest Dr, Tempe,AZ 85282, Store No 467|480-831-3049"
-111.954478,33.334221,"QT-Tempe,AZ","8810 S Hardy Dr, Tempe,AZ 85284, Store No 462|480-966-2738"
-111.928153,33.378387,"QT-Tempe,AZ","918 E Baseline Rd, Tempe,AZ 85283, Store No 441|480-967-0072"
-112.272373,33.449675,"QT-Tolleson,AZ","297 N 99th Ave, Tolleson,AZ 85353, Store No 471|623-907-0024"
-112.238984,33.437158,"QT-Tolleson,AZ","8302 W Buckeye Rd, Tolleson,AZ 85353, Store No 422|623-478-0662"
-110.774246,32.191742,"QT [Auto Diesel]-Tucson,AZ","10230 E Golf Links Rd, Tucson,AZ 85730, Store No 1487|520-741-1776"
-110.827195,32.205787,"QT-Tucson,AZ","1250 S Pantano Rd, Tucson,AZ 85710, Store No 1460|520-294-3446"
-110.994087,32.177841,"QT [Auto Diesel]-Tucson,AZ","1375 W Ajo Way, Tucson,AZ 85713, Store No 1470|520-298-9347"
-110.90949,32.205193,"QT [Auto/Truck Diesel]-Tucson,AZ","1401 S Alvernon Way, Tucson,AZ 85711, Store No 1461|520-747-3027"
-110.995189,32.2503516,"QT [Auto Diesel]-Tucson,AZ","1425 W Grant Rd, Tucson,AZ 85745, Store No 1492|520-886-6321"
-110.875277,32.200059,"QT-Tucson,AZ","1884 S Craycroft Rd, Tucson,AZ 85711, Store No 1453|520-624-4482"
-110.845874,32.244597,"QT-Tucson,AZ","1925 N Kolb Rd, Tucson,AZ 85715, Store No 1493|520-546-5135"
-110.936992,32.163675,"QT [Auto Diesel]-Tucson,AZ","2345 E Irvington Rd, Tucson,AZ 85714, Store No 1490|520-790-0082"
-110.960972,32.257884,"QT [Auto Diesel]-Tucson,AZ","2802 N 1St Ave, Tucson,AZ 85719, Store No 1454|520-293-1782"
-110.9776077,32.2650757,"QT [Auto Diesel]-Tucson,AZ","3200 N Oracle Rd, Tucson,AZ 85705, Store No 1464|520-623-1441"
-111.037859,32.133124,"QT [Auto Diesel]-Tucson,AZ","3345 W Valencia Rd, Tucson,AZ 85746, Store No 1482|520-293-3568"
-111.0383759,32.3382225,"QT [Auto Diesel]-Tucson,AZ","3390 W Ina Rd, Tucson,AZ 85741, Store No 1483|520-325-3047"
-110.842053,32.2971,"QT [Auto Diesel]-Tucson,AZ","3636 N Cratcroft Rd, Tucson,AZ 85750, Store No 1479|520-514-0464"
-110.88221,32.236573,"QT-Tucson,AZ","5151 E Speedway Blvd, Tucson,AZ 85711, Store No 1452|520-529-5643"
-111.08432,32.359165,"QT [Auto Diesel]-Tucson,AZ","5565 W Cortaro Farms Rd, Tucson,AZ 85742, Store No 1456|520-886-2019"
-110.856136,32.192083,"QT [Auto Diesel]-Tucson,AZ","6385 E Golf Links Rd, Tucson,AZ 85730, Store No 1496|520-883-4509"
-110.9898198,32.1334662,"QT [Auto Diesel]-Tucson,AZ","6520 S I-19 Frontage Rd, Tucson,AZ 85756, Store No 1463|520-573-1077"
-110.972996,32.296717,"QT [Auto Diesel]-Tucson,AZ","68 W River Rd, Tucson,AZ 85704, Store No 1450|520-744-0844"
-110.810436,32.220872,"QT [Auto Diesel]-Tucson,AZ","8530 E Broadway Blvd, Tucson,AZ 85710, Store No 1476|520-797-6963"
-112.302261,33.606011,"QT [Auto Diesel]-Youngtown,AZ","11309 Nw Grand Ave, Youngtown,AZ 85363, Store No 468|623-875-6113"
-112.308825,33.565531,"QT [Auto Diesel]-Youngtown,AZ","11604 W Olive Ave, Youngtown,AZ 85363, Store No 453|623-977-5533"
-84.69947,34.049498,"QT-Acworth,GA","3888 Cobb Pkwy, Acworth,GA 30101, Store No 811|770-529-9434"
-84.583531,34.088493,"QT-Acworth,GA","6090 Hwy 92, Acworth,GA 30102, Store No 793|678-445-8111"
-84.907409,34.379266,"QT Travel Center-Adairsville,GA","961 Hwy 140 NW [I-75 Exit 140], Adairsville,GA 30103, Store No 757|770-877-5678"
-84.223485,34.046772,"QT-Alpharetta,GA","10920 State Bridge Rd, Alpharetta,GA 30005, Store No 716|770-664-7923"
-84.293866,34.066822,"QT-Alpharetta,GA","11700 Haynes Bridge Rd, Alpharetta,GA 30005, Store No 765|770-752-9890"
-84.319949,34.040609,"QT [Auto Diesel]-Alpharetta,GA","1590 Mansell Rd, Alpharetta,GA 30009, Store No 843|770-640-6263"
-84.2691332,34.0689381,"QT-Alpharetta,GA","3190 Old Milton Pkwy, Alpharetta,GA 30009, Store No 782|770-753-2671"
-83.35949,33.948515,"QT [Auto Diesel]-Athens,GA","1240 Oconee Connector, Athens,GA 30606, Store No 819|706-546-5733"
-84.335764,33.806894,"QT-Atlanta,GA","1836 Briarcliff Rd, Atlanta,GA 30329, Store No 745|404-325-1931"
-84.32807,33.826958,"QT-Atlanta,GA","2375 N Druid Hill Rd Ne, Atlanta,GA 30329, Store No 723|404-315-6700"
-84.311784,33.837132,"QT [Auto Diesel]-Atlanta,GA","2746 Clairmont Rd NE, Atlanta,GA 30329, Store No 838|404-636-7996"
-84.470953,33.865599,"QT-Atlanta,GA","2804 Paces Ferry Rd NW, Atlanta,GA 30339, Store No 729|770-432-9908"
-84.2745667,33.8796616,"QT-Atlanta,GA","2805 Chamblee Tucker Rd, Atlanta,GA 30341, Store No 709|770-455-1868"
-84.329257,33.842649,"QT-Atlanta,GA","3292 Buford Hwy NE, Atlanta,GA 30329, Store No 721|404-633-6193"
-84.308629,33.861162,"QT-Atlanta,GA","4050 Buford Hwy Ne, Atlanta,GA 30345, Store No 797|404-325-3325"
-84.573037,33.730417,"QT Travel Center-Atlanta,GA","5705 Fulton Industrial Blvd [I-20 Exit 49], Atlanta,GA 30336, Store No 777|404-344-3440"
-84.362716,33.825695,"QT-Atlanta,GA","761 Sidney Marcus Blvd, Atlanta,GA 30324, Store No 744|404-240-0089"
-84.3865204,33.7778282,"QT-Atlanta,GA","855 Peachtree St, Atlanta,GA 30308, Store No 1700|404-748-4554"
-84.564179,33.776583,"QT-Austell,GA","291 Six Flags Dr, Austell,GA 30168, Store No 742|770-944-0781"
-84.59105,33.856727,"QT-Austell,GA","3964 Floyd Rd, Austell,GA 30106, Store No 733|770-805-6312"
-83.994241,34.05141,"QT-Buford,GA","2900 Buford Dr, Buford,GA 30519, Store No 785|770-831-1450"
-83.997933,34.089749,"QT-Buford,GA","4080 Buford Dr, Buford,GA 30518, Store No 786|678-714-8999"
-83.965298,34.14477,"QT [Auto Diesel]-Buford,GA","927 Gainesville Hwy, Buford,GA 30518, Store No 824|678-889-4902"
-84.4700546,34.2519951,"QT [Auto Diesel]-Canton,GA","1490 Riverstone Pkwy, Canton,GA 30114, Store No 1714|770-704-4585"
-85.023352,33.605654,"QT-Carrollton,GA","1676 Bankhead Hwy, Carrollton,GA 30116, Store No 834|770-838-4957"
-84.81803,34.206865,"QT-Cartersville,GA","1364 Joe Frank Harris Pkwy, Cartersville,GA 30120, Store No 792|770-383-8950"
-84.305699,33.894556,"QT-Chamblee,GA","5347 Peachtree Industrial Blvd, Chamblee,GA 30341, Store No 773|770-452-7158"
-84.435858,33.608282,"QT-College Park,GA","5390 Riverdale Rd, College Park,GA 30349, Store No 724|770-994-0186"
-83.460798,34.250375,"QT [Auto Diesel]-Commerce,GA","30839 Hwy 441, Commerce,GA 30529, Store No 828|706-335-5316"
-84.032272,33.664513,"QT [Auto Diesel]-Conyers,GA","1340 Klondike Rd, Conyers,GA 30094, Store No 761|770-602-4596"
-83.998735,33.659255,"QT-Conyers,GA","1395 Georgia Hwy 138, Conyers,GA 30013, Store No 770|770-860-9692"
-83.976902,33.625996,"QT-Conyers,GA","2400 Salem Rd Se, Conyers,GA 30013, Store No 802|770-761-4384"
-83.826514,33.609325,"QT [Auto Diesel]-Covington,GA","11124 Hwy 142, Covington,GA 30014, Store No 821|770-787-4910"
-83.864086,33.602705,"QT-Covington,GA","3214 Hwy 278 Nw, Covington,GA 30014, Store No 798|678-625-1746"
-84.118137,34.163866,"QT-Cumming,GA","1655 Buford Hwy, Cumming,GA 30041, Store No 841|678-455-6198"
-84.088159,34.25288,"QT-Cumming,GA","2830 Keith Bridge Rd, Cumming,GA 30041, Store No 812|678-947-3808"
-83.925617,33.984012,"QT-Dacula,GA","1750 Winder Hwy, Dacula,GA 30019, Store No 766|678-377-7808"
-83.917923,34.073729,"QT-Dacula,GA","2460 Hamilton Mill Rd, Dacula,GA 30019, Store No 784|770-932-1914"
-84.824887,33.910017,"QT-Dallas,GA","491 Nathan Dean Blvd, Dallas,GA 30132, Store No 788|770-445-0294"
-84.277495,33.803912,"QT-Decatur,GA","1910 Lawrenceville Hwy, Decatur,GA 30033, Store No 741|404-633-2849"
-84.21861,33.707151,"QT-Decatur,GA","2753 Wesley Chapel Rd, Decatur,GA 30034, Store No 780|404-534-6538"
-84.236188,33.786157,"QT-Decatur,GA","3830 N Decatur Rd, Decatur,GA 30032, Store No 712|404-292-4098"
-84.26087,33.692223,"QT [Auto Diesel]-Decatur,GA","3975 Flat Shoals Pkwy, Decatur,GA 30034, Store No 736|404-241-1969"
-84.234401,33.753865,"QT-Decatur,GA","4113 Covington Hwy, Decatur,GA 30032, Store No 701|404-284-6286"
-84.24505,33.901776,"QT Travel Center-Doraville,GA","4086 Pleasantdale Rd [I-85 Exit 96], Doraville,GA 30340, Store No 707|770-447-6454"
-84.275312,33.901983,"QT [Auto Diesel]-Doraville,GA","5500 Buford Hwy Ne, Doraville,GA 30340, Store No 848|770-452-5470"
-84.265372,33.929871,"QT-Doraville,GA","6901 Peachtree Industrial Blvd, Doraville,GA 30340, Store No 734|770-368-8889"
-84.710912,33.750094,"QT-Douglasville,GA","2042 Fairburn Rd, Douglasville,GA 30135, Store No 808|678-715-3364"
-84.73698,33.729728,"QT-Douglasville,GA","2786 Chapel Hill Rd, Douglasville,GA 30134, Store No 758|770-947-0505"
-84.12381,33.943493,"QT [Auto Diesel]-Duluth,GA","1565 Pleasant Hill Rd, Duluth,GA 30096, Store No 731|770-931-5103"
-84.09755,33.97047,"QT [Auto Diesel]-Duluth,GA","2571 Satellite Blvd, Duluth,GA 30096, Store No 706|770-232-0272"
-84.160255,34.020763,"QT [Auto Diesel]-Duluth,GA","3195 Peachtree Industrial Blvd, Duluth,GA 30096, Store No 774|770-495-0370"
-84.132376,33.962249,"QT-Duluth,GA","3495 Satellite Blvd, Duluth,GA 30096, Store No 746|770-497-8933"
-84.141852,33.954167,"QT [Auto Diesel]-Duluth,GA","3844 Satellite Blvd, Duluth,GA 30096, Store No 710|770-476-7989"
-84.163716,33.976127,"QT-Duluth,GA","4006 Buford Hwy Nw, Duluth,GA 30096, Store No 831|678-417-7505"
-84.299454,33.61122,"QT Travel Center-Ellenwood,GA","I-67 at Ellenwood Dr Exit 5 [2881 Forest Pkwy], Ellenwood,GA 30294, Store No 787|404-363-6012"
-84.577082,33.537915,"QT [Auto Diesel]-Fairburn,GA","7975 Senoia Rd, Fairburn,GA 30213, Store No 825|770-892-2827"
-84.42958,33.508447,"QT-Fayetteville,GA","1846 Hwy 85 N, Fayetteville,GA 30214, Store No 807|678-817-1352"
-83.7884827,34.3163795,"QT [Auto Diesel]-Gainesville,GA","1910 Jesse Jewell Pkwy NE, Gainesville,GA 30501, Store No 847|770-531-9180"
-83.810913,34.288001,"QT [Auto Diesel]-Gainesville,GA","897 W Ridge Rd, Gainesville,GA 30501, Store No 708|770-287-1607"
-83.862633,34.222597,"QT [Auto Diesel]-Gainesville,GA","3446 Mundy Mill Rd, Gainesville,GA 30566, Store No 771|770-297-0800"
-84.452666,34.457251,"QT [Auto Diesel]-Jasper,GA","3353 Camp Rd, Jasper,GA 30143, Store No 829|706-301-9011"
-83.648991,34.153192,"QT Travel Center [Auto Diesel]-Jefferson,GA","5240 US Hwy 129 N [I-85 Exit 137], Jefferson,GA 30549, Store No 737|706-693-4381"
-84.3633118,33.5318642,"QT [Auto Diesel]-Jonesboro,GA","8140 Tara Blvd, Jonesboro,GA 30236, Store No 799|770-473-7242"
-84.362471,33.514714,"QT-Jonesboro,GA","8805 Tara Blvd, Jonesboro,GA 30236, Store No 756|770-477-4620"
-84.591203,33.995787,"QT [Auto Diesel]-Kennesaw,GA","1400 Earnest Barrett Pkwy, Kennesaw,GA 30152, Store No 1715|470-336-4990"
-84.621719,34.020124,"QT-Kennesaw,GA","2761 Cobb Pkwy, Kennesaw,GA 30152, Store No 753|678-581-0874"
-84.557333,34.057698,"QT-Kennesaw,GA","4340 Bells Ferry Rd, Kennesaw,GA 30144, Store No 752|770-591-0679"
-84.5928946,34.06109,"QT [Auto Diesel]-Kennesaw,GA","4433 Wade Green Rd, Kennesaw,GA 30144, Store No 835|770-420-3358"
-83.9909023,34.0347017,"QT [Auto Diesel]-Kennesaw,GA","1055 Old Peachtree Rd, Lawrenceville,GA 30043, Store No 755|770-277-1373"
-84.0373065,33.9677799,"QT [Auto Diesel]-Lawrenceville,GA","1094 Duluth Hwy, Lawrenceville,GA 30043, Store No 759|770-237-0666"
-83.9882845,33.9548302,"QT-Lawrenceville,GA","200 S Clayton St, Lawrenceville,GA 30046, Store No 725|678-407-1026"
-84.058912,33.888035,"QT-Lawrenceville,GA","2949 Five Forks Trickum Rd, Lawrenceville,GA 30044, Store No 751|770-736-0323"
-84.105409,33.909069,"QT-Lawrenceville,GA","3747 Us Hwy 29, Lawrenceville,GA 30044, Store No 790|770-921-0823"
-84.0001373,33.9174004,"QT [Auto Diesel]-Lawrenceville,GA","5050 Sugarloaf Pkwy, Lawrenceville,GA 30045, Store No 740|770-513-1505"
-84.014083,33.966841,"QT-Lawrenceville,GA","741 W Pike St, Lawrenceville,GA 30045, Store No 700|770-995-1180"
-83.984921,33.981944,"QT [Auto Diesel]-Lawrenceville,GA","765 Buford Dr, Lawrenceville,GA 30045, Store No 764|770-237-3922"
-84.621583,33.788436,"QT-Lithia Springs,GA","611 Thornton Rd, Lithia Springs,GA 30122, Store No 720|678-945-0186"
-84.1687546,33.706295,"QT [Auto Diesel]-Lithonia,GA","2776 Panola Rd, Lithonia,GA 30058, Store No 747|770-808-0079"
-84.101602,33.784968,"QT-Lithonia,GA","7225 Rockbridge Rd, Lithonia,GA 30058, Store No 722|770-413-7177"
-84.123458,33.354414,"QT [Auto Diesel]-Locust Grove,GA","4829 Bill Gardner Pkwy, Locust Grove,GA 30248, Store No 837|770-957-4136"
-83.890207,33.833937,"QT-Loganville,GA","4675 Atlanta Hwy, Loganville,GA 30052, Store No 796|770-554-0298"
-84.537007,33.781066,"QT [Auto Diesel]-Mableton,GA","7130 Mableton Pkwy, Mableton,GA 30126, Store No 738|770-941-3206"
-84.552221,34.013945,"QT-Marietta,GA","105 Earnest Barrett Pkwy NW, Marietta,GA 30066, Store No 775|770-919-1320"
-84.549675,33.920727,"QT [Auto Diesel]-Marietta,GA","1350 S Cobb Dr SE, Marietta,GA 30060, Store No 713|678-290-1602"
-84.497087,33.951426,"QT-Marietta,GA","1900 Lower Roswell Rd, Marietta,GA 30068, Store No 806|678-560-7240"
-84.460972,33.978691,"QT [Auto Diesel]-Marietta,GA","3110 Roswell Rd, Marietta,GA 30062, Store No 749|770-579-9277"
-84.534196,33.943255,"QT [Auto Diesel]-Marietta,GA","600 S Marietta Pkwy, Marietta,GA 30060, Store No 845|770-919-2096"
-84.505953,33.93702,"QT-Marietta,GA","640 Franklin Rd, Marietta,GA 30067, Store No 719|770-425-7518"
-84.537561,33.968711,"QT-Marietta,GA","671 N Cobb Pkwy, Marietta,GA 30062, Store No 815|770-424-9202"
-84.5567022,33.935631,"QT [Auto Diesel]-Marietta,GA","692 Powder Springs Rd, Marietta,GA 30064, Store No 727|770-427-1147"
-84.5260162,33.9958076,"QT [Auto Diesel]-Marietta,GA","825 Sandy Plains Rd, Marietta,GA 30062, Store No 743|770-579-9900"
-84.204962,33.462337,"QT-Mcdonough,GA","1494 Jonesboro Rd, Mcdonough,GA 30253, Store No 820|770-898-9020"
-84.178713,33.431832,"QT-Mcdonough,GA","50 Willow Lane, Mcdonough,GA 30253, Store No 783|770-898-0388"
-84.165419,33.408396,"QT-Mcdonough,GA","955 Highway 155, Mcdonough,GA 30253, Store No 842|770-914-6176"
-84.314529,33.56903,"QT-Morrow,GA","6801 Mt Zion Blvd, Morrow,GA 30260, Store No 791|678-422-9660"
-84.347226,33.553471,"QT [Auto Diesel]-Morrow,GA","7390 Jonesboro Rd, Morrow,GA 30260, Store No 814|770-968-1843"
-84.723256,33.401223,"QT-Newnan,GA","1670 Hwy 34 E, Newnan,GA 30265, Store No 813|678-423-1300"
-84.147531,33.93091,"QT [Auto Diesel]-Norcross,GA","1515 Beaver Ruin Rd, Norcross,GA 30093, Store No 714|770-381-5513"
-84.184968,33.936036,"QT-Norcross,GA","2185 Beaver Ruin Rd, Norcross,GA 30091, Store No 703|770-242-5747"
-84.172096,33.923189,"QT-Norcross,GA","5095 Oakbrook Pkwy, Norcross,GA 30093, Store No 748|770-931-1119"
-84.21826,33.977166,"QT-Norcross,GA","5255 Peachtree Pkwy, Norcross,GA 30092, Store No 776|770-729-9668"
-84.197555,33.919594,"QT-Norcross,GA","5770 Brookhollow Pkwy, Norcross,GA 30071, Store No 705|770-242-8945"
-84.200661,33.905183,"QT-Norcross,GA","6065 Singleton Rd, Norcross,GA 30093, Store No 718|770-242-9083"
-84.215722,33.924211,"QT-Norcross,GA","6140 Jimmy Carter Blvd, Norcross,GA 30071, Store No 750|770-840-7505"
-84.2498522,33.9417786,"QT [Auto Diesel]-Peachtree Corners,GA","3229 Peacetree Corners Circle, Peachtree Corners,GA 30092, Store No 735|770-662-0537"
-84.414081,33.554472,"QT-Riverdale,GA","7350 Georgia Hwy 85, Riverdale,GA 30274, Store No 760|770-909-7324"
-84.390299,33.57797,"QT-Riverdale,GA","93 Upper Riverdale Rd, Riverdale,GA 30274, Store No 726|770-996-5825"
-84.360098,34.047177,"QT-Roswell,GA","20 E Crossville Rd, Roswell,GA 30075, Store No 803|770-552-5515"
-84.420328,34.061218,"QT [Auto Diesel]-Roswell,GA","4635 Woodstock Rd, Roswell,GA 30075, Store No 754|770-594-1025"
-84.357762,33.97308,"QT-Sandy Springs,GA","7884 Roswell, Sandy Springs,GA 30350, Store No 711|770-390-9683"
-84.344805,33.991154,"QT-Sandy Springs,GA","8200 Dunwoody Pl, Sandy Springs,GA 30350, Store No 730|770-640-8157"
-84.490538,33.901101,"QT-Smyrna,GA","2180 Windy Hill Rd, Smyrna,GA 30080, Store No 768|770-434-5502"
-84.475736,33.884072,"QT-Smyrna,GA","2671 Spring Rd, Smyrna,GA 30080, Store No 732|770-434-4726"
-84.50064,33.844402,"QT-Smyrna,GA","4495 S Cobb Dr, Smyrna,GA 30080, Store No 1702|678-556-0646"
-83.993759,33.85606,"QT-Snellville,GA","1912 Main St, Snellville,GA 30078, Store No 804|770-978-4338"
-84.015074,33.869793,"QT-Snellville,GA","2008 Scenic Hwy, Snellville,GA 30078, Store No 794|678-344-9236"
-84.042961,33.80407,"QT [Auto Diesel]-Snellville,GA","3490 Centerville Hwy, Snellville,GA 30039, Store No 816|678-344-2654"
-84.238956,33.50352,"QT-Stockbridge,GA","1614 Hudson Bridge Rd, Stockbridge,GA 30281, Store No 789|770-506-4014"
-84.250551,33.547112,"QT-Stockbridge,GA","5260 North Henry Blvd, Stockbridge,GA 30281, Store No 772|770-389-0238"
-84.1041107,33.8255005,"QT [Auto Diesel]-Stone Mountain,GA","5065 Stone Mountain Hwy, Stone Mountain,Ga 30087, Store No 795|770-982-9696"
-84.09191,34.049854,"QT-Suwanee,GA","1075 Peachtree Ind Blvd, Suwanee,GA 30024, Store No 769|678-546-3732"
-84.052787,34.038958,"QT [Auto Diesel]-Suwanee,GA","3359 Hwy 317, Suwanee,GA 30024, Store No 844|770-831-8473"
-84.165998,34.072707,"QT-Suwanee,GA","3611 Peachtree Pkwy, Suwanee,GA 30024, Store No 778|770-622-8388"
-84.200729,33.842232,"QT-Tucker,GA","1999 Mountain Industrial Blvd, Tucker,GA 30084, Store No 704|770-270-0274"
-84.238856,33.836973,"QT-Tucker,GA","3317 Lawrenceville Hwy, Tucker,GA 30084, Store No 728|770-939-2918"
-84.219414,33.881089,"QT-Tucker,GA","4330 Chamblee Tucker Rd, Tucker,GA 30084, Store No 739|770-908-1696"
-84.209524,33.893263,"QT-Tucker,GA","6182 S Norcross Tucker Rd, Norcross,GA 30084, Store No 717|770-621-0386"
-84.542702,33.569793,"QT-Union City,GA","4745 Jonesboro Rd, Union City,GA 30291, Store No 763|770-306-9100"
-84.972169,33.63989,"QT-Villa Rica,GA","650 Hwy 61, Villa Rica,GA 30180, Store No 810|770-459-0226"
-84.937634,33.717834,"QT-Woodstock,GA","1470 Towne Lake Pkwy, Woodstock,GA 30189, Store No 779|770-516-5797"
-84.510985,34.143816,"QT-Woodstock,GA","4865 Old Hwy 5, Woodstock,GA 30188, Store No 781|678-445-2753"
-84.527374,34.086808,"QT-Woodstock,GA","9765 Hwy 92, Woodstock,GA 30188, Store No 801|770-591-4274"
-93.587332,41.731987,"QT [Auto Diesel]-Ankeny,IA","802 E 1st St, Ankeny,IA 50021, Store No 514|515-964-5180"
-93.782454,41.600562,"QT-Clive,IA","11925 University Ave, Clive,IA 50325, Store No 566|515-223-5226"
-93.605936,41.600488,"QT-Des Moines,IA","1000 E University, Des Moines,IA 50316, Store No 516|515-266-3500"
-93.636016,41.586902,"QT-Des Moines,IA","1421 Ingersoll, Des Moines,IA 50309, Store No 515|515-243-2357"
-93.59493,41.59389,"QT-Des Moines,IA","1501 E Grand, Des Moines,IA 50317, Store No 535|515-266-0961"
-93.579069,41.627616,"QT [Auto Diesel]-Des Moines,IA","2221 E Euclid Ave, Des Moines,IA 50317, Store No 501|515-299-8876"
-93.600759,41.615162,"QT-Des Moines,IA","2300 E 14th St, Des Moines,IA 50316, Store No 530|515-265-0643"
-93.646736,41.615339,"QT-Des Moines,IA","2300 Martin Luther King Pkwy, Des Moines,IA 50310, Store No 560|515-279-4493"
-93.5726013,41.6062546,"QT [Auto Diesel]-Des Moines,IA","2428 Hubbell Ave Des Moines,IA 50317, Store No 541|515-263-8576"
-93.559894,41.600325,"QT [Auto Diesel]-Des Moines,IA","2945 E University, Des Moines,IA 50317, Store No 534|515-266-9905"
-93.544783,41.629203,"QT-Des Moines,IA","3700 Hubbell Ave, Des Moines,IA 50317, Store No 500|515-261-7029"
-93.596603,41.548933,"QT-Des Moines,IA","3941 Se 14th St, Des Moines,IA 50320, Store No 544|515-287-4781"
-93.645204,41.547722,"QT [Auto Diesel]-Des Moines,IA","4024 Fleur Dr, Des Moines,IA 50321, Store No 559|515-287-7558"
-93.61963,41.643478,"QT-Des Moines,IA","4575 Nw 2nd, Des Moines,IA 50313, Store No 538|515-288-8276"
-93.599165,41.647944,"QT Travel Center [Auto Diesel]-Des Moines,IA","4801 NE 14th St [I-80 I-35 Exit 136], Des Moines,IA 50313, Store No 562|515-266-1630"
-93.626472,41.600555,"QT [Auto Diesel]-Des Moines,IA","614 University Ave, Des Moines,IA 50314, Store No 527|515-243-5841"
-93.624635,41.52633,"QT-Des Moines,IA","850 Army Post Rd, Des Moines,IA 50315, Store No 523|515-287-4705"
-93.703154,41.570184,"QT-Des Moines,IA","901 Sw 63rd St, Des Moines,IA 50312, Store No 554|515-274-2914"
-93.773187,41.658472,"QT [Auto Diesel]-Grimes,IA","1900 Se 37Th St, Grimes,IA 50111, Store No 531|515-986-5087"
-93.69734,41.654601,"QT-Johnston,IA","5169 Merle Hay Rd, Johnston,IA 50322, Store No 568|515-276-2070"
-93.698187,41.644183,"QT-Urbandale,IA","4600 Merle Hay Rd, Urbandale,IA 50322, Store No 513|515-278-4551"
-93.754418,41.62956,"QT-Urbandale,IA","9915 Douglas Ave, Urbandale,IA 50322, Store No 567|515-270-8363"
-93.736044,41.594609,"QT [Auto Diesel]-West Des Moines,IA","1451 22nd St, West Des Moines,IA 50266, Store No 517|515-223-3097"
-93.717141,41.614523,"QT-Windsor Heights,IA","7220 Hickman Rd, Windsor Heights,IA 50324, Store No 503|515-331-8936"
-90.058466,38.900652,"QT-Bethalto,IL","605 W Bethalto Dr, Bethalto,IL 62010, Store No 695|618-258-7278"
-89.951034,38.781994,"QT-Edwardsville,IL","2490 Troy Rd, Edwardsville,IL 62025, Store No 694|618-656-0017"
-90.191869,38.92273,"QT-Godfrey Township,IL","2809 Godfrey Rd, Godfrey Township,IL 62035, Store No 698|618-466-8486"
-90.143608,38.702138,"QT-Granite City,IL","2159 Madison Ave, Granite City,IL 62040, Store No 697|618-451-7014"
-90.122439,38.718125,"QT-Granite City,IL","3120 Nameoki Rd, Granite City,IL 62040, Store No 688|618-877-1707"
-94.88186,39.104105,"QT [Auto Diesel]-Bonner Springs,KS","389 N 130th St, Bonner Springs,KS 66012, Store No 199|913-721-0267"
-97.275487,37.561612,"QT-Derby,KS","1430 Nelson Dr, Derby,KS 67037, Store No 314|913-884-4786"
-97.244564,37.577978,"QT [Auto Diesel]-Derby,KS","2801 N Rock Rd, Derby,KS 67037, Store No 363|785-840-9459"
-96.881111,37.818298,"QT [Auto Diesel]-El Dorado,KS","2314 W Central Ave, El Dorado,KS 67042, Store No 310|913-438-9797"
-94.9137647,38.8110146,"QT [Auto Diesel]-Gardner,KS","694 E Main St, Gardner,KS 66030, Store No 249|913-768-7130"
-94.677522,39.090286,"QT Travel Center [Auto Diesel]-Kansas City,KS","4202 Kansas Ave [I-635 Exit 3], Kansas City,KS 66103, Store No 231|913-390-0068"
-94.760384,39.10889,"QT [Auto Diesel]-Kansas City,KS","555 N 78th St, Kansas City,KS 66112, Store No 239|913-764-6845"
-94.770024,39.128738,"QT-Kansas City,KS","8200 Parallel Pkwy, Kansas City,KS 66112, Store No 172|913-390-8246"
-95.222939,38.942829,"QT-Lawrence,KS","1020 E 23rd St, Lawrence,KS 66046, Store No 167|913-281-2059"
-94.742224,38.927967,"QT [Auto Diesel]-Lenexa,KS","11070 Pflumm, Lenexa,KS 66215, Store No 235|913-334-2171"
-94.761016,38.956026,"QT-Lenexa,KS","9530 Lackman Rd, Lenexa,KS 66219, Store No 242|913-334-1542"
-94.69058,39.022235,"QT [Auto Diesel]-Merriam,KS","9025 Johnson Dr, Merriam,KS 66202, Store No 160|913-384-1405"
-94.656346,39.043164,"QT-Mission,KS","4700 Lamar, Mission,KS 66202, Store No 194|913-789-7211"
-94.834038,38.8689,"QT [Auto Diesel]-Olathe,KS","1051 W Dennis Ave, Olathe,KS 66061, Store No 252|913-764-6400"
-94.797133,38.883584,"QT-Olathe,KS","1301 E Santa Fe, Olathe,KS 66061, Store No 182|913-432-7003"
-94.767244,38.88386,"QT-Olathe,KS","15650 W 135th St, Olathe,KS 66062, Store No 206|913-631-2648"
-94.816054,38.84257,"QT-Olathe,KS","15710 S Us 169 Hwy, Olathe,KS 66062, Store No 215|913-631-4950"
-94.792802,38.912806,"QT [Auto Diesel]-Olathe,KS","17840 W 119th St, Olathe,KS 66061, Store No 219|913-381-0342"
-94.800225,38.854447,"QT-Olathe,KS","18619 W 151st St, Olathe,KS 66062, Store No 212|913-432-5259"
-94.639731,38.934288,"QT-Overland Park,KS","10700 Roe Ave, Overland Park,KS 66211, Store No 210|913-381-6699"
-94.6716385,39.0154839,"QT [Auto Diesel]-Overland Park,KS","7400 Shawnee Mission Pkwy, Overland Park,KS 66202, Store No 157|913-469-1836"
-94.674937,38.854362,"QT [Auto Diesel]-Overland Park,KS","7681 W 151st St, Overland Park,KS 66223, Store No 203|913-962-0055"
-94.667596,38.989321,"QT-Overland Park,KS","7701 Metcalf, Overland Park,KS 66204, Store No 246|913-339-9236"
-94.700653,38.97076,"QT [Auto Diesel]-Overland Park,KS","9901 W 87th St, Overland Park,KS 66212, Store No 243|913-422-1036"
-97.327104,37.796018,"QT [Auto Diesel]-Park City,KS","928 E 61st St N, Park City,KS 67219, Store No 394|913-492-0242"
-94.639489,39.036969,"QT-Roeland Park,KS","5055 Roe Ave, Roeland Park,KS 66205, Store No 174|913-681-9748"
-94.705229,38.992868,"QT-Shawnee,KS","10301 W 75th St, Shawnee,KS 66203, Store No 185|316-788-3311"
-94.725195,39.022594,"QT-Shawnee,KS","11915 Johnson Dr, Shawnee,KS 66203, Store No 166|316-788-5066"
-94.826688,39.009209,"QT [Auto Diesel]-Shawnee,KS","20605 Shawnee Mission Pkwy, Shawnee,KS 66218, Store No 226|316-321-1580"
-94.714348,39.008626,"QT-Shawnee,KS","6637 Nieman Rd, Shawnee,KS 66203, Store No 164|316-262-2252"
-97.326168,37.686183,"QT [Auto Diesel]-Wichita,KS","1010 E Douglas Ave, Wichita,KS 67211, Store No 386|316-831-9007"
-97.351624,37.636843,"QT [Auto Diesel]-Wichita,KS","1021 West 31st St S, Wichita,KS 67217, Store No 320|316-943-2120"
-97.461442,37.708183,"QT-Wichita,KS","10315 W 13th, Wichita,KS 67212, Store No 374|316-721-1334"
-97.244216,37.68612,"QT-Wichita,KS","110 S Rock Rd, Wichita,KS 67207, Store No 353|316-681-1593"
-97.353319,37.6841,"QT-Wichita,KS","1112 W Douglas, Wichita,KS 67203, Store No 349|316-686-3221"
-97.207445,37.693767,"QT-Wichita,KS","11223 E Central, Wichita,KS 67206, Store No 383|316-684-5460"
-97.188816,37.72294,"QT [Auto Diesel]-Wichita,KS","12825 E 21st N, Wichita,KS 67206, Store No 327|316-682-7731"
-97.170745,37.679626,"QT [Auto Diesel]-Wichita,KS","14402 E Kellogg St, Wichita,KS 67230, Store No 316|316-688-1438"
-97.462015,37.666414,"QT-Wichita,KS","1500 S Maize Rd, Wichita,KS 67203, Store No 315|316-729-9001"
-97.352642,37.66673,"QT-Wichita,KS","1532 S Seneca, Wichita,KS 67213, Store No 347|316-773-4997"
-97.3184402,37.6716853,"QT [Auto Diesel]-Wichita,KS","1607 E Lincoln, Wichita,KS 67211, Store No 373|316-262-1923"
-97.279871,37.663702,"QT [Auto Diesel]-Wichita,KS","1620 S Oliver, Wichita,KS 67218, Store No 329|none listed"
-97.226014,37.663865,"QT [Auto Diesel]-Wichita,KS","1620 S Webb Rd, Wichita,KS 67207, Store No 366|316-264-2973"
-97.3175979,37.6079801,"QT [Auto Diesel]-Wichita,KS","1623 E 47th St, Wichita,KS 67216, Store No 356|316-686-1554"
-97.244282,37.656072,"QT-Wichita,KS","2106 S Rock Rd, Wichita,KS 67207, Store No 376|316-683-4911"
-97.444092,37.680644,"QT-Wichita,KS","242 S Tyler, Wichita,KS 67209, Store No 343|316-942-0363"
-97.371263,37.651493,"QT-Wichita,KS","2510 W Pawnee, Wichita,KS 67213, Store No 384|316-722-5400"
-97.31723,37.642179,"QT-Wichita,KS","2801 S Hydraulic, Wichita,KS 67216, Store No 328|316-265-2965"
-97.3022939,37.6350249,"QT [Auto Diesel]-Wichita,KS","2821 E 31st St S, Wichita,KS 67216, Store No 313|316-942-3687"
-97.299844,37.650119,"QT-Wichita,KS","3106 E Pawnee St, Wichita,KS 67211, Store No 372|316-942-0746"
-97.38925,37.679778,"QT [Auto Diesel]-Wichita,KS","324 S West St, Wichita,KS 67213, Store No 396|316-267-9057"
-97.280632,37.7351,"QT [Auto Diesel]-Wichita,KS","3520 N Oliver Ave, Wichita,KS 67220, Store No 322|316-264-9116"
-97.244666,37.75268,"QT [Auto Diesel]-Wichita,KS","3820 N Rock Rd, Wichita,KS 67226, Store No 388|316-522-7544"
-97.388494,37.708701,"QT-Wichita,KS","3933 W 13th St, Wichita,KS 67203, Store No 360|316-682-6412"
-97.3707211,37.6237797,"QT [Auto Diesel]-Wichita,KS","3945 S Meridian Ave, Wichita,KS 67217, Store No 345|316-522-8541"
-97.426986,37.757045,"QT [Auto Diesel]-Wichita,KS","4051 N Ridge Rd, Wichita,KS 67205, Store No 359|316-522-9101"
-97.281305,37.69397,"QT [Auto Diesel]-Wichita,KS","4730 E Central, Wichita,KS 67218, Store No 389|316-522-9409"
-97.334262,37.593205,"QT [Auto Diesel]-Wichita,KS","5611 S Broadway, Wichita,KS 67216, Store No 378|316-685-4022"
-97.412831,37.694494,"QT-Wichita,KS","6011 W Central, Wichita,KS 67212, Store No 321|316-744-2686"
-97.298864,37.676773,"QT [Auto Diesel]-Wichita,KS","625 S Hillside St, Wichita,KS 67211, Store No 369|316-687-0582"
-97.343983,37.722731,"QT-Wichita,KS","626 W 21st St N, Wichita,KS 67203, Store No 368|316-634-1048"
-97.425633,37.723656,"QT [Auto Diesel]-Wichita,KS","7130 W 21st St N, Wichita,KS 567205, Store No 358|316-729-5998"
-97.335426,37.696632,"QT [Auto Diesel]-Wichita,KS","730 N Broadway, Wichita,KS 67214, Store No 391|316-630-8122"
-97.3355146,37.6780509,"QT [Auto Diesel]-Wichita,KS","750 S Broadway, Wichita,KS 67211, Store No 326|316-733-0598"
-90.374266,38.443547,"QT-Arnold,MO","1069 Jeffco Blvd, Arnold,MO 63010, Store No 618|636-296-1277"
-90.538083,38.592847,"QT [Auto Diesel]-Ballwin,MO","14800 Manchester Rd, Ballwin,MO 63011, Store No 621|636-391-5788"
-90.330465,38.71872,"QT-Bel Ridge,MO","9099 Natural Bridge Rd, Bel Ridge,MO 63121, Store No 601|314-867-2777"
-90.203796,38.764904,"QT Travel Center [Auto Diesel]-Bellefontaine,MO","10845 Lilac Dr [I-270 Exit 33], Bellefontaine,MO 63137, Store No 605|816-322-2300"
-94.52542,38.814095,"QT [Auto Diesel]-Belton,MO","501 E N Ave, Belton,MO 64012, Store No 233|816-318-0322"
-94.500165,38.813207,"QT-Belton,MO","7920 E 171st, Belton,MO 64012, Store No 171|314-522-8082"
-90.337013,38.762891,"QT [Auto Diesel]-Berkeley,MO","6805 N Hanley Rd, Berkeley,MO 63134, Store No 612|816-229-1791"
-94.30449,39.029642,"QT-Blue Springs,MO","1128 N Woods Chapel Rd, Blue Springs,MO 64015, Store No 180|816-224-1110"
-94.250858,39.001848,"QT [Auto Diesel]-Blue Springs,MO","1201 N 7 Hwy, Blue Springs,MO 64014, Store No 241|816-228-0502"
-94.272704,39.020233,"QT [Auto Diesel]-Blue Springs,MO","705 SW Westbound US 40 Hwy, Blue Springs,MO 64015, Store No 217|816-228-5660"
-90.405343,38.741065,"QT-Bridgeton,MO","11444 St Charles Rock Rd, Bridgeton,MO 63044, Store No 664|314-739-5137"
-90.435493,38.760119,"QT-Bridgeton,MO","12700 St Charles Rock Rd, Bridgeton,MO 63044, Store No 659|636-240-0969"
-90.737249,38.773038,"QT-Dardenne Prairie,MO","1150 Feise Rd, Dardenne Prairie,MO 63368, Store No 657|636-527-1819"
-90.595673,38.590363,"QT-Ellisville,MO","16100 Manchester Rd, Ellisville,MO 63011, Store No 634|636-938-1443"
-90.623908,38.505148,"QT [Auto Diesel]-Eureka,MO","290 E 4th St, Eureka,MO 63025, Store No 655|636-861-3967"
-90.486943,38.523988,"QT-Fenton,MO","1907 Hawkins Rd, Fenton,MO 63026, Store No 656|636-349-1990"
-90.4699326,38.540966,"QT [Auto Diesel]-Fenton,MO","1923 Bowles Ave, Fenton,MO 63026, Store No 642|636-305-1857"
-90.425024,38.463559,"QT [Auto Diesel]-Fenton,MO","2600 State Route 141, Fenton,MO 63026, Store No 652|314-522-2320"
-90.280083,38.76634,"QT [Auto Diesel]-Ferguson,MO","10768 W Florissant Ave, Ferguson,MO 63136, Store No 676|314-830-3531"
-90.359206,38.808289,"QT-Florissant,MO","150 Howdershell Rd, Florissant,MO 63031, Store No 627|314-972-7544"
-90.313087,38.801617,"QT [Auto Diesel]-Florissant,MO","2105 N Hwy 67, Florissant,MO 63033, Store No 670|816-468-4366"
-94.548417,39.208062,"QT-Gladstone,MO","6309 NE Antioch Rd, Gladstone,MO 64119, Store No 237|816-322-3933"
-94.525573,38.857767,"QT [Auto Diesel]-Grandview,MO","6015 E 147th St, Grandview,MO 64030, Store No 186|314-487-5800"
-90.342285,38.514899,"QT [Auto Diesel]-Green Park,MO","6312 S Lindbergh, Green Park,MO 76180, Store No 649|816-884-3553"
-94.367488,38.663795,"QT [Auto Diesel]-Harrisonville,MO","1402 N 291 Hwy, Harrisonville,MO 64701, Store No 247|314-731-5222"
-90.3897263,38.7810671,"QT [Auto Diesel]-Hazelwood,MO","5909 Howdershell, Hazelwood,MO 63042, Store No 615|314-972-7291"
-90.354286,38.784447,"QT [Auto Diesel]-Hazelwood,MO","7400 N Lindbergh Blvd, Hazelwood,MO 63042, Store No 650|636-931-7569"
-90.400558,38.2544,"QT Travel Center-Herculaneum,MO","850 Mcnutt Rd [I-55 Exit 178], Herculaneum,MO 63048, Store No 611|636-677-4797"
-90.49962,38.485218,"QT [Auto Diesel]-High Ridge,MO","1617 Gravois Rd, High Ridge,MO 63049, Store No 646|816-254-7490"
-94.448123,39.049115,"QT [Auto Diesel]-Independence,MO","11101 E 40 Hwy, Independence,MO 64055, Store No 205|816-353-4191"
-94.445577,39.094821,"QT-Independence,MO","11201 E Truman Rd, Independence,MO 64052, Store No 230|816-478-0080"
-94.3857899,39.1164042,"QT [Auto Diesel]-Independence,MO","16001 E US 24 Hwy, Independence,MO 64050, Store No 175|816-478-0245"
-94.387306,39.03432,"QT [Auto Diesel]-Independence,MO","16501 E US Hwy 40, Independence,MO 64055, Store No 202|816-796-6671"
-94.362609,39.04811,"QT-Independence,MO","17815 E 39th St, Independence,MO 64057, Store No 245|816-461-7284"
-94.352029,39.130865,"QT [Auto Diesel]-Independence,MO","19010 Us 24 Hwy, Independence,MO 64058, Store No 201|816-461-7020"
-94.4138032,39.0790342,"QT [Auto Diesel]-Independence,MO","201 23rd St, Independence,MO 64055, Store No 155|816-350-0874"
-94.390516,39.077696,"QT-Independence,MO","2321 Lee's Summit Rd, Independence,MO 64055, Store No 165|816-795-7223"
-94.378298,39.071604,"QT-Independence,MO","2601 S 291 Hwy, Independence,MO 64057, Store No 161|816-254-7355"
-94.3407831,39.0436969,"QT [Auto Diesel]-Independence,MO","4005 Little Blue Pkwy, Independence,MO 64057, Store No 152|816-795-8895"
-94.415224,39.048448,"QT-Independence,MO","4024 S Noland Rd, Independence,MO 64055, Store No 216|816-792-0562"
-94.35877,39.031808,"QT-Independence,MO","4740 Arrowhead Dr, Independence,MO 64057, Store No 248|816-941-9559"
-94.452982,39.268197,"QT-Kansas City,MO","10150 Ne Cookingham Rd, Kansas City,MO 64157, Store No 159|816-942-3355"
-94.596998,38.943038,"QT [Auto Diesel]-Kansas City,MO","10232 Wornall Rd, Kansas City,MO 64114, Store No 168|816-941-9559"
-94.607212,38.934869,"QT [Auto Diesel]-Kansas City,MO","10601 State Line Rd, Kansas City,MO 64114, Store No 178|816-436-6589"
-94.596029,39.246166,"QT-Kansas City,MO","1251 Nw Barry Rd, Kansas City,MO 64155, Store No 225|816-931-6886"
-94.601488,39.049901,"QT-Kansas City,MO","1301 Westport Rd, Kansas City,MO 64111, Store No 176|816-942-9048"
-94.586104,38.889586,"QT [Auto Diesel]-Kansas City,MO","13100 Holmes Rd, Kansas City,MO 64145, Store No 197|816-931-4940"
-94.607259,39.07249,"QT-Kansas City,MO","3101 Southwest Blvd, Kansas City,MO 64108, Store No 227|816-361-2633"
-94.593244,38.997869,"QT-Kansas City,MO","344 W 72nd St, Kansas City,MO 64114, Store No 190|816-561-6055"
-94.586378,39.048922,"QT-Kansas City,MO","4327 Main St, Kansas City,MO 64111, Store No 184|816-454-7534"
-94.548749,39.18457,"QT-Kansas City,MO","5025 N Antioch Rd, Kansas City,MO 64118, Store No 238|816-454-0783"
-94.519899,39.188147,"QT [Auto Diesel]-Kansas City,MO","5108 NE Vivion Rd, Kansas City,MO 64119, Store No 169|816-453-3388"
-94.586917,39.195897,"QT [Auto Diesel]-Kansas City,MO","528 NW Englewood Rd, Kansas City,MO 64118, Store No 173|816-468-1883"
-94.587988,39.217328,"QT-Kansas City,MO","601 NW 68Th St, Kansas City,MO 64118, Store No 193|816-333-3239"
-94.512338,38.966714,"QT [Auto Diesel]-Kansas City,MO","6507 E 87th St, Kansas City,MO 64138, Store No 234|816-483-0623"
-94.503501,39.093667,"QT-Kansas City,MO","6641 Truman Rd, Kansas City,MO 64126, Store No 204|816-231-3740"
-94.502305,39.130375,"QT-Kansas City,MO","6820 E Front St, Kansas City,MO 64120, Store No 224|816-741-6640"
-94.66271,39.24673,"QT [Auto Diesel]-Kansas City,MO","7133 NW Barry Rd, Kansas City,MO 64152, Store No 218|816-454-6363"
-94.496505,39.169552,"QT [Auto Diesel]-Kansas City,MO","7100 NE Parvin Rd, Kansas City,MO 64117, Store No 229|816-454-6363"
-94.608237,38.983291,"QT [Auto Diesel]-Kansas City,MO","8011 State Line Rd, Kansas City,MO 64114, Store No 222|816-231-6141"
-94.483112,39.106913,"QT-Kansas City,MO","8501 Winner Rd, Kansas City,MO 64125, Store No 207|816-468-1379"
-94.575925,39.263302,"QT-Kansas City,MO","9340 N Oak Trafficway, Kansas City,MO 64155, Store No 221|816-903-4134"
-94.5792923,39.3688812,"QT [Auto Diesel]-Kearney,MO","411 W 92 Hwy, Kearney,MO 64060, Store NO 198|636-561-1014"
-90.78707,38.762435,"QT-Lake St Louis,MO","8334 Highway N, Lake St Louis,MO 63367, Store No 669|816-524-8213"
-94.392223,38.911312,"QT [Auto Diesel]-Lee's Summit,MO","1001 SW Blue Pkwy, Lee's Summit,MO 64063, Store No 183|816-537-6061"
-94.377802,38.852837,"QT [Auto Diesel]-Lee's Summit,MO","120 SW M-150 Hwy, Lee's Summit,MO 64082, Store No 200|816-373-0176"
-94.360281,38.982674,"QT-Lee's Summit,MO","800 NE Woods Chapel Rd, Lee's Summit,MO 64064, Store No 208|816-524-2946"
-94.362929,38.904506,"QT-Lee's Summit,MO","801 SE M-291 Hwy, Lee's Summit,MO 64063, Store No 162|816-415-8700"
-94.438602,39.239905,"QT [Auto Diesel]-Liberty,MO","655 S 291 Hwy, Liberty,MO 64068, Store No 151|314-647-7114"
-90.323171,38.613605,"QT [Auto Diesel]-Maplewood,MO","2633 S Big Bend Ave, Maplewood,MO 63143, Store No 610|314-849-5622"
-90.340045,38.567926,"QT-Marlborough,MO","8000 Watson Rd, Marlborough,MO 63119, Store No 679|314-344-3304"
-90.423631,38.71456,"QT-Maryland Heights,MO","11525 Dorsett Rd, Maryland Heights,MO 63043, Store No 644|314-991-4408"
-90.435551,38.698238,"QT-Maryland Heights,MO","11829 Lackland Rd, Maryland Heights,MO 63146, Store No 622|816-471-2886"
-94.568735,39.143627,"QT-North Kansas City,MO","1010 Armour Rd, North Kansas City,MO 64116, Store No 153|816-472-1714"
-94.580161,39.146932,"QT-North Kansas City,MO","2525 Burlington St, North Kansas City,MO 64116, Store No 228|816-690-8569"
-94.127646,39.013,"QT Travel Center [Auto Diesel]-Oak Grove,MO","I-70 at F Hwy Exit 28 [309 S Broadway], Oak Grove,MO 64075, Store No 150|314-965-6110"
-90.39137,38.567979,"QT-Oakland,MO","9951 Big Bend Blvd, Oakland,MO 63122, Store No 626|636-300-0744"
-90.699339,38.763042,"QT [Auto Diesel]-O'Fallon,MO","140 Fallon Loop Rd, O'Fallon,MO 63368, Store No 675|636-272-4727"
-90.701181,38.719251,"QT [Auto Diesel]-O'Fallon,MO","4750 Hwy K, O'Fallon,MO 63368, Store No 632|636-978-7973"
-90.677394,38.801092,"QT-O'Fallon,MO","801 Belleau Creek Rd, O'Fallon,MO 63366, Store No 640|636-240-8341"
-90.6995544,38.7915573,"QT [Auto Diesel]-O'Fallon,MO","8601 Mexico Rd, O'Fallon,MO 63366, Store No 643|636-240-7957"
-90.735966,38.798433,"QT-O'Fallon,MO","955 Bryan Rd, O'Fallon,MO 63366, Store No 662|314-426-1811"
-90.361565,38.70545,"QT-Overland,MO","2621 Woodson Rd, Overland,MO 63114, Store No 630|314-429-3738"
-90.351483,38.686564,"QT-Overland,MO","8815 Page Blvd, Overland,MO 63114, Store No 625|314-423-1344"
-90.362679,38.686874,"QT [Auto Diesel]-Overland,MO","9404 Page Ave, Overland,MO 63132, Store No 665|816-858-2503"
-94.680337,39.210244,"QT [Auto Diesel]-Parkville,MO","8601 NW 45 Hwy, Parkville,MO 64152, Store No 189|816-505-1609"
-94.765587,39.354901,"QT Travel Center-Platte City,MO","I-29 at Hwy 92 Exit 18 [1951 Prairie View Rd], Platte City,MO 64079, Store No 236|816-415-2279"
-94.477105,39.216744,"QT Travel Center [Auto Diesel]-Pleasant Valley,MO","I-35 and Pleasant Valley Rd [N-Exit; S-Exit 14] [8600 Pleasant Valley Rd], Pleasant Valley,MO 64068, Store No 179|816-743-0078"
-94.482555,39.009553,"QT [Auto Diesel]-Raytown,MO","8733 E 63rd St, Raytown,MO 64133, Store No 156|816-358-7026"
-94.472282,38.993104,"QT [Auto Diesel]-Raytown,MO","9323 E 350 Hwy, Raytown,MO 64133, Store No 209|816-358-7026"
-90.334122,38.625576,"QT [Auto Diesel]-Richmond Heights,MO","1530 S Hanley Rd, Richmond Heights,MO 63144, Store NO 647|314-647-2332"
-94.6137924,39.1781387,"QT [Auto Diesel]-Riverside,MO","4600 NW Gateway Dr, Riverside,MO 64150, Store No 170|816-741-8589"
-94.583437,39.365186,"QT [Auto Diesel]-Smithville,MO","1407 S 169 Hwy, Smithville,MO 64089, Store No 213|816-532-4821"
-90.3778899,38.726339,"QT-St Ann,MO","10123 St Charles Rock Rd, St Ann,MO 63074, Store No 635|314-739-2200"
-90.524533,38.769738,"QT-St Charles,MO","1500 Zumbehl Rd, St Charles,MO 63303, Store No 660|636-255-0527"
-90.496144,38.765114,"QT [Auto Diesel]-St Charles,MO","1640 S 5th St, St Charles,MO 63303, Store No 602|636-946-8141"
-90.494038,38.786876,"QT-St Charles,MO","225 N Kingshighway, St Charles,MO 63301, Store No 603|636-947-8389"
-90.50918,38.7786,"QT [Auto Diesel]-St Charles,MO","2260 First Capitol Dr, St Charles,MO 63301, Store No 673|636-947-4244"
-90.5652618,38.7906189,"QT [Auto Diesel]-St Charles,MO","3889 Mexico Rd, St Charles,MO 63303, Store No 623|636-939--266"
-90.3405882,38.7058333,"QT [Auto Diesel]-St John,MO","8583 St Charles Rock Rd, St John,MO 63114, Store No 607|314-429-5338"
-90.399651,38.692736,"QT-St Louis,MO","10793 Page Ave, St Louis,MO 63132, Store No 614|314-426-6193"
-90.233809,38.785579,"QT [Auto Diesel]-St Louis,MO","11802 Lusher Rd, St Louis,MO 63138, Store No 639|314-741-1150"
-90.382608,38.491279,"QT-St Louis,MO","13099 Tesson Ferry Rd, St Louis,MO 63128, Store No 678|314-842-0704"
-90.267092,38.771583,"QT [Auto Diesel]-St Louis,MO","2791 Dunn Rd, St Louis,MO 63136, Store No 628|314-355-5644"
-90.318747,38.511898,"QT-St Louis,MO","3475 Lemay Ferry Rd, St Louis,MO 63125, Store No 633|314-416-9775"
-90.304573,38.483368,"QT-St Louis,MO","4435 Telegraph Rd, St Louis,MO 63129, Store No 674|314-487-1240"
-90.372542,38.461686,"QT [Auto Diesel]-St Louis,MO","4450 Meramec Bottom Rd, St Louis,MO 63129, Store No 629|314-845-2598"
-90.524343,38.56811,"QT [Auto Diesel]-St Louis,MO","604 Big Bend Rd, St Louis,MO 63021, Store No 641|636-230-6765"
-90.314657,38.555125,"QT-St Louis,MO","9101 Gravois Rd, St Louis,MO 63123, Store No 624|314-832-6000"
-90.267059,38.620166,"QT [Auto Diesel]-St Louis Downtown,MO","1615 S Kingshighway Blvd, St Louis Downtown,MO 63110, Store No 637|314-771-5038"
-90.286617,38.615643,"QT [Auto Diesel]-St Louis Downtown,MO","2166 Hampton Ave, St Louis,MO 63139, Store No 687|314-645-7184"
-90.2189255,38.6220245,"QT [Auto Diesel]-St Louis Downtown,MO","2600 Chouteau Ave, St Louis Downtown,MO 63103, Store No 658|314-664-4274"
-90.2292471,38.6023025,"QT [Auto Diesel]-St Louis Downtown,MO","2851 Gravois Ave, St Louis Downtown,MO 63118, Store No 638|314-664-6657"
-90.2708511,38.6005554,"QT [Auto Diesel]-St Louis Downtown,MO","3291 S Kingshighway Blvd, St Louis Downtown,MO 63139, Store No 648|314-351-4600"
-90.255751,38.589564,"QT [Auto Diesel]-St Louis Downtown,MO","4101 Gravois Ave, St Louis Downtown,MO 63116, Store No 636|314-776-1806"
-90.28507,38.570092,"QT-St Louis Downtown,MO","6900 Gravois, St Louis Downtown,MO 63116, Store No 668|314-353-8707"
-90.246488,38.628661,"QT [Auto Diesel]-St Louis Downtown,MO","904 S Vandeventer Ave, St Louis Downtown,MO 63110, Store No 671|314-533-4333"
-90.28045,38.541125,"QT-St Louis Unincorp.,MO","3638 Bayless Rd, St Louis Unincorp,MO 63125, Store No 609|314-631-8384"
-90.613098,37.775864,"QT Travel Center-St Peters,MO","3000 Mid Rivers Mall Dr [I-70 Exit 222], St Peters,MO 63376, Store No 606|636-397-2506"
-90.586286,38.757463,"QT-St Peters,MO","3847 McClay Rd, St Peters,MO 63376, Store No 604|636-928-9884"
-90.621681,38.80101,"QT [Auto Diesel]-St Peters,MO","391 N Main, St Peters,MO 63376, Store No 608|636-970-3029"
-90.610588,38.743446,"QT-St Peters,MO","4646 S St Peters Pkwy, St Peters,MO 63304, Store No 619|636-441-4099"
-90.99159,38.442716,"QT [Auto Diesel]-Union,MO","100 Bourbeuse River Access, Union,MO 63084, Store No 672|636-744-0007"
-90.673823,38.716895,"QT-Weldon Springs,MO","5905 Hwy 94 S, Weldon Springs,MO 63304, Store No 645|636-939-6688"
-90.873613,38.812576,"QT-Wentzville,MO","1140 W Pearce Blvd, Wentzville,MO 63385, Store No 654|636-332-5056"
-90.853079,38.822289,"QT-Wentzville,MO","55 Wentzville Pky, Wentzville,MO 63385, Store No 663|636-332-5920"
-80.7184982,35.3338661,"QT [Auto Diesel]-Charlotte,NC","11230 N Tryon St, Charlotte,NC 28262, Store No 1032|704-549-8712"
-80.8739696,35.1947283,"QT [Auto Diesel]-Charlotte,NC","116 Clanton Rd, Charlotte,NC 28217, Store No 1076|704-522-3877"
-80.882708,35.178838,"QT [Auto Diesel]-Charlotte,NC","127 E Woodlawn Rd, Charlotte,NC 28217, Store No 1071|704-525-1008"
-80.939379,35.13458,"QT [Auto Diesel]-Charlotte,NC","2326 Sandy Porter Rd, Charlotte,NC 28273, Store No 1065|704-587-9490"
-80.8898033,35.2241213,"QT [Auto Diesel]-Charlotte,NC","3025 Wilkinson Blvd, Charlotte,NC 28208, Store No 1004|704-395-3474"
-80.7820107,35.2113392,"QT [Auto Diesel]-Charlotte,NC","3206 Eastway Dr, Charlotte,NC 28205, Store No 1052|704-537-8404"
-80.845167,35.307824,"QT [Auto Diesel]-Charlotte,NC","4937 Sunset Rd, Charlotte,NC 28269, Store No 1029|704-494-4601"
-80.7568811,35.2097433,"QT [Auto Diesel]-Charlotte,NC","5209 Central Ave, Charlotte,NC 28212, Store No 1059|704-567-2346"
-80.7293194,35.2025422,"QT-Charlotte,NC","6721 Albemarle Rd, Charlotte,NC 28212, Store No 1053|704-563-1795"
-80.875397,35.13678,"QT-Charlotte,NC","7115 South Blvd, Charlotte,NC 28273, Store No 1070|704-554-6413"
-80.737174,35.258059,"QT [Auto Diesel]-Charlotte,NC","7205 The Plaza, Charlotte,NC 28215, Store No 1051|704-537-7851"
-80.609435,35.429344,"QT-Concord,NC","1086 Concord Pkwy N, Concord,NC 28027, Store No 1023|704-720-0616"
-80.5515613,35.3752365,"QT [Auto Diesel]-Concord,NC","1862 Warren C Coleman Blvd, Concord,NC 28025, Store No 1030|704-786-8748"
-80.6714834,35.4183287,"QT [Auto Diesel]-Concord,NC","383 George Liles Pkwy, Concord,NC 28027, Store No 1012|704-782-0531"
-80.616116,35.394934,"QT-Concord,NC","859 Concord Pkwy S, Concord,NC 28027, Store No 1025|704-786-7845"
-81.0018827,35.4491076,"QT-Denver,NC","7259 NC 73 Hwy, Denver,NC 28037, Store No 1017|704-827-1624"
-81.2146703,35.2598753,"QT [Auto Diesel]-Gastonia,NC","1843 W Franklin Blvd, Gastonia,NC 28052, Store No 1043|704-861-6211"
-81.18925,35.290449,"QT [Auto Diesel]-Gastonia,NC","2305 N Chester St, Gastonia,NC 28052, Store No 1042|704-833-3008"
-81.176741,35.266227,"QT [Auto Diesel]-Gastonia,NC","310 E Long Ave, Gastonia,NC 28054, Store No 1045|704-866-7119"
-80.673415,35.318393,"QT [Auto Diesel]-Harrisburg,NC","5755 NC Hwy 49 S, Harrisburg,NC 28075, Store No 1031|704-455-2273"
-80.634462,35.061893,"QT [Auto Diesel]-Indian Trail,NC","5650 W Hwy 74, Indian Trail,NC 28110, Store No 1054|704-225-0343"
-80.6010749,35.4732421,"QT [Auto Diesel]-Kannapolis,NC","2585 Dale Earnhardt Blvd, Kannapolis,NC 28083, Store No 1003|704-933-2756"
-80.567751,35.499312,"QT [Auto Diesel]-Kannapolis,NC","2790 Lane St, Kannapolis,NC 28083, Store No 1044|704-934-0014"
-80.6093102,35.4507001,"QT [Auto Diesel]-Kannapolis,NC","821 Cloverleaf Plaza, Kannapolis,NC 28083, Store No 1022|704-788-8431"
-80.7328974,35.129265,"QT [Auto Diesel]-Matthews,NC","10621 Monroe Rd, Matthews,NC 28105, Store No 1028|704-846-8747"
-80.5311369,34.9880877,"QT [Auto Diesel]-Monroe,NC","603 W Roosevelt Blvd, Monroe,NC 28110, Store No 1074|704-283-1772"
-80.842863,35.590125,"QT [Auto Diesel]-Mooresville,NC","161 W Plaza Dr, Mooresville,NC 28117, Store No 1008|704-660-0153"
-80.877969,35.596243,"QT [Auto Diesel]-Mooresville,NC","680 River Hwy, Mooresville,NC 28117, Store No 1009|704-664-0855"
-95.930381,41.18279,"QT-Bellevue,NE","1311 Fort Crook Rd N, Bellevue,NE 68005, Store No 586|402-738-9237"
-96.116833,41.205032,"QT-Omaha,NE","13007 Q St, Omaha,NE 68137, Store No 599|402-861-6870"
-96.043271,41.218134,"QT-Omaha,NE","4212 S 84th St, Omaha,NE 68127, Store No 588|402-935-7959"
-96.024095,41.298761,"QT-Omaha,NE","4404 N 72nd St, Omaha,NE 68134, Store No 587|402-571-1302"
-95.984041,41.272369,"QT-Omaha,NE","4720 Hamilton, Omaha,NE 68132, Store No 585|402-556-7430"
-96.081288,41.20941,"QT [Auto Diesel]-Omaha,NE","5005 S 108th St, Omaha,NE 68137, Store No 596|402-592-9131"
-96.073784,41.306843,"QT-Omaha,NE","5305 N 103rd St, Omaha,NE 68134, Store No 589|402-498-4482"
-96.006443,41.212131,"QT [Auto Diesel]-Omaha,NE","6045 L Street, Omaha,NE 68117, Store No 580|402-731-0110"
-95.984385,41.253055,"QT-Omaha,NE","715 S Saddlecreek Rd, Omaha,NE 68106, Store No 594|402-561-0694"
-96.04805,41.284841,"QT-Omaha,NE","8727 Maple, Omaha,NE 68134, Store No 597|402-391-2650"
-95.935222,36.756771,"QT [Auto Diesel]-Bartlesville,OK","102 SE Washington Blvd, Bartlesville,OK 74006, Store No 32|918-335-1688"
-95.935254,36.725687,"QT [Auto Diesel]-Bartlesville,OK","1835 SE Washington Blvd, Bartlesville,OK 74006, Store No 37|918-333-0694"
-95.8864617,35.9894219,"QT [Auto Diesel]-Bixby,OK","12037 S Memorial Dr, Bixby,OK 74008, Store No 98|918-364-5528"
-95.8868,35.944381,"QT [Auto Diesel]-Bixby,OK","15102 S Memorial, Bixby,OK 74008, Store No 51|918-366-2700"
-95.815497,36.033362,"QT-Broken Arrow,OK","1820 S Aspen, Broken Arrow,OK 74012, Store No 82|918-258-0151"
-95.759881,36.06081,"QT-Broken Arrow,OK","2400 E Kenosha, Broken Arrow,OK 74014, Store No 33|918-355-2876"
-95.815266,36.075606,"QT [Auto Diesel]-Broken Arrow,OK","2400 N Aspen, Broken Arrow,OK 74012, Store No 6|918-251-2923"
-95.831101,36.061006,"QT-Broken Arrow,OK","3502 W Kenosha St, Broken Arrow,OK 74012, Store No 95|918-250-0603"
-95.797274,36.004046,"QT-Broken Arrow,OK","4705 S Elm, Broken Arrow,OK 74012, Store No 81|918-455-8349"
-95.85069,36.046154,"QT [Auto Diesel]-Broken Arrow,OK","4901 W Houston St, Broken Arrow,OK 74012, Store No 94|918-250-7486"
-95.79583,36.060899,"QT-Broken Arrow,OK","501 W Kenosha Ave, Broken Arrow,OK 74012, Store No 80|918-258-8600"
-95.751581,36.046381,"QT [Auto Diesel]-Broken Arrow,OK","8100 E Highway 51, Broken Arrow,OK 74014, Store No 50|918-251-4331"
-95.780581,36.067826,"QT [Auto Diesel]-Broken Arrow,OK","900 E Hillside Dr, Broken Arrow,OK 74012, Store No 34|918-355-0014"
-95.602379,36.336265,"QT [Auto Diesel]-Claremore,OK","151 S Fred Swan Ln, Claremore,OK 74017, Store No 40|918-283-1871"
-95.667641,36.250023,"QT [Auto Diesel]-Claremore,OK","24985 S Hwy 66, Claremore,OK 74019, Store No 66|918-341-0012"
-95.619998,36.308467,"QT-Claremore,OK","520 S JM Davis Blvd, Claremore,OK 74017, Store No 20|918-342-5908"
-95.91829,36.365503,"QT [Auto Diesel]-Collinsville,OK","5020 E 146th St North, Collinsville,OK 74021, Store No 3|918-371-5757"
-96.013684,35.95168,"QT [Auto Diesel]-Glenpool,OK","12100 S Waco, Glenpool,OK 74033, Store No 121|918-296-9898"
-96.009053,35.959345,"QT [Auto Diesel]-Glenpool,OK","91 W 141st St, Glenpool,OK 74033, Store No 106|918-291-2904"
-95.976751,36.015143,"QT [Auto Diesel]-Jenks,OK","712 S Elm, Jenks,OK 74037, Store No 101|918-299-3131"
-95.4025999,35.7688954,"QT [Auto Diesel]-Muskogee,OK","1919 N 32nd St, Muskogee,OK 74401, Store No 72|918-681-7507"
-95.8452958,36.2634536,"QT-Owasso,OK","11502 E 76th St N, Owasso,OK 74055, Store No 2|918-272-1596"
-95.8189,36.321547,"QT [Auto Diesel]-Owasso,OK","11590 N 140th East Ave, Owasso,OK 74055, Store No 62|918-371-3333"
-95.830117,36.278512,"QT [Auto Diesel]-Owasso,OK","12902 E 86th St N, Owasso,OK 74055, Store No 22|918-272-9991"
-95.848255,36.293166,"QT-Owasso,OK","9600 N Garnett Rd, Owasso,OK 74055, Store No 42|918-272-4083"
-96.118727,36.104583,"QT [Auto Diesel]-Sand Springs,OK","2 E 41St st S, Sand Springs,OK 74063, Store No 12|918-241-3095"
-96.115883,36.134395,"QT [Auto Diesel]-Sand Springs,OK","200 S Hwy 97, Sand Springs,OK 74063, Store No 23|918-245-9249"
-96.099741,35.988288,"QT-Sapulpa,OK","1040 E Taft, Sapulpa,OK 74601, Store No 36|918-227-5083"
-96.112204,36.012736,"QT [Auto Diesel]-Sapulpa,OK","1222 N 9th St, Sapulpa,OK 74066, Store No 38|918-224-1700"
-95.886744,36.018341,"QT-Tulsa,OK","10028 S Memorial, Tulsa,OK 74133, Store No 97|918-298-5536"
-95.904602,36.148647,"QT [Auto Diesel]-Tulsa,OK","1014 S Sheridan, Tulsa,OK 74112, Store No 14|918-835-7474"
-95.967294,36.148574,"QT [Auto Diesel]-Tulsa,OK","1022 S Utica Ave, Tulsa,OK 74120, Store No 90|918-585-2107"
-95.862438,36.118765,"QT-Tulsa,OK","10220 E 31st St, Tulsa,OK 74146, Store No 69|918-660-0311"
-95.862569,36.147745,"QT-Tulsa,OK","10310 E 11th, Tulsa,OK 74128, Store No 5|918-834-2968"
-95.855086,36.075267,"QT-Tulsa,OK","10738 E 61st St, Tulsa,OK 74133, Store No 83|918-252-7454"
-95.8500997,36.148145,"QT [Auto Diesel]-Tulsa,OK","11315 E 11th St, Tulsa,OK 74128, Store No 74|918-437-3676"
-96.0057886,36.1297414,"QT [Auto Diesel]-Tulsa,OK","1202 W 23rd St S, Tulsa,OK 74107, Store No 17|918-599-7971"
-95.833179,36.08994,"QT [Auto Diesel]-Tulsa,OK","12880 E 51st St S, Tulsa,OK 74134, Store No 55|918-660-7628"
-95.832829,36.133243,"QT-Tulsa,OK","12910 E 21st St, Tulsa,OK 74134, Store No 26|918-437-0924"
-95.972784,36.060903,"QT-Tulsa,OK","1415 E 71st St S, Tulsa,OK 74136, Store No 45|918-481-5841"
-95.992274,36.141223,"QT [Auto Diesel]-Tulsa,OK","1443 S Denver, Tulsa,OK 74119, Store No 53|918-584-7645"
-96.010501,36.089823,"QT [Auto Diesel]-Tulsa,OK","1617 W 51st St, Tulsa,OK 74107, Store No 9|918-234-0380"
-95.793855,36.160811,"QT Travel Center [Auto Diesel]-Tulsa,OK","16505 E Admiral Pl [I-44 Exit 238], Tulsa,OK 74116, Store No 71|918-446-4325"
-95.7618372,36.1611737,"QT-Tulsa,OK","18 S 193rd ET Ave, Tulsa,OK 74108, Store No 24|918-266-7218"
-95.940507,36.134217,"QT-Tulsa,OK","1946 S Harvard, Tulsa,OK 74112, Store No 27|918-744-0330"
-95.851064,36.162676,"QT-Tulsa,OK","215 N Garnett, Tulsa,OK 74116, Store No 77|918-438-0180"
-96.0203625,36.157187,"QT [Auto Diesel]-Tulsa,OK","220 N Gilcrease Museum Rd, Tulsa,OK 74127, Store No 59|918-592-7700"
-95.950114,36.160864,"QT-Tulsa,OK","2749 E Admiral Pl, Tulsa,OK 74110, Store No 75|918-834-1141"
-95.940494,36.161279,"QT-Tulsa,OK","28 N Harvard, Tulsa,OK 74115, Store No 85|918-834-1861"
-95.945917,36.147643,"QT-Tulsa,OK","3008 E 11th, Tulsa,OK 74104, Store No 16|918-592-2400"
-95.90472,36.119996,"QT-Tulsa,OK","3050 S Sheridan Rd, Tulsa,OK 74129, Store No 13|918-834-7792"
-95.833404,36.118703,"QT-Tulsa,OK","3108 S 129th E Ave, Tulsa,OK 74134, Store No 21|918-627-3707"
-96.029651,36.101344,"QT-Tulsa,OK","3304 W 42nd Pl, Tulsa,OK 74107, Store No 18|918-446-5005"
-95.97587,36.111284,"QT-Tulsa,OK","3606 S Peoria, Tulsa,OK 74105, Store No 57|918-743-5936"
-95.8515854,36.1049004,"QT [Auto Diesel]-Tulsa,OK","4030 S Garnett Rd, Tulsa,OK 74146, Store No 84|918-663-9681"
-95.958079,36.219659,"QT-Tulsa,OK","4545 N Lewis Ave, Tulsa,OK 74110, Store No 11|918-425-1896"
-95.922044,36.092185,"QT-Tulsa,OK","4795 S Yale Ave, Tulsa,OK 74136, Store No 25|918-627-3501"
-95.922211,36.160877,"QT-Tulsa,OK","4903 E Admiral Pl, Tulsa,OK 74115, Store No 7|918-834-4553"
-95.9402323,36.0922173,"QT [Auto Diesel]-Tulsa,OK","4950 S Harvard Ave, Tulsa,OK 74105, Store No 41|918-742-1577"
-95.97574,36.091538,"QT [Auto Diesel]-Tulsa,OK","4970 S Peoria Ave, Tulsa,OK 74105, Store No 1|918-742-1553"
-95.90455,36.089636,"QT-Tulsa,OK","5116 S Sheridan, Tulsa,OK 74135, Store No 31|918-627-6574"
-95.919104,36.061004,"QT-Tulsa,OK","5151 E 71st, Tulsa,OK 74136, Store No 93|918-492-9299"
-95.904451,36.16424,"QT [Auto Diesel]-Tulsa,OK","519 N Sheridan Rd, Tulsa,OK 74115, Store No 44|918-832-9999"
-95.957893,36.075852,"QT-Tulsa,OK","5955 S Lewis, Tulsa,OK 74105, Store No 29|918-742-4599"
-96.048074,36.076481,"QT Travel Center [Auto Diesel]-Tulsa,OK","6008 S 49th W Ave [I-44 Exit 222], Tulsa,OK 74107, Store No 102|918-446-5500"
-95.873477,36.060422,"QT-Tulsa,OK","7103 S 92nd E Ave, Tulsa,OK 74111, Store No 99|918-254-0069"
-95.891033,36.075268,"QT-Tulsa,OK","7626 E 61st St, Tulsa,OK 74133, Store No 10|918-254-6758"
-95.887207,36.1600342,"QT [Auto Diesel]-Tulsa,OK","7878 E Admiral Place, Tulsa,OK 74115, Store No 8|918-835-8245"
-96.002344,36.061049,"QT [Auto Diesel]-Tulsa,OK","807 W 71st St, Tulsa,OK 74132, Store No 107|918-447-2781"
-95.885915,36.046892,"QT-Tulsa,OK","8081 S Memorial, Tulsa,OK 74133, Store No 79|918-459-9268"
-95.886144,36.133586,"QT [Auto Diesel]-Tulsa,OK","8105 E 21st St, Tulsa,OK 85201, Store No 19|918-628-6800"
-95.921954,36.032488,"QT-Tulsa,OK","9037 S Yale, Tulsa,OK 74137, Store No 78|918-496-0247"
-95.8684245,36.0316774,"QT [Auto Diesel]-Tulsa,OK","9111 S Mingo Rd, Tulsa,OK 74133, Store No 91|918-249-1928"
-95.8692474,36.0904655,"QT [Auto Diesel]-Tulsa,OK","9529 E 51st St, Tulsa,OK 74145, Store No 28|918-622-2862"
-95.951027,36.026982,"QT-Tulsa,OK","9555 Riverside Dr, Tulsa,OK 74137, Store No 96|918-296-5397"
-95.869803,36.177207,"QT [Auto Diesel]-Tulsa,OK","9621 E Pine, Tulsa,OK 74115, Store No 56|918-834-9871"
-95.395366,35.958754,"QT [Auto Diesel]-Wagoner,OK","210 S Dewey, Wagoner,OK 74467, Store No 52|918-485-0118"
-82.697295,34.532455,"QT [Auto Diesel]-Anderson,SC","1509 Pearman Dairy Rd, Anderson,SC 29625, Store No 1108|864-225-6037"
-82.63122,34.535353,"QT [Auto Diesel]-Anderson,SC","1701 E Greenville St, Anderson,SC 29621, Store No 1116|864-964-8232"
-82.6641,34.532541,"QT [Auto Diesel]-Anderson,SC","2901 N Main St, Anderson,SC 29621, Store No 1109|864-225-8002"
-82.695185,34.560766,"QT [Auto Diesel]-Anderson,SC","4123 Clemson Blvd, Anderson,SC 29621, Store No 1107|864-222-2271"
-82.69176,34.577345,"QT [Auto Diesel]-Anderson,SC","4535 Liberty Hwy, Anderson,SC 29621, Store No 1106|864-224-8645"
-81.957804,35.014905,"QT [Auto Diesel]-Boiling Springs,SC","140 Candlenut Lane, Boiling Springs,SC 29316, Store No 1100|864-578-8111"
-81.042332,35.107856,"QT [Auto Diesel]-Clover,SC","4020 Charlotte Hwy, Clover,SC 29710, Store No 1057|803-831-7051"
-82.105078,34.913308,"QT [Auto Diesel]-Duncan,SC","105 Spartangreen Blvd, Duncan,SC 29334, Store No 1112|864-486-8067"
-82.545914,34.825923,"QT [Auto Diesel]-Easley,SC","4855 Calhoun Memorial Hwy, Easley,SC 29640, Store No 1121|864-859-8195"
-80.91749,35.0092,"QT [Auto Diesel]-Fort Mill,SC","1312 Hwy 160 East, Fort Mill,SC 29715, Store No 1062|803-802-5818"
-80.936363,35.09558,"QT [Auto Diesel]-Fort Mill,SC","265 Carowinds Blvd, Fort Mill,SC 29708, Store No 1079|803-802-5867"
-80.9322527,35.0890248,"QT [Auto Diesel]-Fort Mill,SC","3282 Hwy 21, Fort Mill,SC 29715, Store No 1077|803-547-5949"
-80.9637327,35.061348,"QT [Auto Diesel]-Fort Mill,SC","891 Gold Hill Rd, Fort Mill,SC 29708, Store No 1075|803-802-4795"
-80.9705351,35.0323179,"QT [Auto Diesel]-Fort Mill,SC","974 Sutton Rd, Fort Mill,SC 29708, Store No 1060|803-802-9579"
-81.704695,35.080327,"QT [Auto Diesel]-Gaffney,SC","101 Lemmons Ln, Gaffney,SC 29341, Store No 1120|864-489-6218"
-82.404561,34.860129,"QT [Auto Diesel]-Greenville,SC","100 Rutherford St, Greenville,SC 29609, Store No 1140|864-233-4252"
-82.317007,34.836308,"QT [Auto Diesel]-Greenville,SC","1012 Woodruff Rd, Greenville,SC 29607, Store No 1147|864-234-7208"
-82.2817672,34.8079866,"QT [Auto Diesel]-Greenville,SC","1015 E Butler Rd, Greenville,SC 29607, Store No 1135|864-987-1823"
-82.2816925,34.820343,"QT [Auto Diesel]-Greenville,SC","1460 Woodruff Rd, Greenville,SC 29607, Store No 1134|864-286-1296"
-82.4242,34.801358,"QT [Auto Diesel]-Greenville,SC","1509 Grove Rd, Greenville,SC 29605, Store No 1145|864-269-5171"
-82.356409,34.882793,"QT [Auto Diesel]-Greenville,SC","2048 Wade Hampton Blvd, Greenville,SC 29615, Store No 1104|864-292-0570"
-82.278725,34.862889,"QT [Auto Diesel]-Greenville,SC","2701 Pelham Rd, Greenville,SC 29615, Store No 1119|864-288-2466"
-82.376702,34.786067,"QT [Auto Diesel]-Greenville,SC","4701 Augusta Rd, Greenville,SC 29605, Store No 1133|864-288-2466"
-82.3564026,34.8561529,"QT [Auto Diesel]-Greenville,SC","548 N Pleasantburg Dr, Greenville,SC 29607, Store No 1105|864-277-6100"
-82.4507343,34.8515403,"QT [Auto Diesel]-Greenville,SC","6050 Whitehorse Rd, Greenville,SC 29611, Store No 1146|864-250-2802"
-82.468815,34.888963,"QT [Auto Diesel]-Greenville,SC","7840 White Horse Rd, Greenville,SC 29611, Store No 1115|864-269-4344"
-82.259139,34.94193,"QT [Auto Diesel]-Greer,SC","1302 W Wade Hampton Blvd, Greer,SC 29650, Store No 1113|864-246-8640"
-82.1570257,34.889672,"QT [Auto Diesel]-Greer,SC","1840 Hwy 101 S, Greer,SC 29651, Store No 1110|864-879-0830"
-82.225481,34.8758311,"QT [Auto Diesel]-Greer,SC","2414 S Hwy 14, Greer,SC 29650, Store No 1114|864-879-1125"
-80.8507778,34.9537258,"QT [Auto Diesel]-Indian Land,SC","8320 Charlotte Hwy, Indian Land,SC 29707, Store No 1049|864-877-6596"
-80.8554747,34.9984758,"QT [Auto Diesel]-Indian Land,SC","9565 Charlotte Hwy, Indian Land,SC 29707, Store No 1048|803-548-3183"
-82.128642,34.955118,"QT [Auto Diesel]-Lyman,SC","12203 Greenville Hwy, Lyman,SC 29365, Store No 1118|803-547-7148"
-82.3163579,34.776605,"QT [Auto Diesel]-Mauldin,SC","304 W Butler Rd, Mauldin,SC 29662, Store No 1144|864-439-6006"
-82.782114,34.632447,"QT [Auto Diesel]-Pendleton,SC","7620 Hwy 76, Pendleton,SC 29670, Store No 1127|864-288-4003"
-82.4805967,34.7880075,"QT [Auto Diesel]-Piedmont,SC","3450 Hwy 153, Piedmont,SC 29673, Store No 1130|864-295-0785"
-80.978394,34.9122233,"QT [Auto Diesel]-Rock Hill,SC","1169 Anderson Rd S Rock Hill,SC 29730, Store No 1092|803-329-2531"
-80.992392,34.975999,"QT [Auto Diesel]-Rock Hill,SC","1195 Riverview Rd, Rock Hill,SC 29732, Store No 1099|803-817-7641"
-80.9871368,34.9768219,"QT [Auto Diesel]-Rock Hill,SC","3836 Celanese Rd, Rock Hill,SC 29730, Store No 1061|803-980-1696"
-80.9963202,34.9554434,"QT [Auto Diesel]-Rock Hill,SC","664 Anderson Rd N, Rock Hill,SC 29730, Store No 1098|803-327-0006"
-81.0555509,34.9322339,"QT [Auto Diesel]-Rock Hill,SC","990 S Cherry Rd, Rock Hill,SC 29732, Store No 1091|803-981-9249"
-82.2420725,34.7043749,"QT [Auto Diesel]-Simpsonville,SC","200 Harrison Bridge Rd, Simpsonville,SC,29680, Store No 1138|864-962-0704"
-81.897686,35.019525,"QT [Auto Diesel]-Spartanburg,SC","21 Fairview Church Rd, Spartanburg,SC 29303, Store No 1129|864-582-5900"
-81.992642,34.920353,"QT [Auto Diesel]-Spartanburg,SC","2313 Reidville Rd, Spartanburg,SC 29301, Store No 1126|864-576-2315"
-81.921703,34.95428,"QT [Auto Diesel]-Spartanburg,SC","448 E Saint John St, Spartanburg,SC 29302, Store No 1132|864-585-0784"
-81.943507,34.945442,"QT [Auto Diesel]-Spartanburg,SC","489 W Main St, Spartanburg,SC 29301, Store No 1131|864-585-5544"
-81.973031,34.985746,"QT [Auto Diesel]-Spartanburg,SC","7114 Lone Oak Rd, Spartanburg,SC 29303, Store No 1111|864-503-9404"
-97.2289289,32.415279,"QT [Auto Diesel]-Alvarado,TX","6940 E Hwy 67, Alvarado,TX 76009, Store No 955|817-783-3225"
-97.114409,32.756367,"QT [Auto Diesel]-Arlington,TX","1425 N Cooper St, Arlington,TX 76011, Store No 876|817-795-1661"
-97.077854,32.763045,"QT-Arlington,TX","2023 E Lamar Blvd, Arlington,TX 76006, Store No 947|817-795-1659"
-97.147698,32.73602,"QT-Arlington,TX","2425 W Division, Arlington,TX 76012, Store No 857|817-460-7837"
-97.064475,32.648861,"QT-Arlington,TX","2451 E Sublett Rd, Arlington,TX 76018, Store No 986|817-472-7900"
-97.115164,32.68891,"QT-Arlington,TX","3532 Matlock Rd, Arlington,TX 76015, Store No 854|817-557-2045"
-97.092652,32.675308,"QT-Arlington,TX","4201 S Collins St, Arlington,TX 76018, Store No 870|817-419-7476"
-97.204325,32.669764,"QT [Auto Diesel]-Arlington,TX","4930 Little Rd, Arlington,TX 76017, Store No 856|817-483-5338"
-97.134576,32.655137,"QT [Auto Diesel]-Arlington,TX","5601 S Cooper St, Arlington,TX 76017, Store No 880|817-468-5454"
-97.115807,32.62674,"QT-Arlington,TX","701 W Harris Rd, Arlington,TX 76002, Store No 950|817-557-8900"
-97.097271,32.739065,"QT-Arlington,TX","901 E Division, Arlington,TX 76011, Store No 859|817-275-3245"
-96.610474,32.736873,"QT [Auto Diesel]-Balch Springs,TX","12631 Lake June Rd, Balch Springs,TX 75180, Store No 982|972-288-3177"
-97.133735,32.841556,"QT-Bedford,TX","2201 Central Dr, Bedford,TX 76021, Store No 863|817-358-8882"
-97.469317,32.673187,"QT [Auto Diesel]-Benbrook,TX","9201 Benbrook Blvd, Benbrook,TX 76126, Store No 939|817-249-2983"
-97.326768,32.544393,"QT-Burleson,TX","213 Nw Renfro, Burleson,TX 76028, Store No 956|817-295-2864"
-97.367785,32.498083,"QT [Auto Diesel]-Burleson,TX","2690 SW Wilshire Blvd, Burleson,TX 76028, Store No 958|817-447-2177"
-96.932127,33.021384,"QT-Carrollton,TX","1528 W Hebron Pkwy W, Carrollton,TX 75010, Store No 930|972-492-7139"
-96.993463,32.936469,"QT [Auto Diesel]-Coppell,TX","1484 S Beltline Rd, Coppell,TX 75019, Store No 969|972-393-6201"
-96.713076,32.895088,"QT [Auto Diesel]-Dallas,TX","10101 Royal Lane, Dallas,TX 75238, Store No 979|214-553-1085"
-96.673027,32.863764,"QT-Dallas,TX","12100 E Northwest Hwy, Dallas,TX 75218, Store No 902|214-321-8550"
-96.795078,33.00762,"QT [Auto Diesel]-Dallas,TX","19020 Preston Rd, Dallas,TX 75252, Store No 891|972-867-0572"
-96.86273,32.997152,"QT-Dallas,TX","2929 Frankford Rd, Dallas,TX 75287, Store No 932|972-306-9738"
-96.878441,32.909334,"QT-Dallas,TX","2968 Forest Ln, Dallas,TX 75234, Store No 903|972-484-3881"
-96.837274,32.833797,"QT-Dallas,TX","3230 W Mockingbird Lane, Dallas,TX 75235, Store No 936|214-352-3847"
-96.8241399,32.6853119,"QT [Auto Diesel]-Dallas,TX","4767 S RL Thornton, Dallas,TX 75232, Store No 971|214-374-1413"
-96.824936,32.740955,"QT [Auto Diesel]-Dallas,TX","511 S Zang Blvd, Dallas,TX 75208, Store No 975|214-941-4827"
-96.9211186,32.7497496,"QT [Auto Diesel]-Dallas,TX","5909 W Davis St, Dallas,TX 75211, Store No 970|214-623-0828"
-96.802936,32.933713,"QT [Auto Diesel]-Dallas,TX","6055 Alpha Rd, Dallas,TX 75240, Store No 1900|972-239-7400"
-96.75115,32.861794,"QT-Dallas,TX","6060 Skillman Rd, Dallas,TX 75231, Store No 904|214-373-1800"
-96.761876,32.875372,"QT-Dallas,TX","7104 Greenville Ave, Dallas,TX 75231, Store No 933|214-750-6249"
-96.726952,32.812381,"QT-Dallas,TX","7818 Garland Rd, Dallas,TX 75214, Store No 972|214-321-0222"
-96.857013,32.644241,"QT [Auto Diesel]-Dallas,TX","8414 S Hampton Rd, Dallas,TX 75232, Store No 923|972-228-4830"
-96.730038,32.909082,"QT [Auto Diesel]-Dallas,TX","9500 Forest Ln, Dallas,TX 75243, Store No 900|214-341-1163"
-97.14968,32.677621,"QT-Dalworthington Garde,TX","4200 S Bowen Rd, Dalworthington Garde,TX 76016, Store No 850|817-375-0742"
-97.175842,33.230011,"QT [Auto Diesel]-Denton,TX","3113 W University, Denton,TX 76207, Store No 912|940-891-0107"
-97.13543,33.206329,"QT-Denton,TX","321 W Eagle Dr, Denton,TX 76201, Store No 905|940-381-4916"
-97.085533,33.233451,"QT [Auto Diesel]-Denton,TX","3300 E University, Denton,TX 76208, Store No 899|940-382-1478"
-97.090179,33.174393,"QT-Denton,TX","3701 Ih 35 South, Denton,TX 76210, Store No 911|940-380-8738"
-96.826059,32.589771,"QT [Auto Diesel]-Desoto,TX","1235 E Beltline Rd, Desoto,TX 75115, Store No 974|972-230-4838"
-96.906402,32.661798,"QT-Duncanville,TX","102 E Camp Wisdom, Duncanville,TX 75116, Store No 924|972-283-1549"
-96.891593,32.642603,"QT [Auto Diesel]-Duncanville,TX","925 S Cockrell Hill, Duncanville,TX 75137, Store No 925|972-708-9909"
-96.6155014,32.335434,"QT [Auto Diesel]-Ennis,TX","100 N I-45, Ennis,TX 75119, Store No 989|972-875-1206"
-97.119534,32.836344,"QT [Auto Diesel]-Euless,TX","105 Westpark Way, Euless,TX 76040, Store No 887|817-358-6921"
-97.099835,32.852134,"QT-Euless,TX","1100 N Industrial Blvd, Euless,TX 76039, Store No 867|817-571-7569"
-97.099857,32.828041,"QT-Euless,TX","700 S Industrial Blvd, Euless,TX 76040, Store No 869|817-283-2730"
-96.918774,32.90617,"QT [Auto Diesel]-Farmers Branch,TX","1600 LBJ Fwy, Farmers Branch,TX 75234, Store No 999|972-556-9755"
-97.280815,32.662101,"QT [Auto Diesel]-Forest Hill,TX","6549 Wichita St, Forest Hill,TX 76119, Store No 1875|817-531-4500"
-97.323224,32.627108,"QT Travel Center [Auto Diesel]-Fort Worth,TX","101 W Everman Pkwy [I-35 W Exit 42], Fort Worth,TX 76134, Store No 873|817-293-1093"
-97.345683,32.776626,"QT-Fort Worth,TX","109 E Northside Dr, Fort Worth,TX 76164, Store No 884|817-625-4994"
-97.33131,32.732663,"QT [Auto Diesel]-Fort Worth,TX","1101 Hemphill St, Fort Worth,TX 76104, Store No 885|817-334-7901"
-97.236238,32.66071,"QT [Auto Diesel]-Fort Worth,TX","1225 W Kennedale Pkwy, Fort Worth,TX 76140, Store No 874|817-563-4858"
-97.317975,32.578679,"QT [Auto Diesel]-Fort Worth,TX","12345 South Fwy, Fort Worth,TX 76028, Store No 957|817-615-8003"
-97.347905,32.64911,"QT-Fort Worth,TX","1900 Alta Mesa Blvd, Fort Worth,TX 76134, Store No 871|817-615-8609"
-97.325625,32.795174,"QT [Auto Diesel]-Fort Worth,TX","2501 NE 28th St, Fort Worth,TX 76106, Store No 882|817-378-8410"
-97.441665,32.733325,"QT [Auto Diesel]-Fort Worth,TX","2800 Alta Mere Dr, Fort Worth,TX 76116, Store No 881|817-732-4646"
-97.3133446,32.9334571,"QT [Auto Diesel]-Fort Worth,TX","3201 Golden Triangle Blvd, Fort Worth,TX 76177, Store No 965|817-741-6737"
-97.478915,32.764619,"QT-Fort Worth,TX","324 Clifford Center Dr, Fort Worth,TX 76108, Store No 877|817-367-2578"
-97.3821259,32.6738045,"QT [Auto Diesel]-Fort Worth,TX","5101 Grandbury Rd, Fort Worth,TX 76133, Store No 954|817-294-5239"
-97.420269,32.666398,"QT-Fort Worth,TX","5700 Bryant Irvin, Fort Worth,TX 76132, Store No 918|817-292-4853"
-97.215479,32.754392,"QT-Fort Worth,TX","6601 Brentwood Stair, Fort Worth,TX 76112, Store No 861|817-457-6789"
-96.851982,33.15343,"QT [Auto Diesel]-Frisco,TX","4645 Main St, Frisco,TX 75034, Store No 937|214-872-1656"
-96.8369484,33.1748919,"QT [Auto Diesel]-Frisco,TX","5530 Eldorado Pkwy, Frisco,TX 75034, Store No 915|214-494-4306"
-96.629789,32.912673,"QT-Garland,TX","131 Lavon Dr, Garland,TX 75040, Store No 938|972-205-0410"
-96.665512,32.893828,"QT [Auto Diesel]-Garland,TX","2010 S Shiloh Rd, Garland,TX 75042, Store No 908|972-278-1236"
-96.632852,32.869108,"QT-Garland,TX","220 W Centerville Rd, Garland,TX 75041, Store No 901|972-840-3100"
-96.665474,32.945397,"QT-Garland,TX","3011 N Shiloh Rd, Garland,TX 75044, Store No 907|972-530-9051"
-96.68261,32.96143,"QT-Garland,TX","4906 Jupiter Rd, Garland,TX 75044, Store No 906|972-496-2739"
-96.59571,32.844764,"QT-Garland,TX","5825 Broadway Blvd, Garland,TX 75043, Store No 909|972-240-5847"
-97.020112,32.709357,"QT-Grand Prairie,TX","1005 W Pioneer Pkwy, Grand Prairie,TX 75051, Store No 853|972-606-8890"
-96.9948444,32.7631838,"QT [Auto Diesel]-Grand Prairie,TX","1110 N Beltline Rd, Grand Prairie,TX 75050, Store No 953|972-262-1171"
-97.020957,32.742,"QT [Auto Diesel]-Grand Prairie,TX","1206 W Main St, Grand Prairie,TX 75050, Store No 964|972-504-9179"
-97.060955,32.785252,"QT [Auto Diesel]-Grand Prairie,TX","2805 NE Green Oaks Blvd, Grand Prairie,TX 75050, Store No 852|817-640-5019"
-97.007374,32.680922,"QT-Grand Prairie,TX","3768 S Carrier Pkwy, Grand Prairie,TX 75052, Store No 921|972-264-9988"
-97.0236567,32.6749029,"QT [Auto Diesel]-Grand Prairie,TX","4005 Lake Ridge Pkwy, Grand Prairie,TX 75052, Store No 946|972-522-7668"
-97.087801,32.931815,"QT-Grapevine,TX","801 Ira E Woods, Grapevine,TX 64063, Store No 967|817-442-5203"
-96.0722477,33.1007947,"QT Travel Center [Auto Diesel]-Greenville,TX","1400 S Joe Ramsey Blvd, Greenville,TX 75402, Store No 983|903-455-0551"
-97.290734,32.793988,"QT-Haltom City,TX","2321 N Beach St, Haltom City,TX 76111, Store No 889|817-759-0289"
-97.264454,32.830013,"QT-Haltom City,TX","4601 Denton Hwy, Haltom City,TX 76117, Store No 888|817-503-7847"
-97.290291,32.841761,"QT-Haltom City,TX","5400 N Beach St, Haltom City,TX 76137, Store No 868|817-849-1126"
-97.2069,32.809275,"QT-Hurst,TX","1400 W Hurst Blvd, Hurst,TX 76053, Store No 865|817-284-6446"
-97.186107,32.840038,"QT-Hurst,TX","1500 Precinct Line Rd, Hurst,TX 76054, Store No 860|817-282-4627"
-96.701961,32.631592,"QT [Auto Diesel]-Hutchins,TX","401 E Wintergreen, Hutchins,TX 78141, Store No 973|972-225-7500"
-96.9260539,32.8086802,"QT [Auto Diesel]-Irving,TX","1501 E SH 356, Irving,TX 75060, Store No 998|972-579-3041"
-96.993247,32.832578,"QT [Auto Diesel]-Irving,TX","1718 N Beltline Rd, Irving,TX 75061, Store No 995|972-986-7576"
-96.9517593,32.8385201,"QT [Auto Diesel]-Irving,TX","2215 N O'Conner Rd, Irving,TX 75062, Store No 992|972-252-2467"
-96.975549,32.872547,"QT [Auto Diesel]-Irving,TX","4301 N Beltine Rd, Irving,TX 75038, Store No 994|972-252-3791"
-97.254339,32.925216,"QT-Keller,TX","700 S Main St [Hwy 377], Keller,TX 76248, Store No 862|817-745-8747"
-97.186047,32.923729,"QT-Keller,TX","8836 Davis Blvd, Keller,TX 76248, Store No 968|817-488-1719"
-97.036113,33.129728,"QT [Auto Diesel]-Lake Dallas,TX","302 Swisher Rd, Lake Dallas,TX 75065, Store No 940|940-497-4175"
-97.421616,32.809593,"QT-Lake Worth,TX","6249 Lake Worth Blvd, Lake Worth,TX 76135, Store No 879|817-237-5901"
-96.819994,32.604452,"QT [Auto Diesel]-Lancaster,TX","3311 W Pleasant Run Rd, Lancaster,TX 74146, Store No 1976|972-224-0505"
-96.805665,32.639094,"QT [Auto Diesel]-Lancaster,TX","3900 N Houston School Rd, Lancaster,TX 75134, Store No 922|972-228-5923"
-97.015039,33.00611,"QT-Lewisville,TX","1035 W Round Grove Rd, Lewisville,TX 75067, Store No 941|972-315-5107"
-97.024219,33.071553,"QT [Auto Diesel]-Lewisville,TX","1231 Justin Rd, Lewisville,TX 75077, Store No 942|972-317-8717"
-96.993189,33.020025,"QT-Lewisville,TX","1701 S State Hwy 121 Bus, Lewisville,TX 75067, Store No 927|972-221-0410"
-96.997482,32.998634,"QT [Auto Diesel]-Lewisville,TX","801 E SH121 Bus, Lewisville,TX 75057, Store No 928|972-436-7109"
-96.88924,33.169579,"QT [Auto Diesel]-Little Elm,TX","2181 Fm 423, Little Elm,TX 75068, Store No 920|214-872-3755"
-97.118805,32.567377,"QT [Auto Diesel]-Mansfield,TX","1590 E Broad St, Mansfield,TX 76063, Store No 952|682-518-1859"
-97.15049,32.59194,"QT-Mansfield,TX","1601 Fm 157, Mansfield,TX 76063, Store No 951|817-539-0952"
-96.618926,33.179608,"QT [Auto Diesel]-Mckinney,TX","1700 S Mcdonald, Mckinney,TX 75069, Store No 916|214-585-4844"
-96.62894,33.229268,"QT Travel Center [Auto Diesel]-Mckinney,TX","1750 Wilmeth Rd, Mckinney,TX 75071, Store No 963|214-491-4909"
-96.644427,33.216642,"QT [Auto Diesel]-Mckinney,TX","2285 W University Dr, Mckinney,TX 75071, Store No 919|972-548-9775"
-96.692142,33.140818,"QT [Auto Diesel]-Mckinney,TX","4151 Stacy Rd, Mckinney,TX 75070, Store No 913|214-383-5161"
-96.732868,33.129698,"QT-Mckinney,TX","7349 S Custer Rd, Mckinney,TX 75070, Store No 914|214-383-2984"
-96.620142,32.769179,"QT [Auto Diesel]-Mesquite,TX","1610 W Scyene Rd, Mesquite,TX 75149, Store No 985|972-285-1600"
-96.6227629,32.8244645,"QT [Auto Diesel]-Mesquite,TX","4451 N Galloway Ave, Mesquite,TX 75150, Store No 980|972-686-2262"
-96.684586,32.792782,"QT [Auto Diesel]-Mesquite,TX","5500 S Buckner Blvd, Mesquite,TX 75149, Store No 987|214-321-3773"
-97.209773,32.861152,"QT-North Richland Hills,TX","6345 Davis Blvd, North Richland Hills,TX 76180, Store No 855|817-788-9081"
-97.239616,32.839817,"QT [Auto Diesel]-North Richland Hills,TX","6640 NE Loop 820, North Richland Hills,TX 76108, Store No 878|817-485-3900"
-97.221085,32.828854,"QT [Auto Diesel]-North Richland Hills,TX","7541 Blvd 26, North Richland Hills,TX 76180, Store No 851|817-581-9613"
-97.2729606,33.025196,"QT [Auto Diesel]-Northlake,TX","8141 Gasoline Alley, Northlake,TX 76262, Store No 1863|682-831-1079"
-96.689261,33.056871,"QT-Plano,TX","1100 E Spring Creek Pkwy, Plano,TX 75074, Store No 892|972-424-4967"
-96.787216,33.015851,"QT-Plano,TX","4608 W Plano Pkwy, Plano,TX 75093, Store No 893|972-312-0410"
-96.795877,33.060062,"QT-Plano,TX","6400 Preston Rd, Plano,TX 75024, Store No 934|972-618-8752"
-96.839212,33.02771,"QT-Plano,TX","6425 W Park Blvd, Plano,TX 75093, Store No 897|972-378-3882"
-96.699181,33.006742,"QT-Plano,TX","650 K Ave, Plano,TX 75074, Store No 898|972-423-5071"
-96.682245,33.010186,"QT-Plano,TX","900 Jupiter Rd, Plano,TX 75074, Store No 896|972-509-9592"
-96.712946,33.028027,"QT-Plano,TX","901 W Park, Plano,TX 75075, Store No 890|972-312-1868"
-96.768257,33.108639,"QT [Auto Diesel]-Plano,TX","9635 Coit Rd, Plano,TX 75024, Store No 910|214-872-2322"
-96.737288,32.950939,"QT [Auto Diesel]-Richardson,TX","522 W Beltline Rd, Richardson,TX 75080, Store No 960|972-907-3667"
-97.385203,32.786948,"QT [Auto Diesel]-River Oaks,TX","2601 Jacksboro Hwy, River Oaks,TX 76114, Store No 984|817-740-0881"
-96.45108,32.909664,"QT [Auto Diesel]-Rockwall,TX","2012 S Goliad St, Rockwall,TX 75087, Store No 935|972-722-2885"
-96.586074,32.908554,"QT-Rowlett,TX","1900 Lakeview Pkwy, Rowlett,TX 75088, Store No 931|972-475-9363"
-96.5553463,32.9079151,"QT [Auto Diesel]-Rowlett,TX","4901 Lakeview Pkwy, Rowlett,TX 75089, Store No 990|972-412-8249"
-97.343268,32.847657,"QT [Auto Diesel]-Saginaw,TX","1100 S Blue Mound, Saginaw,TX 76131, Store No 988|817-306-5765"
-97.105255,32.938048,"QT [Auto Diesel]-Southlake,TX","2905 E Southlake Blvd, Southlake,TX 76092, Store No 858|817-481-3995"
-96.2780334,32.7069794,"QT [Auto Diesel]-Terrell,TX","1619 State Hwy 34 S, Terrell,TX 75160, Store No 993|972-551-3404"
-96.892605,33.078588,"QT-The Colony,TX","4850 Main St, The Colony,TX 75056, Store No 917|972-624-1031"
-97.260754,32.881137,"QT-Watauga,TX","7500 Denton Hwy, Watauga,TX 76148, Store No 864|817-498-6204"
-96.843487,32.459186,"QT Travel Center [Auto Diesel]-Waxahachie,TX","5400 N I-35 E, Waxahachie,TX 75165, Store No 943|972-937-2233"
-97.820322,32.729822,"QT [Auto Diesel]-Weatherford,TX","2001 S Bowie Dr, Weatherford,TX 76086, Store No 949|817-594-7570"
-97.211659,33.02792,"QT [Auto Diesel]-Westlake,TX","2301 N Hwy 377, Westlake,TX 76262, Store No 966|817-491-0504"
-97.421501,32.75957,"QT-Westworth Village,TX","6301 Westworth Blvd, Westworth Village,TX 76114, Store No 866|817-731-6048"
-96.596464,33.011034,"QT-Wylie,TX","3459 FM 544, Wylie,TX 75098, Store No 894|972-442-9587"
