-74.65012, 40.35807, Sam's Club Members Only: Bakery, USA-United States, Princeton, +1 6094526060
-82.12094, 41.40247, Sam's Club, USA-United States, 825 Leona St, +1 4403242582
-73.89239, 41.53082, Sam's Club, USA-United States, I-84:13N 56W Merritt Blvd
-81.42521, 40.87117, Sam's Club, USA-United States, 6299 Dressler Rd NW, +1 3304947093
-92.51643, 44.07957, Sam's Club, USA-United States, 3410 NW 55th St
-92.40869, 34.71832, Sam's Club, USA-United States, 900 S Bowman Rd
-85.19952, 34.28149, Sam's Club, USA-United States, 2550 Redmond Circle
-108.15373, 36.76438, Sam's Club, USA-United States, 4500 E Main
-85.76755, 38.32531, Sam's Club, USA-United States, 1301 Veterans Pkwy, +1 8122180310
-79.82136, 34.19636, Sam's Club, USA-United States, 200 Beltline Dr
-98.48509, 29.55606, Sam's Club, USA-United States, 12919 San Pedro Ave
-97.33228, 32.75394, Sam's Club: Pharmacy, USA-United States, Fort Worth, +1 8179891931
-81.11649, 35.25787, Sam's Club, USA-United States, 3540 E. Franklin Bvd., +1 7048664752
-96.80043, 32.78899, Sam's Club Members Only: Bakery, USA-United States, Dallas, +1 2143730556
-80.32569, 27.39086, Sam's Club: Store Information, USA-United States, 3855 S Us Highway 1, +1 7724890552
-80.70258, 32.21148, Sam's Club, USA-United States, 95 Mathews Dr., +1 8436817147
-76.88867, 38.64712, Sam's Club, USA-United States, 2365 Crain Hwy
-82.15448, 29.17895, Sam's Club, USA-United States, 3921 SW College Rd
-89.81977, 30.21830, Sam's Club, USA-United States, 181 Northshore Bvd., +1 9856411401
-81.76904, 26.27238, Sam's Club One Hour Photo, USA-United States, 2550 Immokalee Rd, +1 2395938550
-80.24786, 40.16199, Sam's Club, USA-United States, I-70:19A 80 Trinity Point Dr
-91.06466, 30.37861, Sam's Club, USA-United States, 10444 North Mall Drive, +1 2252951353
-104.89761, 39.76519, Sam's Club: Bakery, USA-United States, 7805 E 35th Ave, +1 7209416533
-97.65104, 35.56103, Sam's Club, USA-United States, 9000 NW Passage
-98.49935, 29.50025, Sam's Embroidery Club, USA-United States, 6645 San Pedro Ave, +1 2103664657
-89.52138, 43.07498, Sam's Club, USA-United States, 7050 Watts Rd
-97.72278, 30.52271, Sam's Club, USA-United States, I-35:251 130 Sundance Pky
-97.77057, 30.19049, Sam's Club, USA-United States, I-35:238A 5107 I-35 S
-121.42134, 38.47952, Sam's Club, USA-United States, 7660 Stockton Bvd., +1 9166883801
-74.29649, 40.25122, Sam's Club, USA-United States, 100 Trotters Way, +1 7327804477
-81.47070, 41.11816, Sam's Club, USA-United States, 1189 Buchholzer
-82.15309, 27.00888, Sam's Club: General Information, USA-United States, 17700 Murdock Circle, +1 9412555556
-84.22828, 30.42535, Sam's Club: Pharmacy, USA-United States, 3122 Dick Wilson Blvd, +1 8506712711
-82.45238, 27.33991, Sam's Club Members Only: Store Information, USA-United States, 300 North Cattlemen Road ?, +1 9413419274
-88.18601, 43.02879, Sam's Club, USA-United States, 600 N Springdale Rd
-90.37805, 38.57330, Sam's Club, USA-United States, 10248 Big Bend Blvd
-117.83391, 33.69866, Sam's Club, USA-United States, 16555 Von Karman Ave
-74.72000, 40.89244, Sam's Club Members Only: Store Information, USA-United States, 81 International Dr S, +1 9734488811
-88.15640, 30.66329, Sam's Web Club, USA-United States, 4120 Latimer Ln, +1 2513435101
-117.88174, 33.86519, Sam's Club, USA-United States, 629 S Placentia Avenue, +1 7147387755
-90.41553, 38.58350, Sam's Club-Members Only: 1-Hour Photo, USA-United States, Saint Louis, +1 3148228027
-96.68286, 32.75000, Sam's Club, USA-United States, I-30:52B, 53 5555 S Buckner Blvd
-104.82813, 39.70074, Sam's Club: Receiving, USA-United States, 880 S Abilene, +1 3036951816
-86.82103, 33.44922, Sam's Club, USA-United States, 201 Lakeshore Parkway, +1 2059413326
-84.31557, 30.48694, Sam's Club, USA-United States, Tallahassee
-95.01345, 29.40004, Sam's Club: Warehouse, USA-United States, 9200 Emmett F.Lowry Exprswy, +1 4099869100
-84.06003, 35.92535, Sam's Club: Pharmacy, USA-United States, 8435 Walbrook, +1 8656943257
-84.51754, 33.94567, Sam's Club, USA-United States, I-75:265 150 Cobb Pky S
-90.30305, 38.61840, Sam's Club, USA-United States, 6700 Manchester Ave, +1 3147814332
-90.24361, 29.98976, Sam's Club: Floral, USA-United States, Kenner, +1 5044689616
-79.18842, 37.34428, Sam's Club, USA-United States, 3912 Wards Rd
-93.26382, 45.11596, Sam's Club-Members Only: Store, USA-United States, 8150 University Ave., +1 7637844102
-98.54541, 33.87996, Sam's Club, USA-United States, 3801 Kell Blvd
-74.16583, 41.93756, Sam's Club, USA-United States, 801 Frank Sottile Blvd
-111.91693, 40.70029, Sam's Club, USA-United States, 3280 S. 900 West, +1 8019740220
-88.12979, 30.67677, Sam's Club, USA-United States, 601 E. I-65 Service Road South, +1 2514791346
-87.85801, 41.78310, Sam's Club-Members Only: Main Ofc, USA-United States, 9500 W. Joliet Road, +1 7083877030
-81.86889, 26.61658, Sam's Club: Receiving Appointments, USA-United States, Fort Myers, +1 2399392288
-91.10969, 30.47247, Sam's Club: Pharmacy, USA-United States, 7685 Airline, +1 2252149620
-81.40482, 28.42151, Sam's Club: Pharmacy, USA-United States, 9498 S Orange Blossom, +1 4078593920
-92.06630, 30.24812, Sam's Club, USA-United States, I-10:100 130 N Ambassador Caffery Pky
-86.57034, 34.61733, Sam's Club: General Information, USA-United States, 2235 National Blvd SW, +1 2568818186
-97.01138, 33.04610, Sam's Club: Store Information, USA-United States, 751 W. Main Street, +1 9724366684
-87.85883, 41.78265, Sam's Club, USA-United States, 9500 W Joliet Rd
-79.89283, 36.05613, Sam's Club: General Information, USA-United States, 4418 W. Wendover Ave., +1 3368526212
-98.56859, 29.51233, Sam's Embroidery Club, USA-United States, 7959 Fredericksburg Rd # 115, +1 2106140002
-85.15674, 41.06773, Sam's Club: Pharmacy, USA-United States, Fort Wayne, +1 2604900638
-96.31335, 30.64416, Sam's Club, USA-United States, 1405 E Bypass
-90.17056, 29.97531, Sam's Club: Vision Center, USA-United States, 3900 Airline, +1 5048313662
-118.31729, 33.79398, Sam's Club, USA-United States, Lomita, +1 3105170843
-82.73562, 28.22045, Sam's Club, USA-United States, 4330 US Hwy 19
-98.35639, 29.55222, Sam's Club-Members Only: General Information, USA-United States, 12349 I-35 N., +1 2106468188
-80.01097, 40.53446, Sam's Club, USA-United States, 7207 McKnight Rd., +1 4123641004
-81.26374, 32.11827, Sam's Club: Vision Center, USA-United States, 15 Mill Creek Cir, +1 9127489646
-82.73156, 27.96046, Sam's Club, USA-United States, 2575 Gulf-to-bay Bvd., +1 7277918081
-95.57787, 29.64311, Sam's Club, USA-United States, 12300 SW Freeway, +1 2812952500
-79.78520, 40.61865, Sam's Club, USA-United States, 2000 Village Center Drive, +1 7242741734
-97.11430, 31.58879, Sam's Club: Bakery, USA-United States, 2025 S Loop Dr, +1 9035977743
-84.21375, 39.75795, Sam's Club, USA-United States, 1111 Miamisburg, +1 9374360299
-76.62619, 39.26994, Sam's Club, USA-United States, 2601 Port Covington Drive, +1 4108371142
-89.77965, 35.20442, Sam's Club: Store Information, USA-United States, 8480 Hwy 64, +1 9013849997
-89.98545, 30.03404, Sam's Club Floral Department, USA-United States, New Orleans
-96.77126, 43.51722, Sam's Club, USA-United States, I-29:77 3201 S Louise Ave
-84.00592, 33.89886, Sam's Club, USA-United States, 1520 Scenic Hwy
-81.75259, 30.19434, Sam's Club, USA-United States, I-295:12 6373 Youngerman Circle
-104.99574, 39.74975, Sam's Club: Pharmacy, USA-United States, Denver, +1 3037225205
-97.41468, 37.67314, Sam's Club, USA-United States, 6200 W. Kellogg, +1 3169453010
-88.95351, 39.90119, Sam's Club, USA-United States, I-72:141A 4334 N Prospect
-86.92326, 36.11388, Sam's Club, USA-United States, I-40:199 615 Old Hickory Blvd
-93.79734, 32.41988, Sam's Club, USA-United States, Shreveport
-95.88154, 41.25444, Sam's Club-Members Only: Bakery, USA-United States, Council Bluffs, +1 7123667127
-85.53497, 38.22189, Sam's Club, USA-United States, 1401 Alliant Ave, +1 5022670432
-77.69354, 43.20746, Sam's Club, USA-United States, 700 Elm Ridge Center Dr
-82.78298, 39.93673, Sam's Club, USA-United States, 2675 Taylor Rd, +1 6148665369
-75.64327, 41.43061, Sam's Club, USA-United States, 921 Viewmont Dr
-94.60016, 39.10339, Sam's Club-Members Only: 1-Hour Photo, USA-United States, Kansas City, +1 8167653615
-83.09188, 40.08764, Sam's Club: General Information, USA-United States, 5870 Sawmill Road, +1 6147607771
-75.10532, 39.84547, Sam's Club, USA-United States, 1500 Almonesson Rd # 18, +1 8562289469
-88.30827, 42.22618, Sam's Club, USA-United States, 5670 N.W. Hwy., +1 8154779876
-106.57710, 31.84071, Sam's Club, USA-United States, I-10:11 7970 N Mesa
-81.55241, 39.30997, Sam's Club, USA-United States, 1100 Grand Central Ave
-119.15871, 34.22528, Sam's Club, USA-United States, 2401 N Rose Ave
-74.95968, 40.09399, Sams Club: Receiving Appointments, USA-United States, 1000 Franklin Mills, +1 2156322904
-86.77462, 36.16105, Sam's Club: Pharmacy, USA-United States, Nashville, +1 6153562126
-80.33266, 25.78509, Sam's Club: General Information, USA-United States, 8425 NW 13th Terrace, +1 3054639384
-115.27771, 36.27014, Sam's Club, USA-United States, 8080 W Tropical Pky
-79.80229, 40.57889, Sam's Club, USA-United States, 2000 Value Dr, +1 7242741734
-90.52716, 41.55892, Sam's Club, USA-United States, I-74:2 3845 Elmore Ave
-76.55044, 38.99158, Sam's Club, USA-United States, 2100 Generals Hwy
-81.80191, 30.42336, Sam's Club, USA-United States, I-95:360 300 Busch Dr
-89.82595, 30.31085, Sam's Club, USA-United States, I-12:80 181 Northshore Blvd
-118.03522, 34.08209, Sam's Club, USA-United States, 4901 N Santa Anita Ave
-84.06321, 35.93260, Sam's Club, USA-United States, 301 Walker Springs Rd, +1 8656914115
-82.73532, 27.83920, Sam's Club, USA-United States, 7001 Park Bvd., +1 7275478955
-95.73938, 41.23847, Sam's Club, USA-United States, I-29:3 3221 Manawa Centre Dr
-112.23892, 33.46530, Sam's Club Members Only: Store Information, USA-United States, 8340 W. McDowell, +1 6239368528
-84.39398, 39.28465, Sam's Club Members Only: Pharmacy, USA-United States, Cincinnati, +1 5136712090
-76.85989, 38.91833, Sam's Club, USA-United States, Washington
-78.75419, 42.91515, Sam's Club, USA-United States, 3735 Union Rd., +1 7166810402
-80.25394, 26.24246, Sam's Club, USA-United States, 950 N. University Dr., +1 9543453443
-77.33666, 39.44680, Sam's Club, USA-United States, I-270:31A 5604 Buckeystown Pike
-80.75279, 35.31300, Sam's Club, USA-United States, 8909 J. W. Clay Bvd., +1 7045930227
-76.72910, 39.37516, Sam's Club, USA-United States, Pikesville, +1 4106546579
-77.55224, 37.63742, Sam's Club, USA-United States, I-64:180B 9440 W Broad St
-77.46081, 38.97287, Sam's Club, USA-United States, 45425 Dulles Crossing Plaza
-83.76430, 43.00191, Sam's Club, USA-United States, I-75:118 4373 Corunna Rd
-70.25876, 43.66180, Sam's Club, USA-United States, 440 Payne Rd
-83.28829, 42.47767, Sam's Club Members Only: General Information, USA-United States, 22500 Eight Mile Road, +1 2483541108
-78.95360, 35.08289, Sam's Club, USA-United States, 1450 Skibo Rd., +1 9108641168
-78.95621, 35.96987, Sam's Club: Main Line, USA-United States, 4005 Chapel Hill Blvd., +1 9194898160
-97.48187, 35.60874, Sam's Club, USA-United States, 1900 W Memorial Rd
-82.50214, 28.09629, Sam's Club, USA-United States, 15835 N. Dale Mabry, +1 8139602110
-77.65309, 37.52727, Sam's Club, USA-United States, 901 Whitten Pkwy, +1 8042736624
-87.79397, 41.59891, Sam's Club, USA-United States, 16100 Harlem Ave
-104.70791, 39.58867, Sam's Club, USA-United States, 6201 South Aurora Parkway, +1 3036175601
-99.50430, 27.54366, Sam's Club, USA-United States, 4810 San Bernardo, +1 9567255300
-95.40627, 29.67971, Sam's Club, USA-United States, 1615 S Loop West
-88.20581, 41.75049, Sam's Club, USA-United States, 808 S Rte 59
-77.40918, 35.52352, Sam's Club, USA-United States, 4240 N Carolina Hwy 11 S
-82.45063, 27.33908, Sam's Club, USA-United States, I-75:210 300 N Cattlemen Rd
-119.79079, 36.84645, Sam's Club, USA-United States, 7663 N.blackstone, +1 5594460106
-83.39893, 42.32422, Sam's Club, USA-United States, I-275:25 39800 Ford Rd
-88.71558, 34.25745, Sam's Club, USA-United States, 3833 N Gloster St
-76.09846, 43.05471, Sam's Club, USA-United States, 2649 Erie Blvd E
-76.09913, 43.05439, Sam's Club-Members Only: General Information, USA-United States, 2649 Erie Bvd. East, +1 3154499233
-116.45799, 33.78814, Sam's Club, USA-United States, 35780 Date Palm Dr
-76.08805, 36.84173, Sam's Club, USA-United States, 3335 Va. Beach Blvd., +1 7576319791
-98.59403, 29.56309, Sam's Club-Members Only: General Information, USA-United States, 5565 De Zavala Rd, +1 2106414810
-87.48801, 37.98741, Sam's Club, USA-United States, 5101 Vogel Rd
-90.33607, 38.49904, Sam's Club Members Only: Pharmacy, USA-United States, 4512 Lemay Ferry, +1 3148946893
-83.69098, 43.01112, Sam's Club: Pharmacy, USA-United States, Flint, +1 8107330741
-95.76198, 39.04098, Sam's Club, USA-United States, I-470:1B 1401 SW Wanamaker Rd
-104.89794, 39.56288, Sam's Club, USA-United States, 7817 Park Meadows Dr., +1 3037993905
-96.77109, 43.51617, Sam's Club, USA-United States, 3201 S. Louise Ave., +1 6053620119
-97.81905, 30.23365, Sam's Club: Pharmacy, USA-United States, 4970 W Highway 290, +1 5123588734
-114.59888, 32.70120, Sam's Club, USA-United States, 1462 S Pacific Ave
-94.52487, 38.90087, Sam's Club Members Only: Vision Center, USA-United States, 12420 S Us Highway 71, +1 8167654645
-86.69252, 33.53226, Sam's Club, USA-United States, 3900 Kilgore Memorial Dr., +1 2059563987
-118.49686, 34.44847, Sam's Club, USA-United States, 26468 Carl Boyer Dr, +1 6612227408
-82.59007, 40.77688, Sam's Club, USA-United States, 1070 N Lexington Springmill Rd
-82.07863, 41.42080, Sam's Club, USA-Sheffield
-83.87169, 36.03896, Sam's Club, USA-United States, 2920 Knoxville Center Dr, +1 8656372582
-82.91190, 40.05777, Sam's Club: Store Information, USA-United States, 3950 Morse Rd., +1 6144764224
-89.81237, 35.05045, Sam's Club: Pharmacy, USA-United States, 7475 Winchester, +1 9017540865
-92.21094, 34.80439, Sam's Club Members Only: Bakery, USA-United States, 5600 Landers Rd, +1 5019455106
-94.72823, 38.95624, Sam's Club-Members Only: Optical, USA-United States, 12200 W 95th St, +1 9138945006
-76.80535, 39.09946, Sam's Club, USA-United States, 3535 Russett Green East, +1 3016042060
-83.10281, 39.97403, Sam's Club, USA-United States, 3760 Interchange Rd, +1 6142789747
-90.05874, 29.89139, Sam's Club, USA-United States, 1527 Manhattan Blvd
-86.20288, 43.20506, Sam's Club-Members Only: Store Information, USA-United States, 1707 E. Sherman Bvd., +1 2317332575
-84.20102, 33.83925, Sam's Club, USA-United States, 1940 Mtn Industrial Blvd
-83.87884, 36.03583, Sam's Club, USA-United States, 2920 E Towne Mall Circle
-80.27393, 36.18637, Sam's Club, USA-United States, 284 Summit Square, +1 3363772085
-81.50037, 28.40179, Sam's Club, USA-United States, 9498 S Orange Blossom Trl
-74.03299, 40.76684, Sam's Club: 1-Hour Photo, USA-United States, Union City, +1 2019740964
-75.02278, 39.71876, Sam's Club, USA-United States, 2080 N Blackhorse Pike
-105.08881, 39.63136, Sam's Club, USA-United States, 4827 S. Wadsworth, +1 3039710494
-68.74018, 44.82871, Sam's Club, USA-United States, 47 Haskell Rd
-81.75651, 41.41846, Sam's Club Members Only: Store Information, USA-United States, 10250 Brookpark Rd., +1 2162650012
-95.45175, 30.18203, Sam's Club, USA-United States, 19091 I-45 South, +1 9362711732
-86.12970, 39.78201, Sam's Club, USA-United States, Indianapolis
-70.88721, 42.88356, Sam's Club, USA-United States, I-95:1 11 Batcheldor Rd
-94.36883, 39.04953, Sam's Club, USA-United States, I-70:15B 4100 Bolger Dr
-90.28045, 38.76488, Sam's Club, USA-United States, 10735 W. Florissant, +1 3145215471
-83.20046, 42.21377, Sam's Club, USA-United States, I-75:37 15700 Northline Rd
-97.17359, 32.76251, Sam's Club: Pharmacy, USA-United States, 8351 Anderson, +1 8174594984
-117.93072, 34.00000, Sam's Club, USA-United States, 17835 E Gale Ave
-77.64286, 37.51089, Sam's Club, USA-United States, 901 Wal-Mart Way, +1 8043787654
-76.76864, 40.26273, Sam's Club-Members Only: Information, USA-United States, 6781 Grayson Rd., +1 7175584200
-96.76789, 33.00140, Sam's Club, USA-United States, 301 Coit Rd., +1 9726128041
-83.09166, 40.07722, Sam's Club, USA-United States, 5870 Sawmill Rd, +1 6147609111
-72.98386, 41.28054, Sam's Club, USA-United States, I-95:42 2 Boston Post Rd
-86.25641, 43.26465, Sam's Club, USA-United States, 1707 E Sherman Blvd
-75.54865, 39.19486, Sam's Club, USA-United States, 1572 N Dupont Hwy
-83.26365, 42.44345, Sam's Club, USA-United States, 22500 W 8 Mile Rd, +1 2483541108
-88.96592, 37.73948, Sam's Club, USA-United States, I-57:54B 2709 Walton Way
-97.45160, 32.74361, Sam's Club: Floral, USA-United States, 1451 S Cherry, +1 8173770800
-118.16215, 33.94885, Sam's Club, USA-United States, 5871 Firestone Bvd., +1 5629281514
-81.76990, 26.27257, Sam's Club, USA-United States, 2550 Immokalee Rd
-85.57292, 42.89282, Sam's Club-Members Only: Receiving Appointments, USA-United States, Grand Rapids, +1 6169425647
-81.51199, 41.36842, Sam's Club, USA-United States, 23300 Broadway Ave., +1 4402322582
-96.76977, 33.04132, Sam's Club, USA-United States, 301 Coit Rd
-157.84150, 21.29544, Sam's Club-Members Only: General Information, USA-United States, 750 Keeaumoka Street, +1 8089459841
-95.76169, 39.04312, Sam's Club, USA-United States, 1401 S.W. Wannamaker Rd, +1 7852735181
-71.37361, 42.29904, Sam's Club, USA-United States, 1225 Worcester Rd., +1 5086509156
-86.88599, 40.41254, Sam's Club, USA-United States, 3819 State Rd 26 E
-91.42650, 44.77236, Sam's Club, USA-United States, 4001 Gateway Dr
-81.49320, 28.55197, Sam's Club: General Information, USA-United States, 7810 W. Colonial Dr., +1 4075325212
-80.87853, 35.07657, Sam's Club: Store Information, USA-United States, 11425 Carolina Place Pkwy, +1 7045411234
-84.63604, 39.01545, Sam's Club, USA-United States, I-71:182 4949 Houston Rd
-94.72734, 38.95671, Sam's Club Members Only: Bakery, USA-United States, 12200 W 95th, +1 9138941754
-122.24636, 47.29716, Sam's Club, USA-United States, 1101 Supermall Way
-111.99997, 41.17377, Sam's Club, USA-United States, 4949 South 900 West, +1 8016123465
-112.26954, 33.46492, Sam's Club, USA-United States, I-10:135 8340W McDowell
-118.16109, 33.94885, Sam's Club, USA-United States, I-710:18 5871 E Firestone Blvd
-93.15780, 44.83840, Sam's Club, USA-United States, 3035 Denmark Ave
-89.08891, 30.42747, Sam's Club, USA-United States, 15065 Creosote Rd
-99.73272, 32.45197, Sam's Club, USA-United States, I-20:283A 5301 S First
-92.45788, 31.27502, Sam's Club, USA-United States, 3805 North Blvd
-111.62555, 35.19200, Sam's Club, USA-United States, I-40:198 1851 E Butler Ave
-74.29994, 40.24335, Sam's Club: General Information, USA-United States, 320 W Main St, +1 7327803943
-80.06705, 26.72007, Sam's Club: Bakery, USA-United States, West Palm Beach, +1 5616874650
-80.10675, 26.75977, Sam's Club: Store Information, USA-United States, 4295 45th Street, +1 5616870098
-88.35920, 44.24313, Sam's Club, USA-United States, 1000 N Westhill Blvd
-76.76782, 39.41068, Sam's Club, USA-United States, 9750 Reisterstown Road, +1 4106546930
-96.80115, 33.10937, Sam's Club, USA-United States, 8621 Ohio Dr
-84.21307, 31.61801, Sam's Club, USA-United States, 1201 N Westover Blvd
-122.27892, 47.31868, Sam's Club: Receiving Appointments, USA-United States, Auburn, +1 2533331307
-122.28839, 37.85419, Sam's 58 Club, USA-United States, Berkeley
-95.99338, 36.15261, Sam's Club-Members Only: 1-Hour Photo, USA-United States, Tulsa, +1 9186100281
-117.55780, 34.07338, Sam's Club Members Only, USA-United States, 951 N Milliken Ave, +1 9094769083
-87.92342, 42.02283, Sam's Club, USA-United States, 101 W. Oakton St., +1 8472965050
-92.29378, 38.95069, Sam's Club, USA-United States, 101 Conley Rd
-94.34811, 35.35162, Sam's Club, USA-United States, 7700 Rogers Ave
-79.89677, 36.05599, Sam's Club, USA-United States, I-40:214A, 214 4418 W Wendover Ave
-97.24948, 32.84064, Sam's Club: General Information, USA-United States, 6375 NE. Loop 820, +1 8174283700
-95.51402, 29.73504, Sam's Club, USA-United States, 2827 Dunvale Rd
-84.19212, 39.84879, Sam's Club: 1-Hour Photo, USA-United States, 6955 Miller, +1 9374151697
-88.03119, 41.75498, Sam's Club-Members Only: Store Information, USA-United States, 7300 Woodward Ave., +1 6306639600
-74.97610, 40.00606, Sam's Club, USA-United States, 2521 Route 130 South, +1 8563032192
-96.91099, 32.86821, Sam's Club, USA-United States, 1959 W Northwest Hwy, +1 9725560831
-82.90879, 40.05768, Sam's Club, USA-United States, I-270:32 3950 Morse Rd
-95.38208, 30.02075, Sam's Club, USA-United States, 9665 FM 1960 Bypass
-90.39670, 38.56784, Sam's Club, USA-United States, 10248 Big Bend Blvd., +1 3149657076
-97.06266, 47.88938, Sam's Club, USA-United States, 2501 32nd Ave S
-112.01926, 33.43582, Sam's Club, USA-United States, 2005 E Ind School Rd
-111.79007, 33.37223, Sam's Club Members Only: Pharmacy, USA-United States, 1225 N Gilbert, +1 4809266509
-81.14295, 32.05346, Sam's Club, USA-United States, 3609-a Ogeechee, +1 9122381466
-84.26252, 39.09235, Sam's Club, USA-United States, 815 Clepper Lane, +1 5137534865
-90.47325, 38.59691, Sam's Club, USA-United States, 13455 Manchester Rd
-90.17004, 29.97527, Sam's Club, USA-United States, 3900 Airline Highway, +1 5048312911
-105.06491, 40.52154, Sam's Club: Receiving Appointments, USA-United States, 4700 Boardwalk Drive, +1 9702290621
-72.73219, 41.64322, Sam's Club, USA-United States, 245 Wilbur Cross Hwy., +1 8608290841
-90.28043, 38.76695, Sam's Club-Members Only: General Information, USA-United States, 10735 W Florissant Ave, +1 3145213800
-93.07409, 44.81929, Sam's Club, USA-United States, I-94:251 9925 Hudson Rd
-85.55836, 42.19813, Sam's Club, USA-United States, I-94:76A 665 Mall Dr
-112.09436, 33.63186, Sam's Club, USA-United States, I-17:212 17401 N Holmes Blvd
-117.22231, 33.17117, Sam's Club Optical Center, USA-United States, 1900 University Dr, +1 7607321174
-117.99291, 33.77989, Sam's Club Members Only: Bakery, USA-United States, 12540 Beach, +1 7148952681
-117.59693, 33.85929, Sam's Club, USA-United States, 1375 E. Ontario Ave, +1 9095820319
-86.26030, 39.76496, Sam's Club Pharmacy, USA-United States, 5805 Rockville Rd, +1 3172411141
-105.06514, 40.52332, Sam's Club, USA-United States, 4700 Boardwalk Dr
-92.10489, 32.53269, Sam's Club, USA-United States, I-20:120 5400 I-20 Frontage Rd
-80.17771, 40.44814, Sam's Club Pharmacy, USA-United States, 249 Summit Park Drive, +1 4127886313
-76.80332, 39.10191, Sam's Club, USA-United States, 3535 Russett Green E
-77.72953, 43.21539, Sam's Club, USA-United States, 700 Elm Ridge Center Dr., +1 5852253180
-95.42183, 29.99806, Sam's Club, USA-United States, 325 E. Richey Road, +1 2818218777
-77.80478, 40.83087, Sam's Club, USA-United States, 381 Benner Pike
-80.84232, 35.23090, Sam's Club: Pharmacy, USA-United States, Charlotte, +1 7045930769
-81.74643, 30.19702, Sam's Club: Bakery, USA-United States, 6373 Youngerman, +1 9045730183
-71.48111, 43.22318, Sam's Club, USA-United States, 304 Sheep Davis Rd
-106.38786, 31.77675, Sam's Club, USA-United States, 7001 Gateway Bvd. West, +1 9157710004
-119.18138, 34.22673, Sam's Club: Pharmacy, USA-United States, Oxnard, +1 8054852191
-86.53973, 39.12018, Sam's Club, USA-United States, 3205 W State Hwy 45
-84.20091, 33.83994, Sam's Club, USA-United States, 1940 Mountain Ind. Bvd., +1 7709088408
-88.03127, 41.75102, Sam's Club, USA-United States, I-355:16 7300 Woodward Ave
-72.52873, 41.76757, Sam's Club-Members Only: 1-Hour Photo, USA-United States, Manchester, +1 8606445864
-88.00668, 43.15577, Sam's Club Floral, USA-United States, Milwaukee
-91.10941, 30.47185, Sam's Club, USA-United States, 7685 Airline Hwy., +1 2259299893
-81.63718, 41.14631, Sam's Club Members Only: Vision Center, USA-United States, Akron, +1 3306669678
-106.61586, 35.13750, Sam's Club Members Only: Wal-Mart Connect Center, USA-United States, 1421 N Renaissance Blvd NE, +1 5053449228
-78.95439, 35.08167, Sam's Club, USA-United States, 1450 Skibo Rd, +1 9108647080
-74.67693, 40.30404, Sam's Club Members Only: Floral Shop, USA-United States, 301 Nassau Park Bvd., +1 6094525991
-117.15081, 33.56926, Sam's Club, USA-United States, 6363 VA, +1 9516534840
-95.84749, 41.22751, Sam's Club-Members Only: Store Information, USA-United States, 3221 Manawa Sentre Dr., +1 7123660130
-80.32583, 27.39130, Sam's Club, USA-United States, 3855 S US Hwy 1
-85.19060, 35.02726, Sam's Club, USA-United States, 6101 Lee Hwy, +1 4239541746
-76.96183, 40.20093, Sam's Club Members Only: Bakery, USA-United States, Harrisburg
-82.84423, 40.00248, Sam's Club, USA-United States, 2675 Taylor Rd, +1 6148665369
-95.48306, 30.33344, Sam's Club, USA-United States, 2000 Westview Bvd., +1 9367565778
-117.75552, 34.04406, Sam's Club, USA-United States, Pomona, +1 6269124716
-84.16269, 39.61575, Sam's Club, USA-United States, 1111 Miamisburg-Centerville Rd, +1 9374360299
-105.10240, 40.58017, Sam's Club: Bakery, USA-United States, Fort Collins, +1 9702047816
-121.37890, 38.54614, Sam's Club, USA-United States, 7660 Stockton Blvd
-85.21506, 42.38997, Sam's Club, USA-United States, I-94:98A 12737 Cotton Lake Rd
-83.28662, 42.48633, Sam's Club, USA-United States, 22500 Eight Mile Rd
-117.71933, 33.99865, Sam's Club Members Only: Store Information, USA-United States, 3951 Grand Ave, +1 9095486173
-80.22465, 36.10393, Sam's Club: Pharmacy, USA-United States, Winston Salem, +1 3367650669
-118.14607, 33.85250, Sam's Club Members Only: Pharmacy, USA-United States, Lakewood, +1 5624255539
-117.95449, 33.71350, Sam's Club, USA-United States, I-405:13 17099 Brookhurst St
-106.36676, 42.84088, Sam's Club, USA-United States, I-25:185 4600 E 2nd St
-95.16995, 29.53678, Sam's Club, USA-United States, 155 W El Dorado Blvd, +1 2812864471
-96.64677, 32.96172, Sam's Club Members Only: Store Information, USA-United States, 5150 N. Garland Avenue, +1 9724963956
-74.95933, 40.08536, Sam's Club: Optometrist, USA-United States, 1000 Franklin Mills Circle, +1 2152813495
-83.10020, 42.50485, Sam's Club Members Only: Bakery, USA-United States, Madison Heights, +1 2485891252
-74.04010, 40.79133, Sam's Club, USA-United States, 300 Park Place, +1 2019740702
-117.83534, 33.69955, Sam's Club, USA-United States, 16555 Von Karman Ave., +1 9497562550
-86.69143, 36.08647, Sam's Club, USA-United States, 1300 Antioch Pike, +1 6158349092
-80.06652, 26.56526, Sam's Club: Store Information, USA-United States, 7233 Seacrest Bvd., +1 5615869260
-76.76246, 39.40719, Sam's Club, USA-United States, 9750 Reistertown Rd
-115.12611, 36.02053, Sam's Club: 1-Hour Photo, USA-United States, 1910 E Serene Ave, +1 7026143394
-71.33011, 41.79901, Sam's Club, USA-United States, 1098 Fall River Ave., +1 5083368262
-81.53927, 30.28670, Sam's Club, USA-United States, Jacksonville
-95.25566, 30.03473, Sam's Club: Sugar Land, USA-United States, 351 Highway #6, +1 2812952525
-101.84205, 35.20323, Sam's Club: Bakery, USA-United States, 2201 Rossosage Street, +1 8063747768
-80.31182, 36.06425, Sam's Club, USA-United States, 930 Hanes Mall Bvd., +1 3367653590
-78.88451, 35.07838, Sam's Club: 1-Hour Photo, USA-United States, Fayetteville, +1 9108648089
-79.96388, 37.31865, Sam's Club, USA-United States, I-581:3E 1455 Town Sq Blvd
-80.10822, 26.75988, Sam's Club, USA-United States, 4295 45th St
-90.28049, 38.76762, Sam's Club, USA-United States, I-270:29 10735 W Florissant
-82.49441, 36.58260, Sam's Club, USA-United States, 1027 Sam Walton Blvd
-157.96043, 21.40801, Sam's Club-Members Only: Bakery, USA-United States, Pearl City, +1 8084565558
-95.64679, 29.65613, Sam's Club, USA-United States, 351 Hwy 6
-93.27603, 44.83728, Sam's Club, USA-United States, 200 West American Blvd, +1 9528881050
-111.78993, 33.37408, Sam's Club Members Only-Pharmacy, USA-United States, Mesa
-84.39052, 33.75668, Sam's Club: Bakery, USA-United States, Atlanta, +1 7704896368
-73.81616, 42.70190, Sam's Club, USA-United States, 141 Washington Ave
-88.14467, 42.01428, Sam's Club, USA-United States, 900 S. Barrington, +1 6305409475
-86.44009, 35.84756, Sam's Club: Store Information, USA-United States, 125 John R. Rice Bvd., +1 6158954246
-71.39319, 42.29895, Sam's Club, USA-United States, 1225 Worcester Rd
-88.09228, 44.52395, Sam's Club, USA-United States, 2470 W Mason
-95.15141, 29.55528, Sam's Club, USA-United States, I-45:27 155 W El Dorado Rd
-105.06018, 40.40734, Sam's Club Vision Center, USA-United States, 1200 E Eisenhower Blvd, +1 9706693191
-80.27396, 36.18761, Sam's Club, USA-United States, 284 Summit Square Blvd, +1 3363772820
-117.17611, 33.55640, Sam's Club, USA-United States, 40500 Murrieta Hot Springs, +1 9516964500
-82.50657, 27.89024, Sam's Club Members Only: Bakery, USA-United States, 5135 S Dale Mabry Hwy, +1 8138057902
-108.58204, 39.08113, Sam's Club, USA-United States, 1040 Independent Ave
-76.19669, 43.19014, Sam's Club, USA-United States, 3895 Rte 31
-98.61166, 29.56124, Sam's Club, USA-United States, 5565 DeZavala Road, +1 2106414810
-77.21101, 39.15132, Sam's Club, USA-United States, I-270:11, 11A 610 N Frederick Ave
-97.41348, 32.68713, Sam's Club: General Information, USA-United States, 4400 Bryant Irvin Road, +1 8179891992
-87.95322, 42.15063, Sam's Club: Wheeling, USA-United States, 1055 McHenry Rd., +1 8475419040
-83.15111, 39.98316, Sam's Club: General Information, USA-United States, 1755 Hilliard-Rome Rd, +1 6149210057
-121.19104, 38.64435, Sam's Club, USA-United States, 2495 Iron Point Rd #1
-104.79550, 41.16036, Sam's Club, USA-United States, 1948 Dell Range Blvd
-121.95863, 38.36335, Sam's Club, USA-United States, 1500 Helen Power Dr
-88.03183, 41.94784, Sam's Club-Members Only: Addison, USA-United States, 1006 Rohlwing Road, +1 6309327770
-94.20086, 45.54958, Sam's Club, USA-United States, 3601 2nd St S
-84.06055, 39.77179, Sam's Club, USA-United States, I-675:17 3446 New Germany-Trebein
-79.92589, 40.35032, Sam's Club, USA-United States, 2932 Lebanon Church Rd
-81.46099, 40.91126, Sam's Club, USA-United States, 2150 International Pkwy, +1 3308991003
-77.20933, 39.15034, Sam's Club, USA-United States, 610 N. Frederick Ave., +1 3012162550
-75.10144, 39.83380, Sam's Club, USA-United States, 1500 N Almonessen Rd
-86.18425, 39.61752, Sam's Club, USA-United States, I-65:99 1101 Windhorst Way
-83.09833, 42.53443, Sam's Club, USA-United States, 800 E 14 Mile Rd, +1 2485891208
-111.98464, 41.07192, Sam's Club, USA-United States, 1055 W Hill Field Rd, +1 8015465206
-93.21649, 30.22906, Sam's Club, USA-United States, I-210:10B 3310 Broad St
-81.75773, 41.41837, Sam's Club Members Only: Pharmacy, USA-United States, 10250 Brookpark Rd, +1 2168981133
-119.79336, 39.48036, Sam's Club, USA-United States, 4835 Kietzke Lane, +1 7758297900
-75.11149, 40.16173, Sam's Club, USA-United States, 1001 S York Rd, +1 2159570686
-81.71693, 38.32107, Sam's Club, USA-United States, 2500 Mountaineer Blvd
-71.79541, 42.29533, Sam's Club, USA-United States, I-190:1 301 Barber Ave
-79.22638, 36.08625, Sam's Video Club, USA-United States, 6321 Us 70, +1 9195635427
-84.54490, 42.66416, Sam's Club, USA-United States, 340 E Edgewood Blvd
-102.33396, 31.89388, Sam's Club, USA-United States, 4230 John Ben Shepherd Pky
-93.50049, 45.14825, Sam's Club, USA-United States, I-94:213 16701 94th Ave N
-84.45590, 39.28745, Sam's Club, USA-United States, 800 Kemper Commons Circle, +1 5136712016
-81.47046, 41.11885, Sam's Club, USA-United States, 1189 Buchholzer Blvd, +1 3309293789
-84.14107, 33.95644, Sam's Club, USA-United States, 3450 Steve Reynolds Blvd
-97.29879, 32.66821, Sam's Club, USA-United States, I-20:439 2440 SE Loop 820
-104.98762, 39.70735, Sam's Club, USA-United States, 505 South Broadway, +1 3037222152
-97.51530, 25.93308, Sam's Club: Connection Center, USA-United States, Brownsville, +1 9563502091
-149.86719, 61.14457, Sam's Club: Round Table Pizza, USA-United States, 800 E Dimond Blvd # 3-125, +1 9075221007
-93.36823, 44.93539, Sam's Club, USA-United States, 3745 Louisiana Ave.S., +1 9529249452
-74.93372, 40.02649, Sam's Club, USA-United States, 2521 Rte 30 S
-93.26966, 44.98488, Sam's Club-Members Only: Pharmacy, USA-United States, Minneapolis, +1 9528886079
-112.34099, 33.45136, Sam's Club, USA-United States, 1459 N. Dysart Rd., +1 6238823859
-117.99274, 33.78039, Sam's Club Members Only: Store Information, USA-United States, 12540 Beach Bvd., +1 7148989891
-80.01493, 40.54344, Sam's Club, USA-United States, Pittsburgh
-90.33747, 38.49839, Sam's Club, USA-United States, 4512 Lemay Ferry Rd
-84.26559, 39.09307, Sam's Club, USA-United States, 815 Clepper Ln
-95.27825, 30.00498, Sam's Club, USA-United States, 9665 FM 1960 Bypass, +1 2815481211
-83.67946, 42.21110, Sam's Club, USA-United States, 5450 Carpenter Rd
-101.93151, 33.59185, Sam's Club, USA-United States, 434 W Loop 289, +1 8067937182
-105.16409, 39.96206, Sam's Club, USA-United States, 550 South McCaslin Bvd., +1 3036651233
-94.14152, 36.16724, Sam's Club, USA-United States, 2008 S Thompson
-87.93894, 42.22260, Sam's Club, USA-United States, 335 N Milwaukee Ave
-86.57184, 34.80743, Sam's Club, USA-United States, 3418 Memorial Pky NW
-87.93575, 42.37753, Sam's Club, USA-United States, I-94:69A 6570 Grand Ave
-88.04659, 43.01427, Sam's Club-Members Only: West Allis, USA-United States, 1540 S. 108th Street, +1 4144535806
-86.82532, 33.44603, Sam's Club, USA-United States, 201 Lakeshore Pky
-81.48456, 41.58297, Sam's Club Members Only: Willoughby Hills Club, USA-United States, 27853 Chardon Rd., +1 4409445747
-95.60269, 29.77668, Sam's Club, USA-United States, I-10:751 1025 Hwy 6 N
-95.86853, 36.06352, Sam's Club Membership Warehouse: Floral, USA-United States, 6922 S Mingo Rd, +1 9184590526
-115.24916, 36.12567, Sam's Club: General Information, USA-United States, 7175 Spring Mountain Rd., +1 7022530072
-97.84647, 30.24650, Sam's Club, USA-United States, Austin, +1 5123588709
-93.02486, 45.03965, Sam's Club, USA-United States, I-694:50 1850 Buerkle Rd
-93.61381, 42.00106, Sam's Club, USA-United States, 305 Airport Rd., +1 5152339750
-122.24525, 47.29642, Sam's Club, USA-United States, 1101 Supermall Way # 1275, +1 2533331026
-83.00916, 42.62970, Sam's Club, USA-United States, 45600 Utica Park Bvd., +1 5867269800
-81.60132, 30.29242, Sam's Club, USA-United States, 10690 Beach Blvd
-84.37881, 33.70533, Sam's Club: Bakery, USA-United States, 1765 Jonesboro Rd Se, +1 7709147085
-95.64545, 29.78561, Sam's Club Members Only: Pharmacy, USA-United States, 1025 Hwy 6 North, +1 2818299121
-96.76296, 32.87141, Sam's Club Members Only: General Information, USA-United States, 8282 Park Ln, +1 2143733058
-83.87882, 36.03510, Sam's Club, USA-United States, 2920 Knoxville Center Dr, +1 8656370761
-85.97349, 39.77568, Sam's Club, USA-United States, 10859 E. Washington St., +1 3178970135
-96.68868, 32.79247, Sam's Club Members Only: Bakery, USA-United States, 7401 Samuell Blvd, +1 2143195918
-87.75935, 41.84736, Sam's Club: Pharmacy, USA-United States, Cicero, +1 7086528596
-88.25810, 40.13743, Sam's Club, USA-United States, I-74:181 915 W Marketview Dr
-99.50380, 27.54308, Sam's Club, USA-United States, I-35:2 4810 San Bernardo Ave
-84.05808, 39.77119, Sam's Club, USA-United States, 3446 New Germany-Trebin, +1 9374261511
-106.65857, 35.20883, Sam's Club, USA-United States, 10600 Coors Blvd Bypass NW
-111.89532, 33.62400, Sam's Club Members Only: Store Information, USA-United States, 15255 N. Northsight Bvd., +1 4806090550
-82.50816, 27.44215, Sam's Club, USA-United States, 5300 McHenry Rd
-81.52154, 41.04577, Sam's Club Members Only: Vision Center, USA-United States, Akron, +1 3309294819
-82.00067, 34.93469, Sam's Club, USA-United States, I-26:21A 200 Peachwood Centre Dr
-93.20219, 44.73296, Sam's Club Members Only: White Bear Lake, USA-United States, 14940 Florence Trail, +1 9524321200
-83.03788, 42.78031, Sam's Club, USA-United States, 495 Summit Dr
-95.64497, 29.78280, Sam's Club, USA-United States, 351 Highway 6 S, +1 2812952525
-87.68211, 34.83885, Sam's Club, USA-United States, 364 Cox Creek Pky
-77.76102, 39.63126, Sam's Club, USA-United States, I-81:5 1700 Wesel Blvd
-76.60891, 39.26079, Sam's Club, USA-United States, 2601 Port Covington Dr, +1 4108371142
-97.21564, 32.78766, Sam's Club, USA-United States, I-820:20B 6375 NE Loop 820
-104.61637, 38.32066, Sam's Club, USA-United States, I-25:101 412 Eagleridge Blvd
-117.26898, 34.06628, Sam's Club, USA-United States, 1055 F Harriman
-96.68225, 40.83527, Sam's Club, USA-United States, 4900 N 27th St
-96.84090, 32.95427, Sam's Club Members Only: General Information, USA-United States, 4150 Belt Line Rd., +1 9729349274
-74.37976, 40.43427, Sam's Club, USA-United States, 290 Hwy 18
-78.99969, 43.10718, Sam's Club-Members Only, USA-United States, 5535 Porter Rd., +1 7162981580
-97.74422, 30.38990, Sam's Club, USA-United States, 9700 No. Capital of Tx Hwy, +1 5123438262
-76.96558, 42.13538, Sam's Club, USA-United States, 830 County Rd 64
-76.89030, 38.64579, Sam's Club, USA-United States, 2365 Crain Highway, +1 3016458130
-94.53729, 38.89447, Sam's Club, USA-United States, 12420 S 71 Hwy
-96.69714, 32.87213, Sam's Club, USA-United States, I-635:13 12000 McCree Rd
-118.14766, 34.60809, Sam's Club, USA-United States, 39940 10th Street West, +1 6615759200
-96.99693, 28.87728, Sam's Club, USA-United States, 9202 N Navarro
-90.29904, 38.75161, Sam's Club-Members Only: Bakery, USA-United States, Saint Louis, +1 3145211612
-97.10237, 32.86584, Sam's Club, USA-United States, 4101 Highway 121, +1 8173910022
-101.94216, 33.55577, Sam's Club, USA-United States, 4304 W Loop 289, +1 8067937182
-80.32645, 26.14540, Sam's Club, USA-United States, 13550 W Sunrise Blvd
-81.28348, 28.56841, Sam's Club: General Information, USA-United States, 7701 E. Colonial Dr., +1 4073847570
-149.86411, 61.14101, Sam's Club: 1-Hour Photo, USA-United States, 8801 Old Seward Hwy, +1 9073448140
-81.34308, 28.66162, Sam's Club, USA-United States, 355 Semoran Blvd
-87.85679, 42.70254, Sam's Club, USA-United States, 6200 Regency West Dr
-88.20584, 41.75686, Sam's Club, USA-United States, 808 S. Rt. 59, +1 6305270880
-117.96986, 33.91490, Sam's Club Members Only: Store Information, USA-United States, 1390 South Beach Blvd, +1 5626979281
-82.91097, 40.05760, Sam's Club: Pharmacy, USA-United States, 3950 Morse, +1 6144285856
-76.88432, 40.26023, Sam's Club-Members Only: Receiving Appointments, USA-United States, Harrisburg, +1 7175584204
-96.09713, 41.21604, Sam's Club, USA-United States, I-80:445 11911 I St
-88.14480, 42.01478, Sam's Club, USA-United States, 900 S Barrington
-85.31603, 35.04725, Sam's Club: Bakery, USA-United States, Chattanooga, +1 4239541755
-80.63462, 41.03383, Sam's Club, USA-United States, I-680:11A 6361 South Ave
-104.75718, 38.82229, Sam's Club, USA-United States, 715 S Academy Blvd
-77.38163, 34.75818, Sam's Club, USA-United States, 1170 Western Blvd
-87.94975, 42.92403, Sam's Club-Members Only: Franklin, USA-United States, 6705 S. 27th St., +1 4147610088
-98.54892, 29.35726, Sam's Club-Members Only: Pharmacy, USA-United States, 3150 SW Military Dr, +1 2109320906
-147.70792, 64.85163, Sam's Club, USA-United States, 48 College Rd
-90.05847, 29.89205, Sam's Club: Vision Center, USA-United States, 1527 Manhattan, +1 5042631338
-89.81442, 35.05062, Sam's Club: Store Information, USA-United States, 7475 Winchester, +1 9017540324
-88.34042, 41.86174, Sam's Club Members Only: Bakery, USA-United States, 501 N Randall Rd, +1 6307610785
-75.28505, 40.71431, Sam's Club, USA-United States, 3796 Easton-Nazereth Hwy
-87.73232, 41.50045, Sam's Club, USA-United States, 21430 S. Cicero Ave., +1 7087477979
-80.71038, 35.13420, Sam's Club, USA-United States, 1801 Windsor Square Dr., +1 7048476742
-81.65041, 30.43008, Sam's Club: Connection Center, USA-United States, 300 Busch, +1 9047573137
-86.68227, 33.52916, Sam's Club: Bakery, USA-United States, Birmingham, +1 2059565885
-96.11808, 41.21240, Sam's Club, USA-United States, 13130 L St., +1 4023341526
-121.38763, 38.61045, Sam's Club, USA-United States, 3360 El Camino Ave
-76.50958, 37.12500, Sam's Club, USA-United States, 12407 Jefferson Ave
-81.00378, 29.18549, Sam's Club, USA-United States, 11175 Beville Rd
-76.76199, 40.26323, Sam's Club, USA-United States, 6781 Grayson Rd
-88.34023, 41.86061, Sam's Club, USA-United States, 501 N Randall Rd
-121.25785, 38.73940, Sam's Club: Optometrist, USA-United States, Roseville, +1 9167233697
-121.29469, 38.67834, Sam's Club: Members Only, USA-United States, 7147 Greenback Lane, +1 9167216499
-122.24492, 47.29807, Sam's Club, USA-United States, 1101 Supermall Way S.W. #1275, +1 2533338391
-117.25720, 33.19883, Sam's Club: 1-Hour Photo, USA-United States, Vista, +1 7607321115
-96.84150, 32.95413, Sam's Club Members Only-Bakery, USA-United States, Dallas
-77.64824, 37.43035, Sam's Club-Members Only: Bakery, USA-United States, Midlothian, +1 8043781002
-78.46387, 38.10035, Sam's Club, USA-United States, 970 Hilton Heights Rd
-106.31597, 31.74815, Sam's Club, USA-United States, 11360 Pellicano Dr
-84.31340, 33.84091, Sam's Club: Vision Center, USA-United States, 2901 Clairmont Road Northeast, +1 4043252022
-96.83653, 32.92533, Sam's Club, USA-United States, 4150 Belt Line Rd
-118.18366, 33.76989, Sam's Club Members Only, USA-United States, Long Beach, +1 5624251885
-89.93139, 35.08298, Sam's Club: Pharmacy, USA-United States, 1805 Getwell, +1 9017432289
-86.92351, 36.10646, Sam's Club, USA-United States, Nashville
-76.83387, 41.25247, Sam's Club, USA-United States, 611 Lycoming Mall Circle
-94.06805, 33.46802, Sam's Club, USA-United States, I-30:220B 3610 St Michael Dr
-95.40242, 29.67866, Sam's Club Members Only: Optical, USA-United States, 1615 South Loop W, +1 7137962216
-77.42880, 39.02434, Sam's Club, USA-United States, 45425 Dulles Crossing Plaza, +1 5714348711
-88.12790, 30.66732, Sam's Club, USA-United States, I-65:5B 1100 S Beltline Hwy
-117.28653, 33.93569, Sam's Club Members Only: Store Information, USA-United States, 6363 Valley Springs Parkway, +1 9516534840
-79.54163, 43.61768, Sam's Club, USA-United States, 1604 The Queensway, +1 4162558251
-98.38452, 40.92255, Sam's Club, USA-United States, 1510 N Diers Ave
-105.08169, 39.63011, Sam's Club, USA-United States, 4827 S Wadsworth Way
-87.41599, 39.42044, Sam's Club, USA-United States, 4350 S US Hwy 41
-96.68527, 33.05635, Sam's Club, USA-United States, 1200 E Spring Creek Pky
-76.14642, 43.04101, Sam's Club-Members Only: Receiving Appointments, USA-United States, Syracuse, +1 3154494845
-82.52568, 27.45165, Sam's Club, USA-United States, 5033 30th St E, +1 9417392130
-77.60570, 43.16161, Sam's Club: Pharmacy, USA-United States, Rochester, +1 5854241840
-79.89924, 36.05570, Sam's Club: Bakery, USA-United States, 4418 W Wendover Ave, +1 3368525471
-89.93353, 38.59241, Sam's Club, USA-United States, 1350 W Hwy 50
-86.69112, 36.08608, Sam's Club: General Information, USA-United States, 1304 Antioch Pike, +1 6158349092
-80.70854, 35.13504, Sam's Club, USA-United States, Matthews
-112.03869, 33.49460, Sam's Club, USA-United States, 2005 E. Indian School Rd., +1 6029543894
-85.89320, 41.61815, Sam's Club, USA-United States, 4024 Elkhart Rd/Suite 1
-117.55817, 34.07654, Sam's Club, USA-United States, I-10:57 951 N Millikin Ave
-111.87636, 33.32412, Sam's Club, USA-United States, I-10:159 700 N 54th St
-95.54707, 29.96124, Sam's Club, USA-United States, 7950 FM 1960
-98.58820, 29.56425, Sam's Club, USA-United States, I-10:558 5565 Dezavala Rd
-97.33368, 31.14020, Sam's Club, USA-United States, 6201 NW H K Dodgen Loop
-81.74425, 30.19648, Sam's Club: Store Information, USA-United States, 6373 Youngerman Circle, +1 9045739702
-97.42828, 32.75778, Sam's Club: Pharmacy, USA-United States, 6760 Westworth Blvd, +1 8177639820
-93.49232, 45.12486, Sam's Club, USA-United States, 16701 94th Ave N, +1 7634165320
-86.92239, 36.10795, Sam's Club, USA-United States, 615 Old Hickory Bvd., +1 6153565545
-87.96552, 42.38541, Sam's Club, USA-United States, 6570 Grand Ave, +1 8478551130
-83.12294, 39.96386, Sam's Club, USA-United States, I-70:91 1755 Rome Hilliard Rd
-97.17052, 32.76357, Sam's Club, USA-United States, I-30:24 8351 Anderson Blvd
-83.21522, 42.21350, Sam's Club, USA-United States, 15700 Northline Rd., +1 7342850030
-84.21508, 33.46377, Sam's Club, USA-United States, I-75:221 1765 Jonesboro Rd
-93.14990, 44.84740, Sam's Club Members Only, USA-United States, 3035 Denmark Avenue, +1 6514050079
-117.91599, 33.99534, Sam's Club, USA-United States, 17835 E. Gale Ave., +1 6269122010
-76.62389, 39.29364, Sam's Club Member's Only: Vision Center, USA-United States, Baltimore, +1 4108373929
-85.53556, 38.21880, Sam's Club: Bakery, USA-United States, 1401 Alliant, +1 5022674557
-86.56615, 34.72567, Sam's Club: Pharmacy, USA-United States, Huntsville, +1 2568818084
-88.03215, 41.93221, Sam's Club, USA-United States, I-355:31 1006 Rohlwing Rd
-83.31682, 30.82296, Sam's Club, USA-United States, I-75:16 450 Norman Dr
-105.07887, 39.79097, Sam's Club, USA-United States, 7370 W. 52nd Ave., +1 3034208401
-105.08720, 39.62979, Sam's Club: Vision Center, USA-United States, 4827 S Wadsworth Way, +1 3039331058
-83.69440, 41.61784, Sam's Club, USA-United States, 1300 E. Mall Dr., +1 4198668366
-90.14362, 32.39598, Sam's Club, USA-United States, 6360 Ridgewood Ct. Dr., +1 6019770139
-93.01860, 45.03934, Sam's Club Members Only: Store, USA-United States, 1850 Buerkle Rd., +1 6517796532
-95.04171, 29.41118, Sam's Club, USA-United States, I-45:13 9200 Emmett F Lowry Expy
-73.07828, 41.21299, Sam's Club Pharmacy, USA-United States, Stratford
-111.84145, 33.28582, Sam's Club Members Only, USA-United States, 1375 S Arizona Ave, +1 4807269383
-76.24841, 36.76913, Sam's Club, USA-United States, I-64:290B 1501 Sam's Circle
-87.68211, 41.72265, Sam's Club, USA-United States, 9400 S. Western Ave., +1 7084227417
-97.04531, 32.71148, Sam's Club Members Only: Floral, USA-United States, 2625 W Pioneer Pkwy, +1 9726417121
-97.53919, 25.96513, Sam's Club, USA-United States, 3570 W. Alton Gloor, +1 9563506917
-75.63060, 40.02220, Sam's Club, USA-United States, 280 Indian Run St., +1 4848750469
-101.84396, 35.20513, Sam's Club: Pharmacy, USA-United States, Amarillo, +1 8063740622
-95.90463, 36.09942, Sam's Club Members Only: Pharmacy, USA-United States, 4420 S Sheridan, +1 9186100270
-112.23825, 33.65151, Sam's Club, USA-United States, 18501 North 83rd Avenue, +1 6238259257
-74.65420, 40.31272, Sam's Club, USA-United States, 301 Nassau Park Blvd
-74.96105, 40.08181, Sam's Club, USA-United States, I-95:35 1000 Franklin Mills Circle
-157.97234, 21.39471, Sam's Club-Members Only, USA-United States, 1000 Kamehameha Hwy # 100, +1 8084567788
-86.63831, 30.46094, Sam's Club, USA-United States, 740 N Beal Pky
-97.49836, 25.93551, Sam's Club, USA-United States, 1601 Price Rd
-112.07892, 33.45772, Sam's Club Members Only: Bakery, USA-United States, Phoenix, +1 6024397488
-117.28617, 33.93373, Sam's Club, USA-United States, I-215:29 6363 Valley Springs Pky
-88.00828, 43.15586, Sam's Club, USA-United States, 7701 W Calumet Rd
-96.91241, 32.86860, Sam's Club Members Only: Bakery, USA-United States, 1959 W Northwest, +1 9728692159
-74.95438, 40.01588, Sam's Club, USA-United States, 5011 Route 130, +1 8567647380
-75.92366, 40.41290, Sam's Club, USA-United States, 5314 Allentown Pike
-83.72724, 41.61970, Sam's Wholesale Club: Wal-Mart Connection Center, USA-United States, Holland, +1 4198665820
-99.50062, 27.51980, Sam's Club: Connection Center, USA-United States, Laredo, +1 9567227320
-84.34673, 33.55527, Sam's Club, USA-United States, 7325 Jonesboro Rd., +1 7709608228
-96.67443, 32.86785, Sam's Club Members Only: Optical, USA-United States, 12000 McCree, +1 2143421230
-117.83391, 33.69789, Sam's Club: General Information -Recording, USA-United States, 16555 Von Karman Ave, +1 9497562550
-85.76910, 38.32354, Sam's Club Members Only: Pharmacy, USA-United States, 1301 Veterans Pkwy, +1 8122180447
-97.45143, 32.74587, Sam's Club, USA-United States, 1451 S. Cherry Lane, +1 8172465502
-117.60386, 33.84190, Sam's Club, USA-United States, 1390 South Beach Blvd
-97.09492, 32.92959, Sam's Club: Store Information, USA-United States, 1701 West State Highway 114, +1 8174165434
-118.43758, 34.28988, Sam's Club: Receiving Appointments, USA-United States, San Fernando, +1 8183654597
-81.73988, 30.19420, Sam's Club, USA-United States, 6373 Youngerman Cir, +1 9043176696
-81.87194, 26.58513, Sam's Club, USA-United States, 5170 Cleveland Ave., +1 2399392442
-96.73335, 33.05919, Sam's Club Members Only: Vision Center, USA-United States, Plano, +1 9725095256
-97.24489, 37.74540, Sam's Club, USA-United States, 3415 N. Rock Rd., +1 3166346007
-78.64890, 35.75025, Sam's Club: General Information, USA-United States, 2537 S. Saunders St., +1 9198391700
-83.43517, 42.47353, Sam's Club, USA-United States, 24800 Haggerty Rd., +1 2484738266
-118.11817, 33.95688, Sam's Club, USA-United States, 7480 Carson Blvd
-81.29709, 41.71604, Sam's Club, USA-United States, 5600 Emerald Court, +1 4403527430
-93.27487, 44.77685, Sam's Club, USA-United States, I-35W:3 8201 Old Carriage Ct
-111.50171, 47.55395, Sam's Club, USA-United States, 401 N W Bypass
-97.17195, 32.76251, Sam's Club: General Information, USA-United States, 8351 Anderson Bvd., +1 8174594581
-82.34766, 34.83050, Sam's Club, USA-United States, 2111 Woodruff Rd
-111.94562, 43.48169, Sam's Club, USA-United States, 700 E 17th St
-97.45139, 32.74673, Sam's Club, USA-United States, I-30:7A 1451 S Cherry Ln
-74.29146, 40.24998, Sam's Club, USA-United States, 100 Trotters Way
-86.21581, 32.35637, Sam's Club, USA-United States, I-85:6 5730 Woodmere Blvd
-105.16557, 39.93671, Sam's Club, USA-United States, 550 S McCaslin Blvd
-71.42663, 42.72577, Sam's Club, USA-United States, 7 Wal-Mart Blvd
-118.29883, 33.87303, Sam's Club, USA-United States, 1399 Artesia Bvd., +1 3105325332
-75.14167, 40.15605, Sam's Club, USA-United States, 3925 Welsh Road, +1 2156574579
-149.81387, 61.21572, Sam's Club, USA-United States, 3651 Penland Pky
-86.09076, 42.80615, Sam's Club, USA-United States, 2190 N Park Dr
-78.89895, 33.71190, Sam's Club, USA-United States, 1946 10th Ave N
-83.70935, 32.81995, Sam's Club, USA-United States, I-475:3 4701 Log Cabin Dr
-105.06532, 40.52189, Sam's Club, USA-United States, 4700 Boardwalk Dr., +1 9702290797
-118.44901, 34.42620, Sam's Club, USA-United States, 26468 Carl Boyer Drive, +1 6612227408
-98.39185, 29.52954, Sam's Club, USA-United States, I-35:170A, 170 12349 I-35 N
-76.41496, 36.82922, Sam's Club, USA-United States, 2444 Chesapeake Square Ring Rd, +1 7574650082
-77.38858, 37.24849, Sam's Club-Members Only: General Information, USA-United States, 735 Southpark Blvd, +1 8045200508
-117.53816, 33.84593, Sam's Club, USA-United States, 1375 E Ontario Ave, +1 9515820319
-86.26075, 39.76440, Sam's Club: Store, USA-United States, 5805 Rockville Rd., +1 3172483577
-89.93135, 35.08168, Sam's Club, USA-United States, 1805 Getwell Rd., +1 9017436500
-86.96095, 35.89000, Sam's Club, USA-United States, I-65:68B 3070 Mallory Ln
-74.88972, 40.17267, Sam's Club, USA-United States, 1717 E Lincoln Hwy
-94.68189, 38.88381, Sam's Club, USA-United States, 8300 West 135th Street, +1 9134021405
-89.58770, 37.32560, Sam's Club, USA-United States, I-55:96 232 Shirley
-94.36451, 39.04687, Sam's Club, USA-United States, 4100 Bolger Drive, +1 8163501687
-123.13179, 44.05051, Sam's Place, USA-United States, 825 Wilson St, +1 5414844455
-73.76776, 42.75275, Sam's Club, USA-United States, I-87:6 579 Troy/Schenectady Rd
-118.29753, 33.89116, Sam's Club, USA-United States, I-405:38 1399 Artesia Blvd
-87.29383, 36.58794, Sam's Club, USA-United States, 2840 Wilma Rudolph Blvd
-79.73995, 43.60081, Sam's Club, USA-United States, Mississauga
-80.23346, 25.78148, Sam's Club: Pharmacy, USA-United States, Miami, +1 3054638475
-88.01026, 42.90759, Sam's Club-Members Only: Pharmacy, USA-United States, Franklin, +1 4143041255
-86.82032, 35.94348, Sam's Club, USA-United States, 3070 Mallory Lane, +1 6157781401
-95.61722, 29.92597, Sam's Club, USA-United States, Houston
-73.81465, 41.06566, Sam's Club, USA-United States, 332 Saw Mill River Rd, +1 9145923790
-80.13477, 39.47491, Sam's Club, USA-United States, 1 Tygart Valley Mall
-77.43873, 37.54315, Sam's Club-Members Only, USA-United States, Richmond, +1 8043460186
-94.57227, 39.16201, Sam's Club-Members Only: Pharmacy, USA-United States, Kansas City, +1 8164527401
-92.40718, 34.74702, Sam's Club, USA-United States, 900 S. Bowman Rd., +1 5012277119
-83.56365, 41.72141, Sam's Club, USA-United States, Toledo
-87.55888, 41.57503, Sam's Club, USA-United States, 17555 Torrence Ave., +1 7088951759
-76.89854, 38.63861, Sam's Club, USA-United States, 2635 Crain Hwy, +1 3016456116
-71.32806, 41.79426, Sam's Club, USA-United States, I-195:1 1098 Fall River Ave
-82.76709, 40.00366, Sam's Club, USA-United States, I-70:112 2675 Taylor Rd
-81.45172, 40.85111, Sam's Club, USA-United States, Canton, +1 3304977352
-76.64828, 39.43862, Sam's Club, USA-United States, 15 Texas Station Ct
-96.76182, 32.87109, Sam's Club, USA-United States, 8282 Park Lane
-82.45784, 27.94970, Sam's Club-Members Only: Pharmacy, USA-United States, Tampa, +1 8132694764
-93.61275, 42.00112, Sam's Club, USA-United States, 305 Airport Rd
-96.69039, 33.05694, Sam's Club: Bakery, USA-United States, 1200 E Spring Creek, +1 9725168523
-106.53221, 35.07648, Sam's Club Members Only: General Information, USA-United States, 300 Eubank Blvd NE, +1 5052985308
-85.19265, 35.02623, Sam's Club, USA-United States, I-75:4 6101 Lee Hwy
-86.65659, 34.73606, Sam's Club, USA-United States, 5651 Holmes Avenue, +1 2568377323
-111.98154, 41.10337, Sam's Club, USA-United States, I-15:334 1055 W Hillfield Rd
-87.85582, 42.70200, Sam's Club: General Information, USA-United States, 6200 Regency West Dr., +1 2625542052
-85.67086, 44.67183, Sam's Club, USA-United States, 2401 US 31 S
-93.79763, 32.41818, Sam's Club, USA-United States, 8810 Jewella
-80.25365, 26.24311, Sam's Club: Pharmacy, USA-United States, 950 N University, +1 9543451714
-82.19299, 41.39868, Sam's Club, USA-United States, I-90:145A 5225 Cobblestone Rd
-86.80956, 33.37444, Sam's Club: Pharmacy, USA-United States, 3053 John Hawkins, +1 2059820982
-121.25259, 38.73623, Sam's Club, USA-United States, 904 Pleasant Grove Blvd
-83.80207, 36.03204, Sam's Club, USA-United States, 2920 Knoxville Center Dr., +1 8656372582
-81.63319, 41.13568, Sam's Club, USA-United States, 3750-j West Market St., +1 3306655336
-77.62706, 43.07869, Sam's Club, USA-United States, 1600 Marketplace Dr., +1 5854278880
-81.07912, 31.98973, Sam's Club: Pharmacy, USA-United States, 1975 E Montgomery XRD, +1 9123528223
-111.89491, 33.62644, Sam's Club, USA-United States, 15255 N Northsight Blvd
-78.98340, 35.02570, Sam's Club, USA-United States, 1912 Skibo Rd
-97.36663, 32.74389, Sam's Club, USA-United States, 3400 Burnett Tandy Dr, +1 8178702771
-105.08318, 40.40531, Sam's Club: Receiving Appointments, USA-United States, 504 W Eisenhower, +1 9704612489
-84.45968, 39.28937, Sam's Club, USA-United States, 800 Kemper Commons Circle
-85.53408, 38.22220, Sam's Club, USA-United States, I-64:17 1401 Alliant Ave
-78.77812, 35.75264, Sam's Club: 1-Hour Photo, USA-United States, Cary, +1 9196779871
-104.79094, 38.93272, Sam's Club, USA-United States, 1850 E Woodman Rd
-96.86701, 32.64757, Sam's Club Members Only: Floral, USA-United States, 2900 W Wheatland, +1 9727091482
-84.31535, 34.04061, Sam's Club, USA-United States, 10600 Davis Dr
-78.96621, 35.06918, Sam's Club One Hour Photo, USA-United States, 1912 Skibo Rd, +1 9108642195
-89.89704, 35.18284, Sam's Club, USA-United States, 2150 Covington Pike
-75.10583, 40.17804, Sam's Club, USA-United States, 1001 S York Rd
-105.07786, 39.79108, Sam's Club: Pharmacy, USA-United States, 7370 W 52nd Ave, +1 3034207770
-97.41329, 32.68786, Sam's Club, USA-United States, I-20:431 4400 Bryant Irvin Rd
-72.54916, 41.80366, Sam's Club, USA-United States, 69 Pavilions Dr., +1 8606445593
-76.18506, 43.11472, Sam's Club: Pizza, USA-United States, Liverpool, +1 3156528732
-91.06503, 30.37943, Sam's Club: Floral, USA-United States, 10444 N Mall Dr, +1 2252926001
-83.48883, 33.94013, Sam's Club, USA-United States, 4365 Atlanta Hwy
-78.75376, 42.91374, Sam's Club, USA-United States, Buffalo
-95.55681, 29.78512, Sam's Club-Members Only: Store Information, USA-United States, 10488 Old Katy Road, +1 7134685146
-90.14061, 32.39870, Sam's Club, USA-United States, Ridgeland
-77.62809, 37.50357, Sam's Club, USA-United States, 901 Walmart Way, +1 8043787654
-86.69212, 36.08769, Sam's Club, USA-United States, I-24:56 1300 Antioch Pike
-81.55402, 28.55164, Sam's Club, USA-United States, 7810 W Colonial Dr
-95.22469, 29.48086, Sam's Club, USA-United States, 155 W El Dorado Blvd, +1 2812864471
-98.58096, 29.48946, Sam's Club, USA-United States, 5055 Loop 410 NW
-117.05758, 32.73774, Sam's Club, USA-United States, 6336 College Grove Way, +1 6198580084
-83.15108, 39.98667, Sam's Club Pharmacy, USA-United States, 1755 Hilliard Rome Rd, +1 6149211105
-93.71831, 41.59785, Sam's Club, USA-United States, 1101 73rd St, +1 5152552252
-87.74375, 41.84383, Sam's Club, USA-United States, 2601 S Cicero Ave
-76.21433, 36.85255, Sam's Club: Pharmacy, USA-United States, Norfolk, +1 7576310709
-117.55782, 34.07460, Sam's Club Members Only: Store Information, USA-United States, 951 N. Milliken Ave., +1 9094769259
-106.31514, 31.74709, Sam's Club, USA-United States, 11360 Pellicano Dr., +1 9155916688
-89.65215, 44.92054, Sam's Club, USA-United States, 4000 Rib Mountain Dr
-88.34035, 41.85949, Sam's Club, USA-United States, 501 N. Randall Road, +1 6307619100
-90.46887, 38.59936, Sam's Club Members Only: Receiving, USA-United States, 13455 Manchester Rd., +1 3148222870
-97.36543, 31.06347, Sam's Club, USA-United States, 1414 Marland Wood Rd
-76.50138, 39.33605, Sam's Club, USA-United States, 6410 Petrie Way, +1 4106862683
-82.52611, 27.44855, Sam's Club Members Only: Store Information, USA-United States, 5300 30th Street E, +1 9417392130
-89.65511, 40.77610, Sam's Club, USA-United States, 4100 W Willow/Knolls Dr
-90.26482, 30.01032, Sam's Club: Store Information, USA-United States, 455 31st. St., +1 5044679677
-80.24777, 25.99270, Sam's Club: Bakery, USA-United States, 1900 S University, +1 9544338738
-119.09222, 35.30228, Sam's Club, USA-United States, 5625 Gosford Rd., +1 6616548565
-95.51415, 29.73563, Sam's Club, USA-United States, 2827 Dunvale Rd., +1 7137803494
-97.03695, 32.67552, Sam's Club, USA-United States, 2325 W I 20, +1 9726603405
-88.85378, 35.66713, Sam's Club, USA-United States, I-40:80B 2120 Emporium Dr
-83.85907, 34.23376, Sam's Club, USA-United States, I-985:16 313 Frontage Rd
-117.71960, 34.00000, Sam's Club, USA-United States, 3951 Grand Ave
-95.56002, 29.78502, Sam's Club Foral, USA-United States, 10518 Old Katy Rd, +1 7136476277
-91.18608, 30.44938, Sam's Club: Pharmacy, USA-United States, Baton Rouge, +1 2252950914
-77.62756, 43.07972, Sam's Club, USA-United States, I-390:13 1600 Marketplace Dr
-86.04174, 39.92699, Sam's Club Floral, USA-United States, 7235 E 96th St, +1 3178419217
-87.70788, 42.03370, Sam's Club: General Info, USA-United States, 2450 Main Street, +1 8474919000
-76.62286, 39.29481, Sam's Club Member's Only: Pharmacy, USA-United States, 2601 Covington Dr, +1 4109628987
-97.61384, 35.45872, Sam's Club, USA-United States, I-40:144 5510 SW Fifth St
-84.19206, 39.84744, Sam's Club, USA-United States, 6955 Miller Road, +1 9374546200
-95.18788, 29.52239, Sam's Club, USA-United States, 155 W Eldorado Rd, +1 2812864471
-79.25269, 42.09814, Sam's Club, USA-United States, 720 Fairmont
-76.72113, 39.29071, Sam's Club, USA-United States, I-695:15 5702 Baltimore National Pike
-118.08734, 33.83132, Sam's Club Members Only: Bakery, USA-United States, 7480 Carson Blvd, +1 5624258355
-87.79415, 41.59840, Sam's Club, USA-United States, 16100 Harlem Ave., +1 7084296069
-89.76477, 35.20447, Sam's Club, USA-United States, I-40:18 8480 Hwy 64
-105.99263, 35.79546, Sam's Club, USA-United States, 4201 Rodeo Rd
-97.21795, 32.86013, Sam's Club: Vision, USA-United States, North Richland Hills, +1 8174283720
-84.42626, 39.17105, Sam's Club, USA-United States, Cincinatti
-118.08868, 33.83132, Sam's Club Members Only: Store Information, USA-United States, 7480 Carson Street, +1 5624250662
-80.08377, 42.05165, Sam's Club, USA-United States, I-90:24 7200 Peach St
-93.36406, 44.80786, Sam's Club Distribution Center, USA-United States, 6301 W Old Shakopee Rd # B, +1 9528850001
-97.36978, 37.70799, Sam's Club: Pharmacy, USA-United States, Wichita, +1 3169414427
-122.73202, 38.42901, Sam's Donuts, USA-United States, 1080 Sebastopol Rd, +1 7075754793
-97.53860, 25.96872, Sam's Club, USA-United States, Brownsville
-84.31713, 30.48752, Sam's Club, USA-United States, I-10:199 3221 N Monroe St
-119.15860, 34.22364, Sam's Club, USA-United States, 2401 No. Rose Ave., +1 8059832442
-102.14368, 31.95550, Sam's Club, USA-United States, 1500 N Tradewinds
-96.60895, 33.67609, Sam's Club, USA-United States, 3333 Hwy 75 N
-110.96855, 32.21533, Sam's Club: Pharmacy, USA-United States, Tucson, +1 5202920009
-84.94875, 32.52031, Sam's Club, USA-United States, 2801-a Airport Throughway, +1 7063222110
-104.82796, 39.69973, Sam's Club, USA-United States, 880 S. Abilene St., +1 3036951812
-96.67500, 32.86887, Sam's Club Members Only: Store Information, USA-United States, 12000 McCree Rd., +1 2143429810
-95.18284, 29.77004, Sam's Club Members Only: Optical, USA-United States, 13600 E. Freeway, +1 7134512553
-74.18040, 40.92789, Sam's Private Club, USA-United States, Paterson
-76.67311, 39.97527, Sam's Club, USA-United States, 2801 E. Market St., +1 7178400111
-84.49625, 38.04695, Sam's Club: Pharmacy, USA-United States, Lexington, +1 8592816615
-96.36950, 42.43170, Sam's Club, USA-United States, I-29:143 4201 S York St
-111.88889, 40.63263, Sam's Club, USA-United States, I-215:11 6525 S State St
-122.20656, 47.47418, Sam's Club, USA-United States, 901 S. Grady Way, +1 4257937443
-74.29862, 40.24394, Sam's Club, USA-United States, 320 W Main St, +1 7327808369
-97.12051, 31.58104, Sam's Club: Pharmacy Line, USA-United States, 2025 S Loop Dr 323, +1 9035971863
-112.11843, 33.64496, Sam's Club Members Only: Pharmacy, USA-United States, 17401 N Holmes, +1 6025480604
-80.44369, 27.63852, Sam's Club, USA-United States, 5565 20th St., +1 7729789385
-84.08044, 35.92578, Sam's Club, USA-United States, I-40:379A 8435 Walbrook Dr
-96.97507, 32.92050, Sam's Club, USA-United States, I-635:31 1213 Market Place Blvd
-83.99347, 34.08704, Sam's Club, USA-United States, I-85:115 3383 Buford Dr
-95.34125, 32.32767, Sam's Club, USA-United States, 2025 So. SW Loop 323, +1 9035972296
-97.61026, 38.78475, Sam's Club, USA-United States, I-135:89 2919 Market Pl
-97.75871, 30.20433, Sam's Club, USA-United States, 5107 I-35 S., +1 5124440363
-84.55991, 33.77282, Sam's Club, USA-United States, 150 Six Flags Dr, +1 7707390066
-90.33313, 38.62116, Sam's Club Members Only: Pharmacy, USA-United States, 2100 Maplewood Commons Dr, +1 3146447734
-84.60229, 39.18776, Sam's Club, USA-United States, 5375 North Bend Road, +1 5136610800
-97.04187, 32.71152, Sam's Club, USA-United States, 2625 W Highway 303, +1 9726417121
-78.58695, 35.84571, Sam's Club: General Information, USA-United States, 3001 Calvary Dr., +1 9198740112
-118.41644, 34.29431, Sam's Club, USA-United States, 12920 Foothill Blvd
-117.26401, 34.06569, Sam's Club, USA-United States, San Bernardino
-90.05248, 35.14968, Sam's Club: Pharmacy, USA-United States, Memphis, +1 9013849406
-93.67236, 41.62860, Sam's Club, USA-United States, I-235:3 1101 73rd St
-84.25933, 30.42856, Sam's Club, USA-United States, 3122 Dick Wilson Blvd., +1 8506715959
-118.41655, 34.29477, Sam's Club, USA-United States, 12920 Foothill Bvd., +1 8183657710
-98.42216, 34.61781, Sam's Club, USA-United States, 802 NW Sheridan Rd
-71.49742, 41.70243, Sam's Club, USA-United States, 10B 25 Pace Blvd
-83.67124, 41.65056, Sam's Club, USA-United States, 1300 E Mall Dr
-89.98633, 30.03558, Sam's Club, USA-United States, I-10:242 6921 Bundy Rd
-104.90112, 39.76585, Sam's Club, USA-United States, 7805 East 35th Avenue, +1 7209416180
-104.89942, 39.56225, Sam's Club, USA-United States, 7817 Park Meadows Dr
-96.85809, 46.86090, Sam's Club, USA-United States, I-94:348 4831 13th Ave SW
-80.91943, 40.09429, Sam's Club, USA-United States, 50555 Valley Plaza Dr
-80.33623, 25.78530, Sam's Club, USA-United States, 8425 NW 13th Terrace
-96.11463, 41.21286, Sam's Club: Pharmacy, USA-United States, 13130 L St, +1 4023343496
-117.26216, 34.06669, Sam's Club Members Only, USA-United States, 1055 E. Harriman, +1 9097961505
-82.32145, 29.65116, Sam's Club, USA-United States, 2801 NW 13th St
-76.87760, 40.25710, Sam's Club-Members Only: Sam's Bakery, USA-United States, Po Box 8051, +1 7175584206
-89.89621, 35.18415, Sam's Club: Bakery, USA-United States, 2150 Covington, +1 9013860911
-78.40930, 40.46210, Sam's Club, USA-United States, 2500 Plank Rd Commons
-96.79693, 33.09471, Sam's Club Members Only: Bakery, USA-United States, 8621 Ohio Dr, +1 4696330031
-79.95234, 40.87792, Sam's Club, USA-United States
-77.73528, 43.21541, Sam's Club: Vision Center, USA-United States, 3780 Ridge Rd W, +1 5852253820
-84.65242, 39.16611, Sam's Club Members Only: Optical, USA-United States, Cincinnati, +1 5136616410
-79.80025, 40.43258, Sam's Club, USA-United States, 3621 Willian Penn Hwy., +1 4128567162
-82.08784, 33.50142, Sam's Club, USA-United States, I-20:196B 596 Bobby Jones Expwy
-122.05387, 37.98062, Sam's Club, USA-United States, 1225 Concord Ave., +1 9256871400
-85.55966, 42.91254, Sam's Club-Members Only: Store, USA-United States, 4326 28th St. S.E., +1 6169422656
-86.62518, 33.59265, Sam's Club, USA-United States, 5940 Trussville Crossings Pky
-73.46643, 44.69946, Sam's Club, USA-United States, 7 Consumers Sq
-82.31697, 27.93757, Sam's Club-Members Only, USA-United States, 2021 Brandon Bvd. W., +1 8136858223
-96.68495, 32.79355, Sam's Club Members Only: Membership, USA-United States, 5555 South Buckner Blvd., +1 2143202824
-76.54917, 38.98843, Sam's Club, USA-United States, 2100 Generals Hwy., +1 4105731112
-82.67965, 34.55348, Sam's Club, USA-United States, 3812 Liberty Hwy, Suite 6
-77.26920, 38.63258, Sam's Club, USA-United States, Woodbridge, +1 7034912448
-81.25074, 37.24102, Sam's Club, USA-United States, 601 Commerce Dr
-117.82901, 34.11762, Sam's Club Members Only: General Information, USA-United States, 1301 Lone Hill Ave, +1 9093944556
-115.27343, 36.27020, Sam's Club: General Information, USA-United States, 8080 W. Tropical pkwy, +1 7025157200
-98.48443, 29.55958, Sam's Club-Members Only, USA-United States, 12919 San Pedro Ave., +1 2104969924
-98.24091, 26.21653, Sam's Club: Sam's Optical, USA-United States, McAllen, +1 9566180999
-106.62982, 35.10920, Sam's Club, USA-United States, 1421 North Renaissan Blvd NE, +1 5053440051
-115.27097, 36.27025, Sam's Club: Bakery, USA-United States, 8080 W Tropical, +1 7025157208
-96.99792, 32.83575, Sam's Club, USA-United States, 3521 Willow Creek
-83.76705, 43.00205, Sam's Club, USA-United States, 4373 Corunna Rd., +1 8102306700
-79.94474, 40.34767, Sam's Club, USA-United States, Pittsburgh
-79.94758, 40.34424, Sam's Club: Main, USA-United States, 2251 Century Drive, +1 4126538622
-111.88969, 40.63062, Sam's Club, USA-United States, 6525 S. State St., +1 8012626444
-92.17885, 46.80768, Sam's Club, USA-United States, 4743 Maple Grove Rd
-78.76901, 35.82918, Sam's Club: 1-Hour Photo, USA-United States, 1801 N Harrison Ave, +1 9196779871
-96.09892, 41.21618, Sam's Club, USA-United States, 11911 I St, +1 4026918624
-84.31370, 33.84153, Sam's Club, USA-United States, 2901 A Clairmont Road, +1 4043254000
-81.87209, 26.58408, Sam's Club, USA-United States, 5170 Cleveland Ave
-88.00040, 42.05130, Sam's Club Members Only, USA-United States, 1470 Golf Road, +1 8473571556
-84.18991, 39.62833, Sam's Club, USA-United States, 1111 Miamisburg Centerville Rd, +1 9374360299
-93.22014, 37.18015, Sam's Club: General Information, USA-United States, 3660 E. Sunshine Bvd., +1 4178824487
-157.85141, 21.31119, Sam's Club-Members Only: Sam's Cafe, USA-United States, Honolulu, +1 8089429036
-75.09958, 39.82399, Sam's Club, USA-United States, 1500 Almonesson Rd, +1 8562289469
-82.73482, 28.22184, Sam's Club, USA-United States, 4330 U.S. 19, +1 7278467300
-117.95457, 33.71437, Sam's Club Members Only: General Information, USA-United States, 17099 Brookhurst St, +1 7149689782
-85.69607, 38.15538, Sam's Club, USA-United States, 6622 Preston Hwy., +1 5029640379
-75.57429, 38.39267, Sam's Club, USA-United States, 2700 N Salisbury Blvd
-78.76747, 35.83023, Sam's Club, USA-United States, 1801 N. Harrison Ave., +1 9196770225
-94.72744, 38.95620, Sam's Club, USA-United States, I-35:224 12200 W 95th St
-111.96350, 40.63104, Sam's Club, USA-United States, 7571 S 3800 W
-83.63672, 42.92688, Sam's Club: Pharmacy, USA-United States, Grand Blanc, +1 8106039702
-87.74400, 41.84297, Sam's Club: Cicero, USA-United States, 2601 So. Cicero, +1 7086566256
-81.52724, 41.39018, Sam's Club Members Only: 1-Hour Photo, USA-United States, Bedford, +1 4402323452
-85.68982, 43.02942, Sam's Club-Members Only: Store, USA-United States, 3901 Alpine Ave., +1 6167850001
-86.21224, 32.36602, Sam's Club, USA-United States, 1080 Eastern Blvd, +1 3342720277
-96.91169, 32.86848, Sam's Club, USA-United States, I-35E:436 1959 W Northwest Hwy
-115.08667, 36.08726, Sam's Club: 1 Hour Photo, USA-United States, +1 7024566194
-87.55845, 41.57636, Sam's Club, USA-United States, I-94:161 17555 Torrence Ave
-86.68594, 36.30668, Sam's Club: Vision Center, USA-United States, 2240 Gallatin Rd N, +1 6158594051
-81.43614, 40.87973, Sam's Club Members Only: General Information, USA-United States, 4790 Portage Street, +1 3304975295
-83.33337, 42.64611, Sam's Club Membership Warehouse, USA-United States, 495 Summit Dr., +1 2487385400
-86.69276, 36.08827, Sam's Club-Vision Center, USA-United States, Nashville
-89.98122, 34.96003, Sam's Club, USA-United States, I-55:289 6823 Elmore Rd
-115.10099, 36.09694, Sam's Club: General Information, USA-United States, 5101 S. Pecos, +1 7024565596
-110.96997, 32.29040, Sam's Club, USA-United States, 4701 N Stone Ave
-101.94176, 33.55516, Sam's Club, USA-United States, 4303 W Loop 289
-80.75247, 41.21084, Sam's Club, USA-United States, 5555 Youngstown-Warren
-105.12055, 40.00020, Sam's Club, USA-United States, 9885 Baseline Rd, +1 3036656813
-81.14194, 32.05345, Sam's Club-Receiving Appointments, USA-United States, Savannah
-101.81726, 35.19244, Sam's Club, USA-United States, 2201 Ross-Osage Dr
-85.68060, 43.05077, Sam's Club-Members Only: Pharmacy, USA-United States, Comstock Park, +1 6166479302
-121.64378, 39.11389, Sam's Club, USA-United States, 900 S Walton Ave
-72.98704, 40.82590, Sam's Club, USA-United States, I-495:64 2950 Horse Block Rd
-93.71511, 32.43716, Sam's Club, USA-United States, 7400 Youree Drive, +1 3187982043
-78.96092, 35.96842, Sam's Club, USA-United States, 4005 Chapel Hill Blvd, +1 9194904671
-74.37154, 41.46001, Sam's Club, USA-United States
-84.30963, 33.80872, Sam's Club, USA-United States, 2901a Clairmont Rd
-106.50900, 35.07166, Sam's Club, USA-United States, 300 Eubank Bvd., +1 5052985308
-76.50670, 37.12166, Sam's Club, USA-United States, 12407 Jefferson Ave., +1 7578750243
-80.32794, 26.14574, Sam's Club: Store Information, USA-United States, 13550 W. Sunrise Bvd., +1 9548467001
-89.82580, 30.30825, Sam's Club: General Information, USA-United States, 181 Northshore Blvd, +1 9856411401
-75.02214, 39.71881, Sam's Club, USA-United States, 2080 N. Blackhorse Pike, +1 8568757836
-79.77335, 36.06824, Sam's Club: Pharmacy, USA-United States, Greensboro, +1 3368520997
-81.37286, 28.54225, Sam's Club: Pharmacy, USA-United States, Orlando, +1 4072821148
-81.63427, 41.13582, Sam's Club Members Only: Receiving, USA-United States, 3750 W Market St, +1 3306654760
-80.87977, 35.08274, Sam's Club, USA-United States, 11425 Carolina Place Pkwy / P.O. Box 159, +1 7045411234
-76.62770, 39.26776, Sam's Club, USA-United States, 2601 Port Covington
-112.24130, 33.46538, Sam's Club Members Only: 1-Hour Photo, USA-United States, 8340 W McDowell, +1 6239360658
-86.69584, 33.53358, Sam's Club, USA-United States, I-20:133 3900 Kilgore Memorial Dr
-97.24481, 37.74625, Sam's Club: Pharmacy, USA-United States, 3415 N Rock, +1 3166362009
-93.19838, 44.87910, Sam's Club Members Only: 1-Hour Photo, USA-United States, Saint Paul, +1 9524323891
-94.52493, 38.90012, Sam's Club-Members Only: Grandview, USA-United States, 12420 S. 71 Hwy., +1 8167650600
-88.12474, 41.51677, Sam's Club, USA-United States, 321 S. Larkin, +1 8157442525
-77.39020, 37.25221, Sam's Club, USA-United States, I-95:53 735 Southpark Blvd
-88.04916, 30.68929, Sam's Club: Pharmacy, USA-United States, Mobile, +1 2514796048
-87.94992, 42.92283, Sam's Club, USA-United States, 6705 S 27th St
-83.04187, 42.62512, Sam's Club, USA-United States, 45600 Utica Park Blvd
-106.38986, 31.77839, Sam's Club, USA-United States, I-10:25 7001 Gateway Blvd W
-90.32963, 38.61781, Sam's Club-Members Only: General Information, USA-United States, 2100 Maplewood Common Dr., +1 3146447791
-85.16189, 41.13856, Sam's Club Vision Center, USA-United States, 6736 Lima Rd, +1 2604979419
-84.16001, 39.74743, Sam's Club: Pharmacy, USA-United States, 3446 New Germany Trebein, +1 9374270879
-75.95970, 43.97547, Sam's Club, USA-United States, 21341 Sam's Dr
-87.95253, 42.15055, Sam's Club, USA-United States, 1055 McHenry Rd
-81.32416, 35.73694, Sam's Club, USA-United States, 2435 Hwy 70 SE
-75.16684, 39.94950, Sam's Club: Sam's Bakery, USA-United States, Philadelphia, +1 2156322906
-97.44003, 27.74498, Sam's Club-Members Only: General Information, USA-United States, 4949 Greenwood Dr., +1 3618570151
-76.64037, 39.45793, Sam's Club, USA-United States, 15 Texas Station Court, +1 4106286207
-95.55755, 29.78518, Sam's Club, USA-United States, I-10:755 10518 Old Katy Rd
-112.11992, 33.64354, Sam's Club, USA-United States, 17401 N. Holmes Bvd., +1 6024395328
-101.81649, 35.18970, Sam's Club, USA-United States, 2201 Ross-Osage Dr., +1 8063746653
-79.41461, 43.84092, Sam's Club, USA-United States, 255 Silver Linden Dr Richmond Hill, +1 9057099684
-118.02759, 34.09491, Sam's Club, USA-United States, 4901 N. Santa Anita Bvd., +1 6265750973
-84.06143, 35.92512, Sam's Club: Store Information, USA-United States, 8435 Walbrook Dr., +1 8656942168
-119.09224, 35.30432, Sam's Club Pharmacy, USA-United States, 5625 Gosford Rd, +1 6616548577
-88.00585, 43.15602, Sam's Club, USA-United States, 7701 West Calumet Rd., +1 4143653700
-117.82907, 34.11566, Sam's Club, USA-United States, 1301 S Lone Hill Ave
-101.85980, 33.58248, Sam's Club: Pharmacy, USA-United States, Lubbock, +1 8067852710
-86.21180, 39.91177, Sam's Club: Optical Shop, USA-United States, 3015 W 86th St, +1 3178722560
-117.77631, 33.72714, Sam's Club, USA-United States, Irvine, +1 9495539487
-96.62160, 32.92453, Sam's Club Members Only: Bakery, USA-United States, Garland, +1 9724969329
-95.54651, 29.96184, Sam's Club, USA-United States, 7950 F.M. 1960 West, +1 8322378269
-111.91565, 41.10837, Sam's Club: General Information, USA-United States, 1055 W. Hillfield, +1 8015465206
-85.68876, 30.18996, Sam's Club, USA-United States, 1707 W 23rd St
-94.57680, 39.18547, Sam's Club, USA-United States, I-29:1C 5110 N Oak Trafficway
-92.90524, 44.94522, Sam's Club Members Only: General Information, USA-United States, 9925 Hudson Road, +1 6517027970
-87.51991, 33.16807, Sam's Club, USA-United States, I-20/59:73 1401 Skyland Blvd E
-110.96999, 32.29089, Sam's Club, USA-United States, 4701 N Stone, +1 5204083449
-81.24929, 37.23949, Sam's Club, USA-United States, 601 Commerce Dr., +1 2763261583
-97.01076, 33.04611, Sam's Club, USA-United States, I-35E:452 751 W Main
-75.59911, 40.05630, Sam's Club, USA-United States, 2000 Value Dr, +1 7242741730
-77.63477, 37.48496, Sam's Club-Members Only: Main Store, USA-United States, 901 Whitten Pkwy, +1 8043787654
-97.44291, 25.91574, Sam's Club, USA-United States, 3570 Autinglore St, +1 9563506927
-88.97784, 42.26779, Sam's Club: Pharmacy, USA-United States, 7151 Walton St, +1 8153974291
-86.80796, 33.37497, Sam's Club, USA-United States, I-459:13 3053 John Hawkins Pky
-95.48199, 30.32911, Sam's Club, USA-United States, I-45:88 2000 Westview Blvd
-87.30420, 41.47412, Sam's Club, USA-United States, I-65:253A 3134 E 79th Ave
-76.73287, 39.28782, Sam's Club, USA-United States, 5702 Baltimore National Pike, +1 4107447174
-77.29439, 38.64654, Sam's Club, USA-United States, 14050 Worth Ave., +1 7034912662
-96.64605, 32.96226, Sam's Club Members Only: Pharmacy, USA-United States, 5150 N Garland Ave, +1 9725308496
-86.21362, 39.91169, Sam's Club: Store, USA-United States, 3015 W. 86th St, +1 3178717135
-121.95778, 38.36248, Sam's Club, USA-United States, 1500 Helen Power Dr., +1 7074490290
-122.34506, 47.72780, Sam's Club Lube Express, USA-United States, 13550 Aurora Ave N, +1 2063622505
-80.31001, 36.06303, Sam's Club, USA-United States, I-40:189 930 Hanes Mall Blvd
-93.30502, 37.21614, Sam's Club: Pharmacy, USA-United States, Springfield, +1 4178828245
-87.91086, 41.90669, Sam's Club: Store Information, USA-United States, 141 W. North Ave., +1 7085310807
-95.59706, 29.90243, Sam's Club, USA-United States, 12205 West Rd., +1 2819552071
-80.32743, 26.14580, Sam's Club: Pharmacy, USA-United States, 13550 W Sunrise, +1 9548469442
-73.81484, 41.06611, Sam's Club, USA-United States, 333 Saw Mill River Rd, +1 9145920023
-72.98341, 41.28098, Sam's Club, USA-United States, 2 Boston Road, +1 2037958100
-93.28198, 44.85934, Sam's Club-Members Only: General Information, USA-United States, 200 American Blvd W, +1 9528881050
-112.24687, 33.57727, Sam's Club Members Only: Pharmacy, USA-United States, Peoria, +1 6238259705
-86.44010, 35.84859, Sam's Club, USA-United States, 125 John R. Rice Blvd
-74.70063, 40.88304, Sam's Club, USA-United States, 81 International Drive, +1 9734488811
-95.42403, 29.99804, Sam's Club-Members Only: Optical, USA-United States, 325 E Richey Rd, +1 2818219403
-82.71077, 27.84284, Sam's Club: Pizza Orders, USA-United States, Pinellas Park, +1 7275478668
-90.23125, 32.28136, Sam's Club, USA-United States, I-55:103 6360 Ridgewood Court Dr
-93.20354, 44.73317, Sam's Club, USA-United States, 14940 Florence Trl
-86.80618, 33.51662, Sam's Club: Pharmacy, USA-United States, Birmingham, +1 2059410376
-96.75192, 32.93573, Sam's Club, USA-United States, 13739 N Central Expy, +1 9728520514
-83.87200, 36.03078, Sam's Club: Bakery, USA-United States, 2920 Knoxville Center, +1 8656376109
-95.18158, 29.77073, Sam's Club, USA-United States, I-10:780 13600 East Fwy
-82.91512, 42.52999, Sam's Club, USA-United States, 31720 Gratiot Ave., +1 5864159987
-88.18589, 43.03837, Sam's Club-Members Only: Waukesha, USA-United States, 600 N. Springdale Rd., +1 2627981490
-88.68475, 37.07713, Sam's Club, USA-United States, 5009 Hinkleville Rd
-97.00048, 32.72169, Sam's Club: Bakery, USA-United States, Grand Prairie, +1 9726603240
-96.95310, 32.88556, Sam's Club Members Only: 1-Hour Photo, USA-United States, Irving, +1 9724010535
-80.05352, 32.89773, Sam's Club, USA-United States, I-26:211B 6185 Rivers Ave
-149.81252, 61.21572, Sam's Club: Store Information, USA-United States, 3651 Penland Parkway, +1 9072762996
-77.40092, 37.25020, Sam's Club, USA-United States, 735 S. Park Bvd., +1 8045200508
-106.65940, 35.21098, Sam's Club Members Only: Pharmacy, USA-United States, 10600 Coors NW, +1 5059220847
-86.09130, 42.80709, Sam's Club, USA-United States, 2190 North Park Drive, +1 6163953190
-71.43983, 42.95911, Sam's Club, USA-United States, I-293:1 200 John E Devine Dr
-121.28631, 38.78384, Sam's Club: Members Only, USA-United States, 904 Pleasant Grove Blvd, +1 9167818160
-95.72571, 29.82935, Sam's Club, USA-United States, I-10:747 20424 Katy Fwy
-83.87409, 36.03181, Sam's Club: Pharmacy, USA-United States, 2920 N Mall Rd, +1 8656370643
-111.98142, 40.60942, Sam's Club, USA-United States, 7571 South 3800 West ?, +1 8012825600
-86.10635, 39.77382, Sam's Club Members Only: Bakery, USA-United States, Indianapolis, +1 3172483575
-97.14386, 31.55120, Sam's Club-Members Only: Bakery, USA-United States, Waco, +1 2547997013
-97.83257, 30.23673, Sam's Club, USA-United States, 4970 S Hwy 290W
-110.97050, 32.29229, Sam's Club, USA-United States, 4701 N. Stone Ave., +1 5202929789
-80.74222, 35.32446, Sam's Club, USA-United States, I-85:45A 8909 J W Clay Blvd
-76.73524, 39.31291, Sam's Club, USA-United States, 1718 Woodlawn Dr, +1 4102980667
-84.19179, 39.84818, Sam's Club, USA-United States, I-75:60 6955 Miller Rd
-84.45413, 38.03634, Sam's Club: Members Only, USA-United States, 1063 New Circle Rd. NE, +1 8592532885
-103.20178, 44.08026, Sam's Club, USA-United States, I-90:59 1020 Lacrosse St
-94.68307, 38.88393, Sam's Club, USA-United States, 8300 W 135th St
-95.46844, 29.72357, Sam's Club-Members Only: General Information, USA-United States, 5310 S. Rice Avenue, +1 8327789736
-80.69922, 32.20209, Sam's Club, USA-United States, 95 Mathews Dr
-82.50205, 28.10043, Sam's Club, USA-United States, 15835 N Dale Mabry Hwy
-119.81485, 39.52759, Sam's Club Members Only: Pharmacy, USA-United States, Reno, +1 7758297922
-76.88952, 38.64652, Sam's Club One Hour Photo, USA-United States, 2365 Crain Hwy, +1 3016326916
-91.21530, 43.87023, Sam's Club, USA-United States, 1211 Crossing Meadows Dr
-81.48964, 28.55209, Sam's Club: Pharmacy, USA-United States, 7810 W Colonial, +1 4075323134
-101.94233, 33.56836, Sam's Club, USA-United States, 4303 W. Loop 289, +1 8067937184
-81.12199, 35.25869, Sam's Club, USA-United States, I-85:22 3540 E Franklin Blvd
-83.28499, 42.71522, Sam's Club Members Only: General Information, USA-United States, 4350 Joslyn Road, +1 2483916910
-93.41482, 44.77980, Sam's Club, USA-United States, 8201 Old Carriage Court, +1 9524961979
-92.27470, 34.74567, Sam's Club-Members Only: Pharmacy, USA-United States, Little Rock, +1 5012190283
-76.25085, 36.76943, Sam's Club, USA-United States, 1501 Sam's Circle, +1 7574367119
-72.55129, 41.80346, Sam's Club, USA-United States, I-84:62 69 Pavilions Dr
-76.24218, 43.18529, Sam's Club: Store Information, USA-United States, 3895 Rt. #31, +1 3156528676
-122.62094, 45.53608, Sam's Hollywood Billiards, USA-United States, 1845 NE 41st Ave, +1 5032828266
-81.15572, 34.07417, Sam's Club, USA-United States, I-26:103 350 Harbison Blvd
-81.04664, 34.10501, Sam's Club, USA-United States, I-77:12 5426 Forest Dr
-85.69008, 43.03359, Sam's Club, USA-United States, 3901 Alpine Ave NW
-82.63846, 27.77234, Sam's Club: Pharmacy, USA-United States, Saint Petersburg, +1 7275476411
-79.80182, 40.43226, Sam's Club, USA-United States, 3621 William Penn Hwy
-93.14974, 44.84649, Sam's Club Members Only: Receiving Appointments, USA-United States, 3035 Denmark Ave, +1 6514050421
-94.73132, 32.50043, Sam's Club, USA-United States, 3310 N 4th St
-96.69148, 40.78808, Sam's Club, USA-United States, Lincoln, +1 4024383261
-117.18227, 33.55618, Sam's Club, USA-United States, 40500 Murrieta Hot Springs Rd., +1 9096964500
-84.07094, 40.72533, Sam's Club, USA-United States, I-75:124 1150 Greely Chapel Rd
-97.29524, 32.66560, Sam's Club, USA-United States, 2440 SE. Loop 820, +1 8172938041
-80.93146, 35.12961, Sam's Club, USA-United States, 1911 Continental Blvd, +1 7045885240
-76.54898, 38.98970, Sam's Club Pharmacy, USA-United States, 2100 Generals Hwy, +1 4102247669
-84.43057, 33.75742, Sam's Club, USA-United States, I-20:34 6995 Concourse Pky
-96.79707, 33.09427, Sam's Club Members Only: Floral, USA-United States, 8621 Ohio, +1 4696331035
-96.68878, 33.05698, Sam's Club: Store Information, USA-United States, 1200 E. Spring Creek Parkway, +1 9725168520
-117.88197, 33.86468, Sam's Club, USA-United States, 629 S Placentia Ave
-94.13343, 30.06391, Sam's Club, USA-United States, 1615 I-10 S
-85.14553, 35.02246, Sam's Club, USA-United States, Chattanooga, +1 4239541755
-90.05894, 29.89251, Sam's Club: Store Information, USA-United States, 1527 Manhattan Bvd., +1 5043613966
-84.45640, 42.26772, Sam's Club, USA-United States, I-94:137 3600 O'Neill Dr
-115.27656, 36.11334, Sam's Club: 1 Hour Photo, USA-United States, +1 7025157209
-78.62806, 35.77638, Sam's Club: Pharmacy, USA-United States, Raleigh, +1 9198334770
-93.26478, 45.11615, Sam's Club-Members Only Fridley Receiving Appointments, USA-United States, 8150 University Ave NE, +1 7637843490
-85.69689, 38.15638, Sam's Club: Bakery, USA-United States, 6622 Preston, +1 5029689845
-117.56769, 33.85602, Sam's Club, USA-United States, I-15:93 1375 E Ontario Ave
-81.97402, 28.10143, Sam's Club, USA-United States, I-4:32 4600 US 98 N
-95.42499, 29.99817, Sam's Club, USA-United States, I-45:64 325 E Richey Rd
-88.97830, 42.26818, Sam's Club, USA-United States, 7151 Walton St., +1 8153941212
-86.71724, 36.33705, Sam's Club Members Only, USA-United States, 3400 West Main St., +1 4053078374
-78.89970, 36.00004, Sam's Club: Receiving, USA-United States, Durham, +1 9194030031
-117.21754, 33.17084, Sam's Club: Sam's Club Members Only, USA-United States, 1900 University Drive, +1 7607321101
-97.51741, 25.93374, Sam's Club: Pharmacy, USA-United States, 3570 West Fm 3248, +1 9563509938
-86.17380, 41.71327, Sam's Club, USA-United States, 120 Indian Ridge Blvd
-90.52459, 38.78291, Sam's Club, USA-United States, I-70:227 2855 S Service Rd
-112.00073, 41.18445, Sam's Club, USA-United States, I-84:81 4949 S 900 W St
-80.60153, 35.48480, Sam's Club, USA-United States, 2421 Supercenter Drive Northeast, +1 7047929000
-84.45270, 38.03455, Sam's Club, USA-United States, 1063 New Circle Rd NE
-93.27716, 37.18207, Sam's Club, USA-United States, 3660 E Sunshine Blvd
-84.42467, 39.16216, Sam's Club Members Only: General Info, USA-United States, 4825 Marburg Ave # C, +1 5136314732
-83.10644, 42.52030, Sam's Club Members Only: General Information, USA-United States, 31020 John R Road, +1 2485891208
-87.21731, 30.48045, Sam's Club, USA-United States, 1250 Airport Blvd
-81.51317, 41.36928, Sam's Club, USA-United States, I-271:23 23300 Broadway Ave
-80.06332, 40.41422, Sam's Club, USA-United States, 249 Summit Park Dr
-98.20971, 26.19125, Sam's Club, USA-United States, 1400 E. Jackson, +1 9566183363
-104.98198, 39.87043, Sam's Club, USA-United States, 9601 Grant Street ?, +1 3034534945
-95.36758, 29.75525, Sam's Club Members, USA-United States, Houston, +1 7135322063
-81.45465, 40.87779, Sam's Club, USA-United States, I-77:111 4790 Portage St
-94.68284, 38.99383, Sam's Club-Members Only: 1-Hour Photo, USA-United States, Overland Park, +1 9138942335
-85.56070, 42.91233, Sam's Club, USA-United States, I-96:43B 4326 28th St SE
-94.57661, 39.18618, Sam's Club-Members Only: General Information, USA-United States, 5110 N. Oak Trafficway, +1 8164520005
-93.62060, 42.05168, Sam's Club Members Only: Pharmacy, USA-United States, 3015 Grand Ave, +1 5152331736
-82.15320, 27.01044, Sam's Club, USA-United States, 17700 Murdock Circle
-98.58609, 29.48779, Sam's Club-Members Only: General Information, USA-United States, 5055 NW Loop 410, +1 2106809425
-117.18652, 34.03856, Sam's Club Members Only: Vision Center, USA-United States, Redlands, +1 9097961589
-69.78961, 44.34185, Sam's Club, USA-United States, 31 45 Marketplace Dr
-115.29068, 36.14128, Sam's Club: 1 Hour Photo, USA-United States, +1 7022471143
-78.77107, 35.82210, Sam's Club, USA-United States, I-40:287 1801 Harrison Ave
-74.88908, 40.17356, Sam's Club, USA-United States, 1717 E. Lincoln Hwy., +1 2159496501
-90.64907, 38.64021, Sam's Club, USA-United States, I-64:17 196 THF Blvd
-95.67797, 39.05570, Sam's Club Members Only: 1-Hour Photo, USA-United States, Topeka, +1 7852289984
-74.43985, 39.36394, Sam's Club, USA-United States, 1025 W Black Horse Pike
-119.79702, 39.47676, Sam's Club, USA-United States, 6490 S Mccarran Blvd, +1 7758291145
-111.91240, 33.52155, Sam's Club Members Only: Pharmacy, USA-United States, Scottsdale, +1 4809988302
-95.45231, 30.18123, Sam's Club, USA-United States, I-45:77, 76 19091 Interstate 45 S
-116.50735, 43.60490, Sam's Club Members Only: Bakery, USA-United States, 5725 E Franklin Rd, +1 2084428139
-90.07461, 29.95676, Sam's Club: Vision Ctr, USA-United States, New Orleans, +1 5042631338
-83.35281, 42.52584, Sam's Club, USA-United States, 32625 Northwestern Highway, +1 2485393066
-93.08116, 44.96773, Sam's Club Members Only: Pharmacy, USA-United States, Saint Paul, +1 6517796710
-84.08859, 33.69691, Sam's Club, USA-United States, 2994 Turner Hill Road, +1 7704822077
-98.56972, 29.50422, Sam's Club, USA-United States, 5055 Loop 410 NW, +1 2106809426
-76.00284, 42.09623, Sam's Club, USA-United States, 2441 Vestal Pky E
-76.48555, 39.33537, Sam's Club, USA-United States, 6410 Petrie Way Rd, +1 4106862683
-118.33046, 33.80236, Sam's Club, USA-United States, 2601 Skypark Dr., +1 3105340134
-97.74315, 30.39014, Sam's Club: Pharmacy, USA-United States, 9700 N Capital of Texas, +1 5123499753
-86.68540, 36.30607, Sam's Club, USA-United States, 2240 Gallatin Pike North, +1 6158592023
-89.38359, 43.07726, Sam's Club: Bakery, USA-United States, Madison, +1 6082787286
-80.06633, 26.57210, Sam's Club: Bakery, USA-United States, 7233 Seacrest, +1 5615474007
-87.89904, 43.04692, Sam's Club-Members Only: Receiving Appointments, USA-United States, Milwaukee, +1 2627981513
-72.99333, 40.82719, Sam's Club, USA-United States, 2950 Horse Bock Road, +1 6314470227
-83.14374, 39.98224, Sam's Club Members Only, USA-United States, 5252 Westpointe Plaza Dr, +1 6145271584
-93.74449, 32.49789, Sam's Club: Pharmacy, USA-United States, Shreveport, +1 3187980566
-104.98755, 39.70099, Sam's Club, USA-United States, I-25:207A 505 S Broadway
-77.26037, 38.68169, Sam's Club: Receiving Appointments, USA-United States, Occoquan, +1 7034912776
-74.40182, 40.45837, Sam's Club-Members Only: Main Store, USA-United States, 290 Highway 18, +1 7326136500
-80.87857, 35.07779, Sam's Club, USA-United States, I-485:64B 11425 Carolina Pky
-121.11883, 38.64629, Sam's Club Members Only, USA-United States, 2495 Iron Point Road #11, +1 9168178965
-98.20678, 26.19066, Sam's Club, USA-United States, 1400 E Jackson
-81.54810, 41.09882, Sam's Club, USA-United States, 3750-J W Market St
-87.94299, 42.23273, Sam's Club, USA-United States, 335 North Milwaukee Ave., +1 8479559260
-85.42854, 31.24516, Sam's Club, USA-United States, 3440 Ross Clark Circle NW
-94.37239, 39.05204, Sam's Club, USA-United States, Kansas City
-91.68016, 42.03471, Sam's Club-Members Only: General Information, USA-United States, 2605 Bairs Ferry NE, +1 3193937746
-98.54833, 29.35735, Sam's Club Members Only: Pizza, USA-United States, 3150 SW Military, +1 2109271801
-111.98057, 40.61377, Sam's Club-Members Only: Vision Center, USA-United States, 7571 Campus View Dr, +1 8012825682
-82.46242, 42.96929, Sam's Club, USA-United States, I-69:199 1237 32nd St
-94.47796, 37.04945, Sam's Club, USA-United States, 3536 Hammons Blvd
-79.95159, 40.87797, Sam's Club, USA-United States, 200 Moraine Pointe Plaza, +1 7242823525
-79.01751, 35.05792, Sam's Club: 1 Hour Photo, USA-United States, +1 9108648089
-74.72369, 40.90112, Sam's Club, USA-United States, 81 International Dr S
-80.59316, 35.46407, Sam's Club, USA-United States, 2421 Supercenter Dr NE, +1 7047929000
-77.55545, 37.63889, Sam's Club Pharmacy, USA-United States, 9440 W. Broad St., +1 8047479160
-84.46829, 39.13881, Sam's Club Members Only: Vision Ctr, USA-United States, Cincinnati, +1 5136312401
-95.57822, 29.64274, Sam's Club, USA-United States, 12300 Southwest Fwy
-117.21813, 33.17068, Sam's Club, USA-United States, 1900 University Dr
-73.82499, 41.04447, Sam's Club, USA-United States, I-287:2 333 Sawmill River Rd
-97.41358, 37.67330, Sam's Club, USA-United States, I-235:7B 6200 W Kellogg
-84.29816, 39.29010, Sam's Club, USA-United States, 9570 Fields Ertel Rd
-111.29655, 40.76049, Sam's Club, USA-United States, 1313 University Ave
-86.58624, 34.76976, Sam's Club, USA-United States, 3418 Memorial Parkway NW, +1 2568528791
-111.87186, 33.32115, Sam's Club Members Only: Pharmacy, USA-United States, Chandler, +1 4807269762
-106.47979, 31.76017, Sam's Club Store, USA-United States, El Paso, +1 9155876649
-88.30752, 42.22634, Sam's Club, USA-United States, 5670 Northwest Hwy
-77.93928, 35.38406, Sam's Club, USA-United States, 2811 North Park Dr
-92.35452, 42.45638, Sam's Club, USA-United States, 210 E Tower Park Dr
-89.70811, 39.77348, Sam's Club, USA-United States, 2300 White Oaks Dr
-84.95239, 32.51980, Sam's Club, USA-United States, I-185:8 2801-A Airport Thruway
-77.54197, 37.57475, Sam's Club-Members Only, USA-United States, University of Richmo, +1 8042736624
-111.96785, 33.31435, Sam's Club Members Only: Store Information, USA-United States, 700 N. 54th St., +1 4808931555
-77.87529, 34.23336, Sam's Club, USA-United States, 412 S College Rd
-82.08390, 41.41979, Sam's Club, USA-United States, 5225 Cobblestone Rd, +1 4409347567
-89.42399, 31.31725, Sam's Club, USA-United States, 6080 US Hwy 98
-96.68871, 43.53443, Sam's Club-Members Only: Receiving Appointments, USA-United States, Sioux Falls, +1 6053620219
-83.09845, 42.52000, Sam's Club, USA-United States, I-75:65B 800 E 14 Mile Rd
-83.97417, 43.48938, Sam's Club, USA-United States, 5656 Bay Rd
-89.50465, 43.05037, Sam's Club, USA-United States, 7050 Watts Rd., +1 6082732146
-96.68476, 32.79422, Sam's Club Members Only: Floral Department, USA-United States, 5555 S Buckner, +1 2143208860
-76.85670, 38.91726, Sam's Club, USA-United States, 8511 Landover Rd
-85.15503, 41.12500, Sam's Club, USA-United States, I-69:111B 6610 Lima Rd
-149.87715, 61.21042, Sam's Club: Pharmacy, USA-United States, Anchorage, +1 9076440880
-96.90991, 32.86785, Sam's Club, USA-United States, 1959 West NW Highway, +1 9725560833
-86.21503, 32.35662, Sam's Club, USA-United States, 5730 Woodmere Bvd., +1 3342720277
-93.91064, 44.16675, Sam's Club, USA-United States, 1831 Madison Ave
-76.49374, 39.34062, Sam's Club, USA-United States, I-695:35B 6410 Petrie Way
-117.22044, 33.88508, Sam's Club Members Only: Vision Center, USA-United States, Moreno Valley, +1 9516531468
-115.28912, 36.12598, Sam's Club, USA-United States, 7175 Spring Mtn Rd
-90.47028, 38.59750, Sam's Club Members Only: Pharmacy, USA-United States, 13455 Manchester, +1 3148222006
-87.68211, 41.72173, Sam's Club, USA-United States, 9400 S Western Ave
-82.58128, 35.58885, Sam's Club, USA-United States, 645 Patton Ave
-71.49663, 41.70250, Sam's Club, USA-United States, 25 Pace Bvd., +1 4018237070
-94.71720, 31.34027, Sam's Club, USA-United States, 400 N Timberland Dr
-96.79690, 33.09680, Sam's Club, USA-United States, 8621 Ohio Drive, +1 4696330026
-86.07319, 39.92705, Sam's Club Members Only, USA-United States, 7235 E. 96th Street, +1 3175851619
-80.22167, 40.18332, Sam's Club, USA-United States, 80 Trinity Point Dr., +1 7242293500
-96.96193, 32.91803, Sam's Club Members Only: Florist, USA-United States, 1213 Market, +1 9725562813
-121.38600, 38.61026, Sam's Club Connection Center, USA-United States, 3360 El Camino Ave, +1 9164826302
-84.51919, 33.94830, Sam's Club, USA-United States, 150 S. Cobb Prkwy., +1 7704237018
-81.56685, 41.12467, Sam's Club-Members Only: Connection Center, USA-United States, Akron, +1 3306668973
-96.86793, 32.64744, Sam's Club, USA-United States, I-20:465 2900 Wheatland Rd
-95.22135, 29.61285, Sam's Club, USA-United States, 11101 Fuqua St., +1 7139418484
-106.64847, 35.20147, Sam's Club, USA-United States, 10600 Coors Bypass, +1 5059220046
-97.10758, 31.58516, Sam's Club, USA-United States, 2301 E. Waco Dr., +1 2547992408
-86.10491, 40.47657, Sam's Club, USA-United States, 1917 E Markland Ave
-96.68181, 40.86013, Sam's Club: Pizza, USA-United States, 4900 N 27th, +1 4024384265
-82.50523, 27.99212, Sam's Club, USA-United States, 5135 N Dale Mabry Hwy
-97.41157, 35.43508, Sam's Club, USA-United States, I-40:157A, 157B 6521 SE 29th St
-95.59771, 29.90195, Sam's Club, USA-United States, 12205 West Rd
-79.50502, 40.30227, Sam's Club, USA-United States, 6211 Route 30, +1 7248507498
-83.43265, 42.32312, Sam's Club, USA-United States, 39800 Ford Road, +1 7349814460
-80.68689, 28.07886, Sam's Club, USA-United States, I-95:180 4255W New Haven Ave
-95.43062, 30.04382, Sam's Club, USA-United States, 19091 Interstate 45 N, +1 9362711831
-95.64428, 29.60997, Sam's Club, USA-United States, 351 Highway 6, +1 2812952525
-157.84431, 21.29894, Sam's Club-Members Only: Vision Center, USA-United States, 750 Keeaumoku St, +1 8084540422
-83.64689, 42.94164, Sam's Club, USA-United States, 6160 South Saginaw Road, +1 8106039554
-76.49603, 39.29936, Sam's Club, USA-United States, Baltimore
-91.10888, 30.47154, Sam's Club, USA-United States, 7685 Airline Hwy
-106.57535, 31.84046, Sam's Club, USA-United States, 7970 N. Mesa, +1 9155852433
-79.53211, 43.79480, Sam's Club, USA-CDN-Vaughan
-87.51898, 33.16841, Sam's Club: 1-Hour Photo, USA-United States, 1401 Skyland E, +1 2057500186
-77.62661, 37.50364, Sam's Club, USA-United States, 901 Wal-Mart Way
-97.74358, 30.26989, Sam's Club-Members Only: Pharmacy, USA-United States, 130 Sundance Pkwy, +1 5128280557
-82.58729, 38.47608, Sam's Club, USA-United States, 432 Private Drive 288
-84.21300, 33.18863, Sam's Club, USA-United States, 7325 Jonesboro Rd
-80.08432, 40.54761, Sam's Club, USA-United States, 289 Mount Nebo Rd, +1 4123641572
-118.33138, 33.80267, Sam's Club Pharmacy, USA-United States, 2601 Skypark Dr, +1 3105170843
-83.67953, 42.20924, Sam's Club Members Only, USA-United States, 5450 Carpenter Rd., +1 7344341326
-88.12614, 30.67773, Sam's Club: Connection Center, USA-United States, 601 E I65 Service Rd S, +1 2514799887
