-98.39821, 29.50526, Toys R Us, USA-United States, 7730 N Panam Expy, +1 2106530889
-117.79442, 33.72441, Toys R Us, USA-United States, 2882 El Camino Real, +1 7148384237
-95.88636, 36.06390, Toys R Us, USA-United States, 6910 S. Memorial Drive, +1 9182522997
-80.00980, 40.53607, Toys R Us, USA-United States, 2003 Cheryl Dr., +1 4123644062
-105.05927, 39.85622, Toys R Us, USA-Westminster, 5650 West 88th Ave., +1 3034268697
-119.78799, 39.47943, Toys R Us, USA-United States, 5000 Smithridge Dr, +1 7758278697
-82.98777, 40.06105, Toys R Us, USA-United States, 1265 Morse Rd., +1 6142683586
-86.80944, 33.51980, Toys R Us Shopping Center, USA-Hoover, Patton Creek Hoover, +1 2057338238
-71.05302, 42.09999, Toys R Us, USA-United States, 105 Campanelli Industrial Drive, +1 5085848697
-76.15542, 43.16631, Toys R Us, USA-United States, Great Northern Mall, +1 3156528697
-95.14584, 29.53878, Toys R Us, USA-United States, 1449 W Bay Area Blvd, +1 2813382915
-118.87617, 34.18084, Toys R Us, USA-United States, 179 N. Moorpark Road, +1 8054964981
-85.24073, 35.12503, Toys R Us, USA-United States, 5230 Highway 153, +1 4238771801
-73.98575, 40.75737, Toys R Us, USA-United States
-76.61342, 39.19215, Toys R Us, USA-United States, 6711 Ritchie Highway, +1 4107684050
-76.42341, 37.02951, Toys R Us, USA-United States
-72.72736, 41.65243, Toys R Us, USA-United States, 3491 Berlin Turnpike, +1 8606673434
-121.65571, 36.71688, Toys R Us, USA-United States, 370 Northridge Center, +1 8314434455
-85.62584, 38.25046, Toys R Us, USA-United States, 4900 Shelbyville Rd, +1 5028961243
-81.11468, 32.00923, Toys R Us, USA-United States, 7400 Abercorn St., +1 9123545222
-80.23547, 40.18343, Toys R Us, USA-United States, 301 Oakspring Road, +1 7242238552
-75.06487, 40.05080, Toys R Us, USA-United States, 2045 Cottman Ave., +1 2157428090
-97.36217, 27.70927, Toys R Us, USA-United States, 1220 Airline Road, +1 3619922429
-82.14464, 27.01209, Toys R Us, USA-United States, 1381 Tamiami Tr., +1 9416299688
-119.69034, 36.80867, Toys R Us, USA-United States, 1425 Shaw Ave., +1 5593220279
-117.08841, 32.66012, Toys R Us, USA-United States, 1100 E 30th St, +1 6194778383
-122.19380, 47.61072, Toys R Us, USA-United States, 103 110th Avenue NE, +1 4254531901
-96.88031, 32.66207, Toys R Us, USA-United States, 3777 W. Camp Wisdom Rd., +1 9722965936
-71.83724, 42.20339, Toys R Us, USA-United States, 416 Southbridge St., +1 5088329598
-118.09226, 33.85827, Toys R Us, USA-United States, 11340 E. South St., +1 5629243419
-122.26830, 47.83042, Toys R Us, USA-United States, 18601 Alderwood Mall Pkwy., +1 4257714748
-118.15502, 34.67519, Toys R Us, USA-United States, 1335 West Avenue K, +1 6619497880
-73.91161, 40.59979, Toys R Us, USA-United States, 2875 Flatbush Ave., +1 7182528697
-82.10610, 41.39473, Toys R Us, USA-United States, 1601 West River Road North, +1 4403242123
-73.48314, 41.37792, Toys R Us, USA-United States, 17 Backus Avenue, +1 2037789913
-80.38437, 25.68705, Toys R Us, USA-United States, 8789 S.W. 117 Ave., +1 3052739311
-96.91753, 32.93400, Toys R Us, USA-United States, 2029 Mckenzie Dr, +1 9724883360
-77.04929, 39.03542, Toys R Us, USA-United States
-87.80711, 41.85009, Toys R Us, USA-United States, 7451 W. Cermak Rd., +1 7084425155
-87.62537, 41.73292, Toys R Us, USA-United States, 8900 S Lafayette Ave, +1 7738462600
-87.73656, 41.50599, Toys R Us, USA-United States, 5001 Lincoln Highway, +1 7087484383
-118.48228, 34.20109, Toys R Us, USA-United States, 16040 Sherman Way, +1 8187805115
-95.53902, 29.96566, Toys R Us, USA-United States, 7325 FM 1960 Rd W, +1 8177840843
-72.91693, 41.37305, Toys R Us, USA-United States, 2300 Dixwell Ave., +1 2034078697
-81.15465, 35.26225, Toys R Us, USA-United States, 1467 E. Franklin, +1 7048682830
-88.01963, 41.83433, Toys R Us, USA-United States, 1434 Butterfield Rd., +1 6306292200
-83.68700, 42.25528, Toys R Us, USA-United States, 3725 Washtenaw, +1 7349732850
-93.45855, 44.97265, Toys R Us Retail Stores, USA-United States, 14100 Wayzata Blvd., +1 7635251697
-74.44813, 40.87757, Toys R Us, USA-United States, 61 Walsh Dr, +1 9732631798
-74.40783, 40.64767, Toys R Us, USA-United States, 1701 US Highway 22 # 45, +1 9083226065
-97.18118, 31.51860, Toys R Us, USA-United States, 5200 W. Waco Drive, +1 2547721556
-95.41154, 29.92788, Toys R Us, USA-United States
-81.74342, 41.38034, Toys R Us, USA-United States, 8515 Day Drive, +1 4408888697
-75.10782, 39.84854, Toys R Us, USA-United States, 1430 Almonesson Rd, +1 8568489484
-85.98909, 39.77501, Toys R Us, USA-United States, 10030 E Washington St, +1 3178970320
-117.92425, 33.86097, Toys R Us, USA-United States, 1100 S Harbor Blvd, +1 7144474995
-149.87979, 61.14294, Toys R Us, USA-United States, 8600 King St., +1 9073448697
-89.30089, 43.12629, Toys R Us, USA-United States, 2161 Zeier Rd, +1 6082460555
-74.40564, 40.46515, Toys R Us, USA-United States, 233 Highway 18, +1 7322464700
-84.34058, 33.57134, Toys R Us, USA-United States, 1496 Mt. Zion Blvd., +1 7709611331
-88.16065, 41.57552, Toys R Us, USA-United States, 3128 Voyager Lane, +1 8154391009
-98.23382, 26.18911, Toys R Us, USA-United States, 1101 W. Expressway 83, +1 9566828697
-77.39349, 38.85708, Toys R Us, USA-United States, 13035 Fair Lakes Shopping Plaza, +1 7038031051
-74.30865, 40.55711, Toys R Us, USA-United States, US Highway 1 & Gill Ln, +1 7326362723
-122.26245, 47.45355, Toys R Us, USA-United States, 16700 S. Center Pkwy., +1 2065750780
-80.25471, 26.23955, Toys R Us, USA-United States
-117.91452, 33.79306, Toys R Us, USA-United States
-96.88151, 32.82104, Toys R Us, USA-United States, 8617 Ambassador Row, +1 2146377994
-84.27477, 39.10050, Toys R Us, USA-United States, 4585 Eastgate Blvd., +1 5137526811
-116.28153, 43.60570, Toys R Us, USA-United States, 131 N. Milwaukee St., +1 2083221915
-118.09238, 34.03301, Toys R Us, USA-United States, 1445 N Montebello Blvd, +1 3237241399
-96.13663, 41.22765, Toys R Us, USA-United States, 3435 Oakview Drive, +1 4026979970
-87.62809, 41.88192, Toys R Us, USA-United States
-87.94960, 42.24042, Toys R Us, USA-United States, 555 E Townline Rd, +1 8473670029
-117.34216, 34.47698, Toys R Us, USA-United States, 12450 Amargosa Rd., +1 7609512955
-76.77586, 39.29333, Toys R Us, USA-United States, 6600 Baltimore National Pike, +1 4107886678
-79.39866, 43.70721, Toys R Us, USA-United States
-84.38027, 39.19898, Toys R Us, USA-United States, 7800 Montgomery Road, +1 5137918697
-111.98406, 41.08421, Toys R Us, USA-United States, 1780 Woodland Park Drive, +1 8017799900
-87.52616, 33.18541, Toys R Us, USA-United States, 2600 McFarland Blvd. East, +1 2053919400
-73.29884, 41.13824, Toys R Us, USA-United States, 1850 Post Road, +1 2032561589
-85.14679, 41.11501, Toys R Us, USA-United States, 4122 Northrupp, +1 2604845420
-118.16796, 33.80633, Toys R Us, USA-United States, 2701 Cherry Ave, +1 5624268697
-122.32183, 37.57163, Toys R Us, USA-United States
-71.47357, 41.71641, Toys R Us, USA-United States, 375 East Ave., +1 4018213872
-112.11987, 33.56756, Toys R Us, USA-United States, 2820 W. Dunlap Ave., +1 6028709240
-77.39839, 39.02697, Toys R Us, USA-United States, 46300 Unit 100 Potomac Run Plaza, +1 7034048697
-77.62908, 43.08167, Toys R Us, USA-United States, 654 Hylan Dr, +1 5852728697
-75.34669, 39.91376, Toys R Us, USA-United States, 1154 Baltimore Pike, +1 6105660100
-111.88888, 40.64099, Toys R Us, USA-United States, 5968 South State St., +1 8012618697
-81.36492, 41.65993, Toys R Us, USA-United States, 7723 Mentor Ave., +1 4409538697
-83.66461, 41.59785, Toys R Us, USA-United States, 2333 S. Reynolds, +1 4193829990
-121.44125, 38.49476, Toys R Us, USA-United States, 7224 55th St, +1 9163910957
-90.62255, 38.79656, Toys R Us, USA-United States, 5821 Suemandy Rd, +1 6363975000
-105.07643, 40.53469, Toys R Us, USA-United States, 120 Bockman Drive, +1 9702265131
-80.25565, 26.12090, Toys R Us, USA-United States, 8101 Broward Blvd., +1 9544741404
-78.82117, 42.98085, Toys R Us, USA-United States, 3030 Sheridan Dr., +1 7168374350
-90.40243, 38.73347, Toys R Us, USA-United States
-73.85531, 40.93737, Toys R Us, USA-United States, 1000 Central Park Ave., +1 9144237070
-74.25726, 40.69331, Toys R Us, USA-United States, 1701 Morris Ave., +1 9088519695
-118.00287, 33.73011, Toys R Us, USA-United States, 7212 Edinger Ave., +1 7148486357
-106.56297, 35.10188, Toys R Us, USA-United States, 7400 Indian School Rd. NE, +1 5058841144
-119.31369, 36.30568, Toys R Us, USA-United States, 2800 S. Mooney Blvd., +1 5596358697
-81.54849, 41.08184, Toys R Us, USA-United States, 590 Hoye Ave, +1 3309238697
-122.03183, 37.36731, Toys R Us, USA-United States, 130 E. El Camino Real, +1 4087320331
-84.43852, 33.48011, Toys R Us, USA-United States, 132 Pavilion Parkway, +1 6788170359
-83.09123, 40.10025, Toys R Us, USA-United States, 6547 Sawmill Road, +1 6147929194
-93.59885, 41.52625, Toys R Us, USA-United States, 1211 E. Army Post Rd., +1 5152855488
-87.95214, 42.38848, Toys R Us, USA-United States, 6050 Gurnee Mills Blvd., +1 8478558697
-95.84674, 41.22924, Toys R Us, USA-United States, 3145 Manawa Center Dr., +1 7123666754
-80.10285, 40.69062, Toys R Us, USA-United States, 20281 Route 19, +1 7247428697
-93.26109, 45.13179, Toys R Us Retail Stores, USA-United States, 170 89th Ave., +1 7637846255
-82.70929, 28.29615, Toys R Us, USA-United States, 6233 Tacoma Dr., +1 7278428697
-80.71412, 35.36996, Toys R Us, USA-United States, 8050 Concord Mills Blvd., +1 7049793410
-119.04459, 35.33934, Toys R Us, USA-United States, 3792 Ming Ave., +1 6618328943
-86.21258, 32.38176, Toys R Us, USA-United States, 5484 Atlanta Highway, +1 3342726706
-87.55882, 41.58936, Toys R Us, USA-United States, 16855 Torrence Ave, +1 7084747707
-81.73436, 30.18614, Toys R Us, USA-United States, 1972 Wells Road, +1 9042765492
-89.82590, 30.30424, Toys R Us, USA-United States, 137 Northshore Blvd., +1 9856399997
-81.55403, 30.18043, Toys R Us, USA-United States, 10370 Phillips Highway, +1 9042920069
-74.30762, 40.68836, Toys R Us, USA-United States, 2700 Us Highway 22 E, +1 9088106310
-119.19610, 34.24903, Toys R Us, USA-United States, 2975 Johnson Drive, +1 8056423764
-84.56454, 34.00998, Toys R Us, USA-United States, 501 Roberts Court, +1 7704249100
-88.11794, 30.67347, Toys R Us, USA-United States, 429 Bel Air Blvd. Mobile, +1 2514709891
-84.52311, 37.99231, Toys R Us, USA-United States, 3220 Nicholsville Rd., +1 8592716374
-101.93864, 35.24949, Toys R Us, USA-United States, 2403 S Soncy Rd, +1 8063551325
-80.24828, 26.01050, Toys R Us, USA-United States
-92.22240, 34.78935, Toys R Us, USA-United States, 4239 E. McCain Blvd., +1 5019458020
-117.88987, 33.91765, Toys R Us, USA-United States, 735 E Birch St, +1 7142561979
-72.56305, 41.80413, Toys R Us, USA-United States, 1460 Pleasant Valley Rd., +1 8606447606
-75.38974, 40.09019, Toys R Us, USA-United States, 250 Mall Blvd., +1 6103379216
-83.27633, 42.29877, Toys R Us, USA-United States, 24411 Michigan Ave., +1 3132782660
-122.30265, 37.99185, Toys R Us, USA-United States, 1330 Fitzgerald, +1 5107588697
-73.82943, 40.77515, Toys R Us, USA-United States, 3002 Whitestone Expy, +1 7184605517
-98.50538, 29.52251, Toys R Us, USA-United States, 7140 Blanco Road, +1 2105258697
-76.06966, 43.04718, Toys R Us, USA-United States
-86.69868, 36.29664, Toys R Us, USA-United States, 1800 Gallatin Pike North, +1 6158688953
-94.36279, 38.88314, Toys R Us, USA-United States, 420 SE Thompson Dr, +1 8163471453
-117.67377, 33.58848, Toys R Us, USA-United States, 25362 El Paseo Road, +1 9495827945
-75.43661, 39.91283, Toys R Us, USA-United States, 1154 West Baltimore Pike, +1 4846210084
-86.80595, 33.38214, Toys R Us, USA-United States, 1715 Montgomery Highway, +1 2057331551
-111.97873, 33.60413, Toys R Us, USA-United States, 12801 North Tatum Blvd., +1 6029530464
-86.65725, 36.04839, Toys R Us, USA-United States, 5255 Hickory Hollow Pkwy, +1 6157312599
-118.39519, 33.99672, Toys R Us, USA-United States, 11136 Jefferson Blvd., +1 3103985775
-118.15159, 34.08783, Toys R Us, USA-United States, 2500 W. Commonwealth, +1 6262848909
-83.64294, 41.69845, Toys R Us, USA-United States, 5025 Monroe St, +1 4194730165
-87.85076, 41.16404, Toys R Us, USA-United States, 1584 N State Route 50, +1 8159358697
-74.09391, 40.71910, Toys R Us, USA-United States, 641 Route 440, +1 2014338550
-75.32719, 39.91887, Toys R Us, USA-United States, 641 Baltimore Pike, +1 6103286597
-97.05608, 32.44822, Toys R Us, USA-United States, 3800 Railport Pkwy, +1 9727754100
-121.27561, 38.67826, Toys R Us, USA-United States, 7800 Greenback Lane, +1 9169699727
-81.42317, 40.85148, Toys R Us, USA-United States, 4822 N.W. Wipple Ave., +1 3304938697
-122.57951, 45.43243, Toys R Us, USA-United States, 12535 SE 82nd Ave., +1 5036595163
-76.86396, 40.29375, Toys R Us, USA-United States, 461 From Rd, +1 7176717101
-77.17812, 38.78020, Toys R Us, USA-United States, 6715 Commerce St, +1 7039227876
-105.09137, 39.61848, Toys R Us, USA-Littleton, 5395 S Wadsworth Blvd, +1 3039728697
-81.58097, 41.05463, Toys R Us, USA-United States
-79.85191, 36.03953, Toys R Us, USA-United States, 3728 High Point Road, +1 3368553221
-122.78362, 45.44739, Toys R Us, USA-United States, 10065 SW Cascade Blvd., +1 5036209779
-80.33395, 25.74775, Toys R Us, USA-United States, 8621 Coral Way, +1 3052641991
-76.93225, 40.22205, Toys R Us, USA-United States, 3500 Hartzdale Dr., +1 7177615700
-82.44708, 28.05441, Toys R Us, USA-United States, 1235 East Fowler Ave., +1 8139710091
-84.73824, 33.72829, Toys R Us, USA-United States, 9365 The Landing Dr., +1 7705775755
-74.17277, 40.42580, Toys R Us, USA-United States, State Hwy 35 & PO N, +1 7328888200
-77.50307, 38.78025, Toys R Us, USA-United States, 10318 Portsmouth Rd., +1 7033308304
-84.39052, 33.75668, Toys R Us, USA-United States, 132 Pavillion Pkwy, +1 6788171812
-90.13107, 32.39952, Toys R Us, USA-United States, 1175 East County Line Rd., +1 6019562720
-95.23367, 29.62751, Toys R Us, USA-United States
-96.77228, 43.50937, Toys R Us, USA-United States, 4401 W. Empire, +1 6053619277
-86.09071, 42.80867, Toys R Us, USA-United States
-73.83505, 40.86771, Toys R Us, USA-United States, 1880 Bartow Ave, +1 7183200722
-73.89165, 40.71236, Toys R Us, USA-United States, 66-26 Metropolitan Ave., +1 7183262038
-79.79003, 40.43524, Toys R Us, USA-United States, 3735 William Penn Hwy., +1 4123738043
-89.90665, 35.07661, Toys R Us, USA-United States, 2665 S Perkins Rd, +1 9013621491
-80.16791, 40.45697, Toys R Us, USA-United States, 2001 Park Manor Blvd., +1 4127871770
-118.16425, 33.96924, Toys R Us, USA-United States, 7102 Eastern Ave., +1 3237712135
-74.05237, 40.91542, Toys R Us, USA-United States, 250 E. Route 4, +1 2018457260
-121.38807, 38.42199, Toys R Us, USA-United States, 8507 Bond Rd., +1 9166860290
-117.43809, 34.07017, Toys R Us, USA-United States, 16795 Valley Blvd., +1 9093568151
-94.58512, 39.24514, Toys R Us, USA-United States, 8330 N. Broadway, +1 8164680808
-86.43008, 35.84539, Toys R Us, USA-United States, 2075 Old Fort Pkwy, +1 6152173306
-77.66839, 43.20547, Toys R Us, USA-United States, 1530 Ridge Rd. West, +1 5856217510
-122.40748, 37.77076, Toys R Us, USA-United States
-77.14585, 38.75635, Toys R Us, USA-United States, 6001 Kingstowne Village Pkwy., +1 7039224968
-76.54933, 38.98599, Toys R Us, USA-United States, 41 Defense Hwy, +1 4105730440
-83.87301, 36.03422, Toys R Us, USA-United States, 3200 E. Towne Mall Circle, +1 8655216940
-74.39008, 40.86325, Toys R Us, USA-United States, 1199 US Highway 46, +1 9732570955
-74.47333, 40.16567, Toys R Us, USA-United States, 600 Trotter Way, +1 7324620500
-121.95027, 37.31368, Toys R Us, USA-United States, 751 S. Winchester Blvd., +1 4082477323
-86.23603, 39.82360, Toys R Us, USA-United States
-111.96847, 33.31681, Toys R Us, USA-United States, 840 N. 54th St., +1 4807057444
-96.69994, 32.79108, Toys R Us, USA-United States, 5470 N Jim Miller Rd, +1 2143888892
-117.74798, 33.86825, Toys R Us, USA-United States, 8140 Santa Ana Canyon Rd., +1 7142799429
-94.72071, 38.95637, Toys R Us, USA-United States, 11620 W 95th St, +1 9134928333
-90.41770, 38.78671, Toys R Us, USA-United States, 5590 Saint Louis Mills BL, +1 3147380614
-81.64353, 41.14194, Toys R Us, USA-United States, 52 Springside Drive @ Highway 18, +1 3306668697
-81.38016, 28.66270, Toys R Us, USA-United States, 350 E. Altamonte Dr, +1 4078347300
-84.04559, 35.92551, Toys R Us, USA-United States, 8009 Kingston Pike, +1 8656901632
-84.48579, 39.31980, Toys R Us Distribution Center, USA-United States, 375 Distribution Cir, +1 5138748844
-93.27070, 37.15950, Toys R Us, USA-United States, 1425 E. Battlefield, +1 4178826097
-122.93914, 47.03897, Toys R Us, USA-United States, 1000 Cooper Point Rd SW, +1 3603578697
-76.34961, 39.52728, Toys R Us, USA-United States, 660 Marketplace Dr, +1 4108380010
-121.05062, 37.67983, Toys R Us, USA-United States, 2700 Sisk Road, +1 2095272288
-73.42209, 41.10733, Toys R Us, USA-United States, 59 Connecticut Ave, +1 2038527103
-83.01159, 42.44846, Toys R Us, USA-United States, 10000 E 8 Mile Rd, +1 3138916502
-88.11794, 41.93939, Toys R Us, USA-United States, 404 W. Army Trail Rd., +1 6305293399
-73.02704, 41.23469, Toys R Us, USA-United States, 330 Oldgate Lane, +1 2038740750
-117.39247, 34.09223, Toys R Us, USA-United States, 1110 W Merrill Ave, +1 9098730155
-74.96534, 40.07166, Toys R Us, USA-United States, 1336 Bristol Pike, +1 2156336990
-78.74742, 35.73516, Toys R Us, USA-United States
-79.95126, 40.33760, Toys R Us, USA-United States, 275 Clairton Blvd., +1 4126550678
-104.82837, 39.69655, Toys R Us, USA-Aurora, 13790 East Mississippi Ave., +1 3037458697
-74.31729, 40.57254, Toys R Us, USA-United States, US Highway 1, +1 7326362723
-111.68498, 33.38802, Toys R Us, USA-United States, 1516 South Power Rd., +1 4808328697
-96.03148, 41.25991, Toys R Us, USA-United States, 115 N 76th St, +1 4023911402
-84.25985, 34.08308, Toys R Us, USA-United States, 7731 N. Point Pkwy., +1 7705189188
-85.24562, 35.13301, Toys R Us, USA-United States, 5230a Hwy. 153, +1 4238771801
-111.85362, 40.72289, Toys R Us, USA-United States, 2210 So. 1300 East, +1 8014848697
-74.00095, 40.59522, Toys R Us, USA-United States, 8973 Bay Pkwy # 6, +1 7183724646
-73.43706, 40.67848, Toys R Us, USA-United States, 5520 Sunrise Highway, +1 5167983240
-96.63284, 32.81162, Toys R Us, USA-United States, 2063 N.Town East Blvd #2100, +1 9722706164
-83.77203, 42.97986, Toys R Us, USA-United States, 3250 So. Linden, +1 8107333490
-88.01928, 41.75106, Toys R Us, USA-United States, 1500 75th St., +1 6309647124
-95.49152, 29.73769, Toys R Us, USA-United States, 6145 Westheimer Rd., +1 7137858697
-95.48611, 29.83295, Toys R Us, USA-United States
-121.99900, 37.52401, Toys R Us, USA-United States, 5800 Newpark Mall, +1 5107944477
-110.87818, 32.22171, Toys R Us, USA-United States, 5355 E. Broadway Blvd., +1 5207488697
-75.63148, 40.03289, Toys R Us, USA-United States, 103 E. Swedesford Rd., +1 6105249189
-94.98695, 29.80418, Toys R Us, USA-United States, 4815 East Fwy, +1 2814214647
-118.01325, 34.13996, Toys R Us, USA-United States, 660 West Huntington Dr., +1 6263035507
-95.53087, 29.78369, Toys R Us, USA-United States, 9655 Katy Freeway, +1 7134650087
-122.28257, 37.56158, Toys R Us, USA-United States, 2270 Bridgepoint Pkw., +1 6503454475
-84.25366, 33.84642, Toys R Us, USA-United States, 4033 LaVista Rd., +1 7709384321
-73.73836, 40.75554, Toys R Us, USA-United States, 24202 61st Ave, +1 7182242800
-122.28733, 37.82873, Toys R Us, USA-United States
-121.42187, 38.59722, Toys R Us, USA-United States, 1919 Arden Way, +1 9169299500
-118.60598, 34.18371, Toys R Us, USA-United States, 6245 Topanga Canyon Blvd, +1 8183469751
-95.56268, 29.78675, Toys R Us, USA-United States, 1000 W Sam Houston Pkwy N, +1 7139359996
-80.27426, 27.24863, Toys R Us, USA-United States, 3550 N. Federal Hwy., +1 7726921952
-75.16927, 40.08445, Toys R Us, USA-United States, 1000 S Easton Rd, +1 2158867700
-121.84655, 38.00763, Toys R Us, USA-United States, 4505 Century Blvd., +1 9257068697
-80.11978, 26.14881, Toys R Us, USA-United States, 1600 N. Federal Hwy., +1 9545643571
-73.03185, 41.55239, Toys R Us, USA-United States, 275 Union St., +1 2035744457
-76.41206, 36.82377, Toys R Us, USA-United States, 4120 Portsmouth Blvd, +1 7574650086
-90.24991, 32.30209, Toys R Us, USA-United States
-118.26304, 34.12634, Toys R Us, USA-United States, 2905 Los Feliz Blvd., +1 3236638704
-79.46972, 40.31403, Toys R Us, USA-United States, 135 Donahue Rd, +1 7248368813
-123.10592, 44.07022, Toys R Us, USA-United States, 1133 Valley River Dr., +1 5414858742
-122.30402, 47.15779, Toys R Us, USA-United States, 3551-9th Street SW, +1 2538481331
-96.80566, 33.10267, Toys R Us, USA-United States, 2871 Preston Rd, +1 9727120054
-82.72482, 27.78933, Toys R Us, USA-United States, 1900 Tyrone Blvd., +1 7273477272
-83.10654, 42.53174, Toys R Us, USA-United States, 32700 John R. Rd., +1 2485855700
-88.21119, 41.76105, Toys R Us, USA-United States, 4070 Fox Valley Center Dr., +1 6308517600
-86.60076, 34.74082, Toys R Us, USA-United States, 1001 Memorial Pkwy Mall #1, +1 2565333723
-88.00452, 43.18103, Toys R Us, USA-United States, 8825 N. 76th St., +1 4143554110
-73.98307, 40.68996, Toys R Us, USA-United States, 1 Decalb Ave, +1 7188528450
-90.56777, 38.64209, Toys R Us, USA-United States, 1781 Clarkson Rd., +1 6365326668
-84.08859, 33.69850, Toys R Us, USA-United States, 2918 Turner Hill, +1 7704846757
-122.68712, 45.61465, Toys R Us, USA-United States, 1800 Jantzen Beach Ctr., +1 5032894691
-73.23554, 40.73852, Toys R Us, USA-United States, 1851 Sunrise Hwy, +1 6316666611
-117.08986, 32.61412, Toys R Us, USA-Chula Vista, 1008a Industrial Blvd., +1 6194204048
-115.20093, 36.17022, Toys R Us, USA-United States, 4550 Meadows Lane, +1 7028779070
-84.62574, 39.14661, Toys R Us, USA-United States, 6251 Glenway Ave., +1 5134815999
-79.75754, 36.10963, Toys R Us, USA-United States
-81.76852, 26.21189, Toys R Us, USA-United States, 5305 Airport Pulling Rd., +1 2395148697
-96.96930, 33.00665, Toys R Us, USA-United States, 2412 S. Stemmons Freeway, +1 9723156210
-106.54199, 31.81725, Toys R Us, USA-United States, 801 Mesa Hills Dr., +1 9158333459
-95.15875, 29.64989, Toys R Us, USA-United States, 5651 Fairmont Parkway, +1 2819983009
-115.13745, 36.11634, Toys R Us, USA-United States, 4000 S. Maryland Pkwy, +1 7027323733
-73.09220, 40.76312, Toys R Us, USA-United States, 5181 Sunrise Hwy, +1 6312189101
-80.09069, 26.53386, Toys R Us, USA-United States, 601 N. Congress Ave., +1 5613691559
-83.32548, 42.63954, Toys R Us, USA-United States, 220 North Telegraph Rd., +1 2483331705
-81.40121, 28.44407, Toys R Us, USA-United States, 1631 Florida Mall Ave., +1 4078594831
-94.52006, 38.96018, Toys R Us, USA-United States, 9110 Hillcrest Rd, +1 8169668342
-84.65345, 38.99340, Toys R Us, USA-United States, 7960 Connector Dr., +1 8593710672
-80.36217, 25.58622, Toys R Us, USA-United States, 19525 So. Dixie Highway, +1 3052336122
-84.21842, 39.63653, Toys R Us, USA-United States, 2661 Miamisburg Centervil, +1 9374356271
-88.97719, 42.24978, Toys R Us, USA-United States, 7150 Cherryvale North Blvd, +1 8153324343
-112.21870, 33.63832, Toys R Us, USA-United States, 7430 W. Bell Rd., +1 6239793622
-117.19644, 47.66425, Toys R Us, USA-United States, 15505 E. Broadway Avenue, +1 5099276759
-112.06261, 33.50927, Toys R Us, USA-United States
-96.98962, 32.83729, Toys R Us, USA-United States, 3125 W. Airport Freeway, +1 9722525959
-74.65369, 40.58927, Toys R Us, USA-United States, 451 State Route 28, +1 9085268861
-77.39036, 37.25410, Toys R Us, USA-United States, 1869 Southpark Blvd, +1 8045207854
-117.46282, 33.91121, Toys R Us, USA-United States, 10391 Magnolia Ave., +1 9516874542
-80.20369, 26.37363, Toys R Us, USA-United States, 20429 State Road 7, +1 5614510464
-71.46706, 42.11448, Toys R Us, USA-United States, 217 Hartford Ave., +1 5089661113
-86.81217, 35.96185, Toys R Us, USA-United States, 1755 Galleria Blvd., +1 6157717744
-83.33364, 42.42717, Toys R Us, USA-United States, 29150 7 Mile Rd, +1 2484773000
-118.00946, 33.89603, Toys R Us, USA-United States, 14920 La Mirada Blvd., +1 7146708697
-84.46728, 39.28423, Toys R Us, USA-United States, 11392 Princeton Pike, +1 5136718444
-83.11613, 39.95285, Toys R Us, USA-United States
-73.07540, 40.76683, Toys R Us, USA-United States, 5801 Sunrise Hwy, +1 6315638697
-73.98802, 40.74914, Toys R Us, USA-United States, 1293 Broadway, +1 6463668800
-122.30808, 47.31933, Toys R Us, USA-United States
-78.73786, 35.76062, Toys R Us, USA-United States, 201 Crossroads Blvd., +1 9198591971
-89.90992, 35.22048, Toys R Us, USA-United States
-84.59988, 39.25484, Toys R Us, USA-United States, 9959 Colerain Ave., +1 5133852804
-75.24196, 40.23919, Toys R Us, USA-United States, 2 Airport Square, +1 2153688050
-72.67950, 40.93074, Toys R Us, USA-United States, 1151 Old Country Rd, +1 6313696502
-79.55641, 43.60911, Toys R Us, USA-United States, 690 Evans Avenue, +1 4166218697
-99.50407, 27.55046, Toys R Us, USA-United States, 5404 San Bernardo Ave., +1 9567912630
-115.04638, 36.06342, Toys R Us, USA-United States, 1425 W. Sunset Road, +1 7024548697
-73.50671, 40.72562, Toys R Us, USA-United States
-93.30833, 44.86132, Toys R Us, USA-United States, 7839 Southtown Center, +1 9523469407
-79.41206, 43.84340, Toys R Us, USA-United States, 295 High Tech, +1 9057637582
-80.29248, 25.86663, Toys R Us, USA-United States, 500 W. 49th St., +1 3055576704
-87.82285, 42.17822, Toys R Us, USA-United States, 1610 Deerfield Rd, +1 8478314678
-79.52046, 43.81435, Toys R Us, USA-United States, 2777 Langstaff Road, +1 9056602000
-90.16240, 30.00407, Toys R Us, USA-United States, 3609 Veterans Memorial Blvd., +1 5044559513
-122.46392, 47.21942, Toys R Us, USA-United States, 4214 South Tacoma Mall Blvd., +1 2534724568
-117.09888, 33.11048, Toys R Us, USA-United States, 1240 Auto Park Way, +1 7607474975
-76.22218, 43.18588, Toys R Us, USA-United States, 4155 State Route 31, +1 3156520572
-76.33627, 40.06115, Toys R Us, USA-United States, 1430 Harrisburg Pike, +1 7172931494
-98.53006, 29.35672, Toys R Us, USA-United States
-89.00031, 42.71477, Toys R Us, USA-United States, 2723 Milton Ave., +1 6087580747
-97.79918, 30.23877, Toys R Us, USA-United States, 4025 S. Capitol of Texas Hwy, +1 5124417216
-82.32863, 27.93440, Toys R Us, USA-United States, 330 Brandon Town Center Blvd., +1 8136612606
-84.46389, 33.59998, Toys R Us, USA-United States, 2205 Pleasant Hill Rd, +1 7704764646
-76.06726, 36.82062, Toys R Us, USA-United States, 2701 N.Mall Dr., +1 7574988271
-75.65185, 39.68779, Toys R Us, USA-United States, 10 Geoffrey Dr., +1 3027314556
-76.98741, 38.99048, Toys R Us, USA-United States, 8005 New Hampshire Ave., +1 3014224080
-117.20340, 32.76938, Toys R Us, USA-United States, 1240 W. Morena Blvd., +1 6192767094
-83.19782, 42.19900, Toys R Us, USA-United States, 14333 Eureka Rd., +1 7342857100
-74.16922, 40.57792, Toys R Us, USA-United States, 2845 Richmond Ave., +1 7186988821
-90.28035, 38.76820, Toys R Us, USA-United States, 10895 W. Florissant, +1 3145210325
-106.65416, 35.20646, Toys R Us, USA-United States, 3701 Ellison Rd.nw, +1 5058998697
-91.09566, 30.45226, Toys R Us, USA-United States, 8620 Airline Hwy., +1 2259272321
-82.91321, 42.53291, Toys R Us, USA-United States, 32070 Gratiot, +1 5862969800
-92.93829, 44.94205, Toys R Us, USA-United States
-87.86725, 42.16756, Toys R Us, USA-United States
-83.98844, 34.06280, Toys R Us, USA-United States, 1705 Mall of Georgia Blvd., +1 7709326100
-96.81599, 32.96074, Toys R Us, USA-United States, 5505 Arapaho Rd, +1 9723858541
-111.89186, 33.55289, Toys R Us, USA-United States, 8777 E Via De Ventura, +1 6232934953
-76.49255, 37.10242, Toys R Us, USA-United States, 12132 Jefferson Avenue, +1 7572498697
-78.67854, 35.84130, Toys R Us, USA-United States, 4325 Glenwood Ave, +1 9197872121
-73.71164, 40.66276, Toys R Us, USA-United States, 300 W. Sunrise Highway, +1 5167911270
-73.98974, 40.73556, Toys R Us, USA-United States, 24 Union Sq E # 30, +1 2125948697
-75.10129, 39.99081, Toys R Us, USA-United States, 3401 Aramingo Ave., +1 2154232680
-87.83723, 42.05368, Toys R Us, USA-United States, 9555 N. Milwaukee Ave., +1 8479679000
-117.00835, 32.77380, Toys R Us, USA-United States, 8790 Grossmont Blvd., +1 6194614901
-111.88388, 33.53844, Toys R Us, USA-United States, 9139 Indian Bend Rd., +1 4809486266
-93.02654, 45.03562, Toys R Us Retail Stores, USA-United States, 1852 E. County Road D, +1 6517702918
-74.96506, 40.08204, Toys R Us, USA-United States, 201 Franklin Mills Circle, +1 2152810222
-74.23715, 40.96063, Toys R Us, USA-United States, 7 Wayne Hills Mall, +1 9736288697
-117.91265, 33.99514, Toys R Us, USA-United States, 17961 Gale Ave., +1 6269123332
-117.90776, 34.10241, Toys R Us, USA-United States, 1261 N Azusa Ave, +1 6263313215
-74.87904, 40.17920, Toys R Us, USA-United States, 2345 East Lincoln Hwy., +1 2159431488
-86.07069, 39.90773, Toys R Us, USA-United States, 8250 Castleton Corner, +1 3178419334
-74.11049, 40.56385, Toys R Us, USA-United States, 105 Mill Rd, +1 7189798697
-80.04960, 40.34454, Toys R Us, USA-United States, 4000 Oxford Dr, +1 4128313410
-97.50764, 25.96005, Toys R Us, USA-United States, 800 Sunrise Blvd, +1 9565463110
-82.56705, 27.46246, Toys R Us, USA-United States, 512 Cortez Rd. West, +1 9417536151
-118.32014, 34.18070, Toys R Us, USA-United States, 683 North Victory Blvd, +1 8188415037
-118.36717, 33.89860, Toys R Us, USA-United States, 14705 Ocean Gate Ave, +1 3109736366
-78.94065, 43.08648, Toys R Us, USA-United States, 6929 Williams Rd, +1 7162981500
-121.84348, 37.37058, Toys R Us, USA-United States, 330 N. Capitol Ave., +1 4082592211
-83.54133, 41.72310, Toys R Us, USA-United States, 340 New Town Square Drive, +1 4194767672
-80.30221, 25.69390, Toys R Us, USA-United States, 8325 South Dixie Highway, +1 3056621911
-73.80962, 41.33222, Toys R Us, USA-United States, 14 Bank Rd, +1 9149626878
-83.38023, 42.33918, Toys R Us, USA-United States, 34800 Warren Road, +1 7344211410
-74.07673, 40.96382, Toys R Us, USA-United States, 634 N State RT 17, +1 2016707733
-97.67311, 30.41383, Toys R Us, USA-United States, 12901 Hwy 35 North, +1 5129896298
-92.40586, 34.74870, Toys R Us, USA-United States, 11500 Financial Center Parkway, +1 5019548697
-117.17791, 33.55723, Toys R Us, USA-United States, 39855 Alta Murrieta Dr., +1 9516960532
-74.35387, 40.79789, Toys R Us, USA-United States, 599 W. Mt. Pleasant Ave., +1 9739942277
-78.96185, 35.96739, Toys R Us, USA-United States, 3330 Westgate Drive, +1 9194934603
-123.08168, 44.62873, Toys R Us, USA-United States
-72.75974, 41.72491, Toys R Us, USA-United States, 1471 New Britain Ave., +1 8605214880
-90.33400, 38.51049, Toys R Us, USA-United States, 6926 South Lindbergh, +1 3148457400
-80.36872, 25.79006, Toys R Us, USA-United States, 1645 N.W. 107th Ave., +1 3055931517
-73.27718, 40.83818, Toys R Us, USA-United States
-81.97381, 28.09077, Toys R Us, USA-United States, 3770 U.S. 98 North, +1 8638595444
-118.01022, 33.74843, Toys R Us, USA-United States, 530 Westminster Mall, +1 7146537031
-87.17262, 36.10944, Toys R Us, USA-United States, 7663 Us Highway 70 S, +1 6156622431
-73.79184, 40.70660, Toys R Us, USA-United States, 16823 Jamaica Ave, +1 7186575900
-76.92041, 38.82634, Toys R Us, USA-United States, 4721 Auth Pl, +1 3014236614
-95.45326, 30.16574, Toys R Us, USA-United States, 1420 Lake Woodlands Dr., +1 2813670061
-117.33487, 33.18325, Toys R Us, USA-United States, 2425 Vista Way, +1 7604397944
-87.54366, 41.60067, Toys R Us, USA-United States, 777 River Oaks Dr, +1 7088682203
-82.73263, 28.01053, Toys R Us, USA-United States, 26286 US 19 North, +1 7277975222
-122.44697, 37.78225, Toys R Us, USA-United States, 2675 Geary Blvd, +1 4159318896
-119.85451, 36.80835, Toys R Us, USA-United States, 3520 W. Shaw Ave., +1 5592756123
-122.46253, 37.67373, Toys R Us, USA-United States, 775 Serramonte Blvd, +1 6507559000
-74.18148, 39.98130, Toys R Us, USA-United States, 1224 Hooper Ave, +1 7323412030
-106.35676, 31.76058, Toys R Us, USA-United States, 9801 Gateway Blvd.W, +1 9155941131
-96.76939, 32.87828, Toys R Us, USA-United States, 9500 N.Central Expressway, +1 2143633192
-111.98211, 41.18996, Toys R Us, USA-United States, 4040 Riverdale Rd, +1 8013947156
-76.87291, 38.95520, Toys R Us, USA-United States, 8201 Annapolis Rd, +1 3014596070
-117.93907, 34.12016, Toys R Us Distribution Center, USA-United States, 5793 Martin Rd, +1 6269692018
-94.41636, 39.03560, Toys R Us, USA-United States, 13920 E. 40 Highway, +1 8164784437
-88.28794, 42.10116, Toys R Us, USA-United States, 400 N 8th St, +1 8474269166
-71.21490, 41.75134, Toys R Us, USA-United States, 86 Swansea Mall Drive, +1 5086751200
-122.65634, 45.53364, Toys R Us, USA-United States
-90.40702, 38.55374, Toys R Us, USA-United States, 3600 Lindbergh, +1 3149098788
-95.81727, 36.13343, Toys R Us, USA-United States, 14303 E. 21st Street, +1 9182348697
-83.28434, 42.48613, Toys R Us, USA-United States, 27000 Telegraph Rd., +1 2483546300
-118.35212, 33.82791, Toys R Us, USA-United States, 22035 Hawthorne Blvd., +1 3105402727
-73.91487, 40.75261, Toys R Us, USA-United States, 3540 - 48th St., +1 7189378697
-74.29168, 40.24953, Toys R Us, USA-United States, 600 Trotters Way, +1 7324628146
-81.33784, 28.55471, Toys R Us, USA-United States, 730 Herndon Ave., +1 4078964201
-76.92228, 38.61743, Toys R Us, USA-United States, 11055 Mall Cir, +1 3017059801
-79.98869, 40.37818, Toys R Us, USA-United States, 2785 Clairton Blvd, +1 4126550678
-81.38405, 28.41519, Toys R Us, USA-United States, 10400 Rocket Ct, +1 4078260898
-73.83104, 40.86784, Toys R Us, USA-United States, 350 Baychester Ave, +1 7188622241
-112.22065, 33.48017, Toys R Us, USA-United States, 7502 W. Thomas Rd., +1 6238490044
-94.75418, 32.54118, Toys R Us, USA-United States, 402 W. Loop 281, +1 9037578697
-88.10706, 43.02820, Toys R Us, USA-United States, 355 S. Moorland Rd., +1 2627978577
-84.94464, 32.54607, Toys R Us, USA-United States, 5555 Whittlessey Blvd., +1 7062579843
-98.62112, 29.46443, Toys R Us, USA-United States, 6441 NW Loop 410, +1 2106812311
-75.15248, 39.91320, Toys R Us, USA-United States, 2703-2817 S. 3rd St., +1 2153344600
-117.88556, 33.69560, Toys R Us, USA-United States, 3900 S Bristol St, +1 7145400465
-121.32104, 38.02084, Toys R Us, USA-United States, 718 West Hammer Lane, +1 2094739877
-89.51307, 43.05735, Toys R Us, USA-United States, 7309 West Towne Way, +1 6088290910
-88.31709, 42.22626, Toys R Us, USA-United States, 6120-a Northwest Hwy., +1 8154440309
-78.69666, 42.86350, Toys R Us, USA-United States
-122.51407, 37.96480, Toys R Us, USA-United States, 600 Francisco Blvd., +1 4157217188
-80.87927, 35.07863, Toys R Us, USA-United States, 11300 Carolina Pl. Parkway, +1 7045419972
-78.96202, 35.07557, Toys R Us, USA-United States, 1736 Skibo Road, +1 9108642300
-97.80192, 30.47077, Toys R Us, USA-United States, 11066 Pecan Park Blvd., +1 5123368697
-79.42583, 43.79658, Toys R Us, USA-United States, 300 Steeles Avenue West, +1 4162228697
-122.11028, 37.65319, Toys R Us, USA-United States, 24011 Hesperian Blvd., +1 5107855800
-93.73936, 41.60043, Toys R Us, USA-United States, 8801 University, +1 5152257464
-78.94758, 35.96113, Toys R Us, USA-United States, 953K N Wesleyan Blvd, +1 2529770264
-122.21261, 38.13653, Toys R Us, USA-United States, 1182 Admiral Callaghan Ln, +1 7076451487
-87.35976, 41.47104, Toys R Us, USA-United States, 2020 W 81st Ave, +1 2197690630
-80.12337, 26.92882, Toys R Us, USA-United States, 3550 NW Federal Hwy, +1 5616921952
-122.21444, 47.91203, Toys R Us, USA-United States, 1325a S.E. Everett Mall Parkway, +1 4253538697
-85.75840, 38.31612, Toys R Us, USA-United States, 951 E Lewis and Clark Pkwy, +1 8122828632
-97.17518, 32.75977, Toys R Us, USA-United States, 8400 East Fwy, +1 8174691866
-93.28794, 44.74874, Toys R Us, USA-United States, 14041 Aldrich Ave.So., +1 9528908697
-76.58093, 39.39314, Toys R Us, USA-United States, 1238 Putty Hill Ave, +1 4432790648
-117.27899, 33.94521, Toys R Us, USA-United States, 12125 Day St, +1 9519055243
-71.39368, 42.29890, Toys R Us, USA-United States, 1 Worcester Road, +1 5083704445
-74.83861, 40.04894, Toys R Us, USA-United States, Route 541 & Cadillac Rd, +1 6093878200
-79.70536, 43.44562, Toys R Us, USA-United States, 290 North Service Road West, +1 9058491860
-84.37274, 33.84995, Toys R Us, USA-United States, 1 Buckhead Loop, +1 4044678697
-76.83113, 40.25400, Toys R Us, USA-United States, 3405 Paxton Ave., +1 7175643854
-76.81415, 39.19977, Toys R Us, USA-United States, 62041 Columbia Crossing Drive, +1 4108723992
-77.23768, 38.92453, Toys R Us, USA-United States, 8449 Leesburg Pike, +1 7038932223
-97.24357, 37.67913, Toys R Us, USA-United States, 8011 E. Kellogg, +1 3166848697
-122.98349, 44.94487, Toys R Us, USA-United States, 1200 Lancaster Drive NE, +1 5033634328
-122.05312, 38.26306, Toys R Us, USA-United States, 1400 Gateway Blvd, +1 7074257441
-75.05225, 39.93591, Toys R Us, USA-United States, 500 Rt. 38, +1 8566658339
-82.88631, 39.93044, Toys R Us, USA-United States, 4285 Groves Rd., +1 6148669163
-82.44357, 40.02915, Toys R Us, USA-United States, 851 South 30th St., +1 7405224455
-122.71357, 38.41444, Toys R Us, USA-United States, 2705 Santa Rosa Ave., +1 7075276200
-83.44483, 42.34215, Toys R Us, USA-United States, 7900 N Haggerty Rd, +1 7344511004
-73.41118, 40.81791, Toys R Us, USA-United States, 350 Route 110, +1 6314236400
-86.13303, 39.63548, Toys R Us, USA-United States, 1650 E. County Line Rd., +1 3178825838
-98.32574, 29.57113, Toys R Us, USA-United States, 8270 Agora Parkway, +1 2106582183
-95.41230, 29.92304, Toys R Us, USA-United States
-71.34718, 41.94590, Toys R Us, USA-United States, 1190 S. Washington St., +1 5086956195
-87.68932, 41.85198, Toys R Us, USA-United States, 2551 W Cermak Rd, +1 7732474411
-121.92989, 37.70460, Toys R Us, USA-United States, 6850 Amador Plaza Road., +1 9258330131
-81.87176, 26.58613, Toys R Us, USA-United States, 4983 S. Cleveland Ave., +1 2392757409
-80.31154, 26.00780, Toys R Us, USA-United States, 12235 Pines Blvd., +1 9544330308
-79.64957, 43.60462, Toys R Us, USA-United States, 4559 Hurontario Street, +1 9055688697
-75.13651, 40.11802, Toys R Us, USA-United States, 1000 Easton Rd, +1 2158867700
-78.81091, 42.79068, Toys R Us, USA-United States, 3464 McKinley Pkwy., +1 7168257852
-97.20230, 32.82349, Toys R Us, USA-United States, 1319 West Pipeline Rd, +1 8175897181
-73.85924, 40.82524, Toys R Us, USA-United States, 970 White Plains Rd, +1 7189040395
-72.68155, 40.92964, Toys R Us, USA-United States, 1151 Old Country Road, +1 6313696501
-83.83355, 39.93300, Toys R Us, USA-United States, 1501 N Bechtle Ave, +1 9373252543
-77.29203, 38.63637, Toys R Us, USA-United States, 14603 Telegraph Road, +1 7034901466
-94.81680, 38.86513, Toys R Us, USA-United States, 14680 S Flaming Rd, +1 9133908697
-96.68177, 40.85739, Toys R Us, USA-United States, 5220 N. 27th Street, +1 4024761818
-71.16951, 42.25928, Toys R Us, USA-United States, 100 Providence Hwy., +1 7813294924
-87.99275, 42.24027, Toys R Us, USA-United States, 555 Townline Rd, +1 8473670029
-121.98193, 36.98776, Toys R Us, USA-United States, 1660 Commercial Way, +1 8314794296
-122.06594, 37.97781, Toys R Us, USA-United States, 568 Contra Costa Blvd., +1 9256899751
-122.22188, 37.49190, Toys R Us, USA-United States, 202 Walnut St., +1 6503670186
-73.11249, 40.85114, Toys R Us, USA-United States, 2085 Moriches Rd, +1 6319790142
-87.84414, 41.61851, Toys R Us, USA-United States, 45 Orland Square Dr., +1 7084609494
-80.18926, 25.92830, Toys R Us, USA-United States, 551 N.E. 167th St., +1 3056538697
-78.91160, 43.88334, Toys R Us, USA-United States, 50 Thickson Road South, +1 9056682090
-97.44806, 32.73850, Toys R Us, USA-United States, 7606 W. Freeway, +1 8172462251
-93.70810, 32.52833, Toys R Us, USA-United States, 2918 E. Texas St., +1 3187466023
-82.99046, 42.62439, Toys R Us, USA-United States, 13801 Lakeside Circle, +1 5862471443
-76.85219, 39.09605, Toys R Us, USA-United States, 933 Washington Blvd S, +1 3014976325
-90.07461, 29.95676, Toys R Us, USA-United States, 12250 I 10, +1 5042458697
-95.81010, 29.78012, Toys R Us, USA-United States
-85.68878, 43.01934, Toys R Us, USA-United States, 3130 Alpine Road NW, +1 6167845999
-95.29755, 32.30301, Toys R Us, USA-United States, 414 E.s.e. Loop 323, +1 9035348697
-117.41113, 47.71340, Toys R Us, USA-United States
-87.98138, 42.11341, Toys R Us, USA-United States
-104.87857, 39.56620, Toys R Us, USA-Englewood, 9505 E. County Line Rd., +1 3037908697
-87.87611, 41.90769, Toys R Us, USA-United States, 9200 W. North Ave., +1 7083439000
-78.96138, 35.96842, Toys R Us, USA-United States, 3300 Westgate Dr, +1 9194934603
-110.97838, 32.28879, Toys R Us, USA-United States, 4525 North Oracle Rd., +1 5202938905
-88.26356, 41.92131, Toys R Us, USA-United States, 3880 E. Main Street, +1 6304438697
-95.41306, 29.69255, Toys R Us, USA-United States, 1212 Old Spanish Tr., +1 7137968697
-111.95708, 40.69555, Toys R Us, USA-United States, 3550 Constitution Blvd., +1 8019678697
-122.32444, 47.70860, Toys R Us, USA-United States, 414 Northgate Mall, +1 2063611101
-81.33483, 28.80948, Toys R Us, USA-United States, 101 Town Center Blvd., +1 4073301335
-77.54197, 37.57475, Toys R Us, USA-United States, Chesterfield Market, +1 8048977297
-76.20976, 36.84691, Toys R Us, USA-United States, 400 Military Highway, +1 7574610440
-121.87456, 37.25074, Toys R Us, USA-United States, 1082 Blossom Hill Rd., +1 4082662600
-71.00477, 41.64076, Toys R Us, USA-United States, 492 State Rd., +1 5089926240
-95.53681, 29.96676, Toys R Us, USA-United States, 7323 W. FM 1960, +1 2815838186
-75.11702, 40.14407, Toys R Us, USA-United States, 154 Park Avenue, +1 2158308894
-101.92228, 33.53878, Toys R Us, USA-United States, 6101 Slide Road, +1 8067998327
-121.26585, 38.78565, Toys R Us, USA-United States, 6780 Stanford Ranch Rd., +1 9167848697
-85.15516, 35.03944, Toys R Us, USA-United States, 2200 Hamilton Place Blvd., +1 4238926555
-74.01317, 40.70621, Toys R Us, USA-United States, 40 Broadway, +1 2128377700
-85.58226, 42.91250, Toys R Us, USA-United States, 3445 28th St Se, +1 6169570400
-80.26977, 27.23691, Toys R Us, USA-United States, 3550 NW Federal Hwy, +1 7726921952
-81.54992, 30.32112, Toys R Us, USA-United States, 9600 Atlantic Blvd., +1 9047217829
-97.39595, 37.67379, Toys R Us, USA-United States, 4646 W Kellogg Dr, +1 3169460077
-81.43845, 41.52217, Toys R Us, USA-United States, 1385 Som Center Road, +1 4404730310
-86.71899, 33.53116, Toys R Us, USA-United States
-87.78583, 41.92385, Toys R Us, USA-United States
-80.29335, 36.07090, Toys R Us, USA-United States, 3200 Silas Creek Parkway, +1 3366590011
-117.27929, 33.94546, Toys R Us, USA-United States, 12125 Day St., +1 9512761885
-83.47815, 42.49108, Toys R Us, USA-United States, 43460 West Oaks Drive, +1 2483441300
-87.68843, 41.94175, Toys R Us, USA-United States, 3330 N.Western Ave., +1 7735251690
-79.73170, 43.70693, Toys R Us, USA-United States, 150 West Drive, +1 9054548697
-88.05294, 42.05014, Toys R Us, USA-United States, 1111 E. Golf Rd., +1 8475171300
-118.37670, 34.04378, Toys R Us, USA-United States, 1833 La Cienega Blvd., +1 3105581831
