-70.84498, 42.14614, Trader Joe's, USA-Hanover, 1775 Washington Street, +1 (781) 826-5389
-116.29473, 33.71164, Trader Joe's, USA-La Quinta, 46-400 Washington St, +1 (760) 777-1553
-71.08471, 42.34818, Trader Joe's, USA-Back Bay, 899 Boylston Street, +1 (617) 262-6505
-118.57969, 34.25799, Trader Joe's, USA-Chatsworth, 10330 Mason Ave, +1 (818) 341-3010
-118.45593, 34.02656, Trader Joe's, USA-Santa Monica, 3212 Pico Boulevard, +1 (310) 581-0253
-122.46784, 37.69922, Trader Joe's, USA-Daly City, 417 Westlake Center, +1 (650) 755-3825
-122.17997, 47.71301, Trader Joe's, USA-Kirkland, 12632 120th Avenue N.E., +1 (425) 823-1685
-122.56855, 38.11181, Trader Joe's, USA-Novato, 7514 Redwood Blvd, +1 (415) 898-9359
-116.39025, 34.35224, Trader Joe's, USA-Palm Desert, 44-250 Town Center Way, +1 (760) 340-2291
-72.54752, 42.35956, Trader Joe's, USA-Hadley, 375 Russell Street, +1 (413) 587-3260
-118.32895, 33.78962, Trader Joe's, USA-Torrance, 2545 Pacific Coast Highway, +1 (310) 326-9520
-122.03226, 37.36739, Trader Joe's, USA-Sunnyvale, 727 Sunnyvale Saratoga Road, +1 (408) 481-9082
-121.95903, 37.24362, Trader Joe's, USA-Los Gatos, 15466 Los Gatos Blvd, +1 (408) 356-2324
-73.50265, 40.78151, Trader Joe's, USA-Plainview, 425 Oyster Bay Road, +1 (516) 933-6900
-110.94367, 32.28316, Trader Joe's, USA-Tucson, 4209 North Campbell Avenue, +1 (520) 325-0069
-71.11534, 42.35764, Trader Joe's, USA-Cambridge, 748 Memorial Drive, +1 (617) 491-8582
-117.92427, 33.91690, Trader Joe's, USA-Brea, 2500 East Imperial Highway, +1 (714) 257-1180
-117.67059, 34.08945, Trader Joe's, USA-Upland, 333 South Mountain Avenue, +1 (909) 946-4799
-122.02564, 36.97531, Trader Joe's, USA-Santa Cruz, 700 Front Street, +1 (831) 425-0140
-75.17550, 39.95400, Trader Joe's, USA-Philadelphia, 2121 Market Street, +1 (215) 569-9282
-77.05197, 38.90396, Trader Joe's, USA-West End, 2425 L Street NW, +1 (202) 296-1921
-117.92508, 33.63626, Trader Joe's, USA-Costa Mesa, 640 West 17th Street, +1 (949) 642-5134
-118.51727, 34.17217, Trader Joe's, USA-Encino, 17640 Burbank Boulevard, +1 (818) 990-7751
-122.05247, 38.26323, Trader Joe's, USA-Fairfield, 1350 Gateway Boulevard, +1 (707) 434-0144
-74.92356, 39.88824, Trader Joe's, USA-Marlton, 300 P Route 73 South, +1 (856) 988-3323
-117.33172, 33.18325, Trader Joe's, USA-Oceanside, 2570 Vista Way, +1 (760) 433-9994
-118.11204, 34.60035, Trader Joe's, USA-Palmdale, 39507 10th Street, +1 (661) 947-2890
-71.41623, 42.48409, Trader Joe's, USA-Acton, 145 Great Road, +1 (978) 266-8908
-118.30931, 33.75424, Trader Joe's, USA-Rancho Palos Verdes, 28901 South Western Avenue, +1 (310) 832-1241
-111.92589, 33.52822, Trader Joe's, USA-Scottsdale, 6202 North Scottsdale Road, +1 (480) 948-9886
-119.78371, 39.47702, Trader Joe's, USA-Reno, 5035 S. McCarran Boulevard, +1 (775) 826-1621
-117.82281, 34.10650, Trader Joe's, USA-San Dimas, 846 Arrow Highway, +1 (909) 305-4757
-72.76010, 41.72333, Trader Joe's, USA-West Hartford, 1489 New Britain Ave, +1 (860) 561-4771
-118.23011, 34.14276, Trader Joe's, USA-Eagle Rock, 1566 Colorado Boulevard, +1 (323) 257-6422
-118.38321, 33.90160, Trader Joe's, USA-Manhattan Beach, 1800 Rosecrans Boulevard, +1 (310) 725-9800
-122.71338, 38.42066, Trader Joe's, USA-Santa Rosa, 2100 Santa Rosa Ave, +1 (707) 535-0788
-118.07332, 34.13841, Trader Joe's, USA-Pasadena, 467 Rosemead Blvd, +1 (626) 351-3399
-77.12046, 39.05731, Trader Joe's, USA-Rockville, 12268-H Rockville Pike, +1 (301) 468-6656
-122.10877, 37.40064, Trader Joe's, USA-Mountain View, 590 Showers Drive, +1 (650) 917-1013
-121.31979, 38.00957, Trader Joe's, USA-Stockton, 6535 Pacific Avenue, +1 (209) 951-7597
-118.18855, 34.19935, Trader Joe's, USA-La Cañada Flintridge, 475 Foothill Boulevard at Gould, +1 (818) 790-6373
-88.33207, 41.86386, Trader Joe's, USA-Batavia, 1942 West Fabyan Parkway, +1 (630) 879-3234
-77.13255, 38.85188, Trader Joe's, USA-Bailey's Crossroads, 5847 Leesburg Pike, +1 (703) 379-5883
-112.03875, 33.50702, Trader Joe's, USA-Phoenix, 4821 N. 20th Street, +1 (602) 912-9021
-121.98681, 37.54331, Trader Joe's, USA-Fremont, 39324 Argonaut Way, +1 (510) 794-1386
-122.25223, 37.75652, Trader Joe's, USA-Alameda, 2217 South Shore Center, +1 (510) 769-5450
-77.19729, 39.15525, Trader Joe's, USA-Gaithersburg, 18270 Contour Road, +1 (301) 947-5953
-122.13478, 47.62805, Trader Joe's, USA-Bellevue, 15400 NE 20th Street, +1 (425) 643-6885
-117.88570, 33.70369, Trader Joe's, USA-Santa Ana, 3329 S. Bristol Street, +1 (714) 424-9304
-106.54369, 35.17555, Trader Joe's, USA-Albuquerque, 8928 Holly Ave, +1 (505) 796-0311
-117.66069, 33.59204, Trader Joe's, USA-Mission Viejo, 25420 Marguerite Parkway, +1 (949) 581-5638
-117.83267, 33.56863, Trader Joe's, USA-Newport Beach, 8086 Pacific Coast Highway, +1 (949) 494-7404
-122.24799, 37.49675, Trader Joe's, USA-San Carlos, 1482 El Camino Real, +1 (650) 594-2138
-118.35191, 34.15208, Trader Joe's, USA-Toluca Lake, 10130 Riverside Drive, +1 (818)762-2787
-117.81065, 33.75012, Trader Joe's, USA-Tustin, 12932 Newport Ave, +1 (714) 669-3752
-122.29356, 37.83674, Trader Joe's, USA-Emeryville, 5700 Christie Avenue, +1 (510) 658-8091
-118.07329, 34.12930, Trader Joe's, USA-San Gabriel, 7260 North Rosemead Boulevard, +1 (626) 285-5862
-117.23386, 32.86559, Trader Joe's, USA-La Jolla, 8657 Villa La Jolla Drive, +1 (858) 546-8629
-119.67843, 34.42124, Trader Joe's, USA-Santa Barbara, 29 South Milpas Street, +1 (805) 564-7878
-119.72921, 34.43972, Trader Joe's, USA-Santa Barbara, 3025 De La Vina, +1 (805) 563-7383
-75.43168, 40.07300, Trader Joe's, USA-Wayne, 171 East Swedesford Road, +1 (610) 225-0925
-73.35195, 41.14010, Trader Joe's, USA-Westport, 400 Post Road East, +1 (203) 226-8966
-84.16532, 39.68926, Trader Joe's, USA-Kettering, 328 East Stroop Road, +1 (937) 294-5411
-122.02463, 37.93814, Trader Joe's, USA-Concord, 785 Oak Grove Road, +1 (925) 521-1134
-93.33715, 44.93453, Trader Joe's, USA-St. Louis Park, 4500 Excelsior Blvd, +1 (952) 285-1053
-117.59540, 33.64803, Trader Joe's, USA-Rancho Santa Margarita, 30652 Santa Margarita Parkway, +1 (949) 888-3640
-117.99116, 33.69184, Trader Joe's, USA-Huntington Beach, 18681 Main Street, +1 (714) 848-9640
-122.31358, 47.31450, Trader Joe's, USA-Federal Way, 32073 Pacific Highway South, +1 (253) 529-9242
-117.17341, 32.74891, Trader Joe's, USA-Hillcrest, 1090 University Avenue, +1 (619) 296-3122
-122.18341, 37.45127, Trader Joe's, USA-Menlo Park, 720 Menlo Avenue, +1 (650) 323-2134
-118.39635, 33.95901, Trader Joe's, USA-Westchester, 8645 South Sepulveda, +1 (310) 338-9238
-117.15678, 33.52703, Trader Joe's, USA-Temecula, 40665 Winchester Road, +1 (951) 296-9964
-112.12451, 33.57357, Trader Joe's, USA-Phoenix, 9640 N. Metro Parkway, +1 (602) 371-0167
-71.44035, 42.69919, Trader Joe's, USA-Tyngsborough, 440 Middlesex Road, +1 (978) 649-2726
-76.49241, 38.97822, Trader Joe's, USA-Annapolis, 160 F Jennifer Road, +1 (410) 573-0505
-73.12830, 40.86782, Trader Joe's, USA-Lake Grove, 137 Alexander Ave, +1 (631) 863-2477
-74.34981, 40.65247, Trader Joe's, USA-Westfield, 155 Elm Street, +1 (908) 301-0910
-118.42195, 34.03011, Trader Joe's, USA-West Los Angeles, 10850 National Boulevard, +1 (310) 470-1917
-122.62303, 45.48860, Trader Joe's, USA-Portland, 4715 S. E. 39th Avenue, +1 (503) 777-1601
-117.70418, 33.61172, Trader Joe's, USA-Laguna Hills, 24321 Avenida de la Carlota, +1 (949) 586-8453
-121.41769, 38.41015, Trader Joe's, USA-Elk Grove, 9670 Bruceville Rd, +1 (916) 686-9980
-76.73688, 39.38735, Trader Joe's, USA-Pikesville, 1809 Reisterstown Road, +1 (410) 484-8373
-118.86928, 34.21755, Trader Joe's, USA-Thousand Oaks, 451 Avenida De Los Arboles, +1 (805) 492-7107
-76.51359, 37.13020, Trader Joe's, USA-Newport News, 12551 Jefferson Ave, +1 (757) 890-0235
-123.07440, 44.06626, Trader Joe's, USA-Eugene, 85 Oakway Center, +1 (541) 485-1744
-88.14237, 41.75599, Trader Joe's, USA-Naperville, 44 West Gartner Road, +1 (630) 355-4389
-87.65469, 41.91457, Trader Joe's, USA-Chicago, 1840 N. Clybourn Ave, +1 (312) 274-9733
-121.27293, 38.66241, Trader Joe's, USA-Fair Oaks, 5309 Sunrise Boulevard, +1 (916) 863-1744
-90.56634, 38.64407, Trader Joe's, USA-Chesterfield, 1679 Clarkson Road, +1 (636) 536-7846
-73.55864, 40.65373, Trader Joe's, USA-Merrick, 1714 Merrick Road, +1 (516) 771-1012
-73.52000, 41.39242, Trader Joe's, USA-Danbury, 113 Mill Plain Road, +1 (203) 739-0098
-122.79760, 45.48671, Trader Joe's, USA-Beaverton, 11753 S. W. Beaverton Hillsdale Highway, +1 (503) 626-3794
-87.79851, 42.08041, Trader Joe's, USA-Glenview, 1407 Waukegan Road, +1 (847) 657-7821
-118.06109, 33.87013, Trader Joe's, USA-Cerritos, 12861 Towne Center Drive, +1 (562) 402-5148
-73.70164, 40.63910, Trader Joe's, USA-Hewlett, 1280 West Broadway, +1 (516) 569-7191
-75.54261, 39.83386, Trader Joe's, USA-Wilmington, 5605 Concord Pike, +1 (302) 478-8494
-122.35500, 47.63244, Trader Joe's, USA-Seattle, 112 Galer Street, +1 (206) 378-5536
-117.79002, 33.88908, Trader Joe's, USA-Yorba Linda, 19655 Yorba Linda Boulevard, +1 (714) 970-0116
-83.09172, 40.09592, Trader Joe's, USA-Dublin, 6355 Sawmill Road, +1 (614) 793-8505
-110.85765, 32.23567, Trader Joe's, USA-Tucson, 1101 North Wilmot Road, +1 (520) 733-1313
-71.12131, 42.34212, Trader Joe's, USA-Brookline, 1317 Beacon Street, +1 (617) 278-9997
-122.30277, 37.55421, Trader Joe's, USA-San Mateo, 1820 Grant Street, +1 (650) 570-6140
-118.50203, 34.27248, Trader Joe's, USA-Granada Hills, 11114 Balboa Boulevard, +1 (818) 368-6461
-121.96807, 36.97566, Trader Joe's, USA-Capitola, 3555 Clares Street, +1 (831) 464-0115
-115.25915, 36.18120, Trader Joe's, USA-Summerlin, 7575 W. Washington Avenue, +1 (702) 242-8240
-118.37945, 34.08789, Trader Joe's, USA-West Hollywood, 8611 Santa Monica Blvd, +1 (310) 657-0152
-117.83521, 33.64846, Trader Joe's, USA-Irvine, 4225 Campus Drive, +1 (949) 509-6138
-83.71325, 42.25947, Trader Joe's, USA-Ann Arbor, 2398 East Stadium Blvd, +1 (734) 975-2455
-119.09487, 35.35414, Trader Joe's, USA-Bakersfield, 8200 Stockdale Highway, +1 (661) 837-8863
-111.91766, 33.63646, Trader Joe's, USA-North Scottsdale, 7555 Frank Lloyd Wright Boulevard, +1 (480) 367-8920
-118.11284, 33.75994, Trader Joe's, USA-Long Beach, 6451 E. Pacific Coast Highway, +1 (562) 596-4388
-111.78758, 33.37904, Trader Joe's, USA-Mesa, 2050 East Baseline Road, +1 (480) 632-0951
-81.95107, 41.45733, Trader Joe's, USA-Westlake, 175 Market Street, +1 (440) 250-1592
-115.08214, 36.06988, Trader Joe's, USA-Henderson, 2716 Green Valley Parkway, +1 (702) 433-6773
-71.21218, 42.47294, Trader Joe's, USA-Burlington, 51 Middlesex Turnpike, +1 (781) 27310
-77.09088, 38.97807, Trader Joe's, USA-Bethesda, 6831 Wisconsin Ave, +1 (301) 907-0982
-73.25367, 41.18252, Trader Joe's, USA-Farifield, 2258 Black Rock Turnpike, +1 (203) 330-8301
-118.00599, 33.94872, Trader Joe's, USA-Whittier, 15025 East Whittier Boulevard, +1 (562) 698-1642
-117.69342, 33.49592, Trader Joe's, USA-Laguna Niguel, 32351 Street of the Golden Lantern, +1 (949) 493-8599
-117.83605, 33.82326, Trader Joe's, USA-Orange, 2114 N. Tustin Avenue, +1 (714) 283-5697
-71.18769, 42.42518, Trader Joe's, USA-Arlington, 1427 Massachusetts Ave, +1 (781) 646-9138
-122.00826, 37.82713, Trader Joe's, USA-Danville, 99 Danville Square, +1 (925) 838-5757
-118.16634, 34.13532, Trader Joe's, USA-Pasadena, 610 South Arroyo Parkway, +1 (626) 568-9254
-90.43572, 38.67145, Trader Joe's, USA-Creve Coeur, 11505 Olive Blvd, +1 (314) 569-0427
-118.18501, 33.83198, Trader Joe's, USA-Bixby Knolls, 4121 Atlantic Ave, +1 (562) 988-0695
-75.28741, 40.00774, Trader Joe's, USA-Ardmore, 112 Coulter Ave, +1 (610) 658-0645
-118.12517, 33.79679, Trader Joe's, USA-Long Beach, 2222 Bellflower Blvd, +1 (562) 596-2514
-118.01176, 34.14020, Trader Joe's, USA-Monrovia, 604 W. Huntington Drive, +1 (626) 358-8884
-119.72972, 36.83069, Trader Joe's, USA-Clovis, 1077 N. Willow, +1 (559) 325-3120
-122.31478, 47.82184, Trader Joe's, USA-Lynnwood, 19500 Highway 99, +1 (425) 744-1346
-111.99667, 33.30498, Trader Joe's, USA-Ahwatukee, 4025 E Chandler Blvd, +1 (480) 759-2295
-121.44453, 38.56075, Trader Joe's, USA-Sacramento, 5000 Folsom Blvd, +1 (916) 456-1853
-71.75132, 42.27467, Trader Joe's, USA-Shrewsbury, 77 Boston Turnpike, +1 (508) 755-9560
-117.38805, 33.95609, Trader Joe's, USA-Riverside, 6225 Riverside Ave, +1 (951) 682-4684
-122.05722, 37.97968, Trader Joe's, USA-Concord, 1150 Concord Ave, +1 (925) 689-2990
-118.29949, 34.17465, Trader Joe's, USA-Burbank, 230 East Alameda, +1 (818) 848-4299
-82.91677, 40.04923, Trader Joe's, USA-Columbus, 3888 Townsfair Way, +1 (614) 473-0794
-87.95077, 41.81068, Trader Joe's, USA-Downers Grove, 122 Ogden Ave, +1 (630) 241-1662
-118.44067, 34.15776, Trader Joe's, USA-Sherman Oaks, 14119 Riverside Drive, +1 (818) 789-2771
-117.65315, 33.45994, Trader Joe's, USA-San Clemente, 638 Camino de los Mares, +1 (949) 240-9996
-115.20792, 36.14847, Trader Joe's, USA-Las Vegas, 2101 S. Decatur Blvd, +1 (702) 367-0227
-122.22176, 47.91017, Trader Joe's, USA-Everett, 811 S. E. Everett Mall Way, +1 (425) 513-2210
-110.89095, 32.25054, Trader Joe's, USA-Tucson, 4766 East Grant Road, +1 (520) 323-4500
-118.62355, 34.19306, Trader Joe's, USA-West Hills, 6751 Fallbrook Center, +1 (818) 883-4134
-83.35834, 42.52833, Trader Joe's, USA-Farmington Hills, 31221 West 14 Mile Road, +1 (248) 737-4609
-118.27228, 34.10717, Trader Joe's, USA-Silverlake, 2738 Hyperion, +1 (323) 665-6774
-71.21937, 42.34951, Trader Joe's, USA-Newton, 1121 Washington Street, +1 (617) 244-1620
-117.78615, 33.70588, Trader Joe's, USA-Irvine, 14443 Culver Drive, +1 (949) 857-8108
-118.38562, 33.81771, Trader Joe's, USA-Redondo Beach, 1761 South Elena Avenue, +1 (310) 316-1745
-112.22459, 33.63826, Trader Joe's, USA-Glendale, 7720 West Bell Road, +1 (623) 776-7414
-122.39581, 37.60418, Trader Joe's, USA-Millbrae, 765 Broadway Ave, +1 (650) 259-9142
-77.04474, 38.81085, Trader Joe's, USA-Alexandria, 612 N. Saint Asaph Street, +1 (703) 548-0611
-117.18249, 34.06021, Trader Joe's, USA-Redlands, 552 Orange Street Plaza, +1 (909) 798-3888
-122.73080, 38.47268, Trader Joe's, USA-Santa Rosa, 3225 Cleveland Avenue, +1 (707) 525-1406
-116.48223, 33.78826, Trader Joe's, USA-Cathedral City, 67720 East Palm Canyon Drive, +1 (760) 202-0090
-118.38045, 33.88722, Trader Joe's, USA-Manhattan Beach, 1821 Manhattan Beach Boulevard, +1 (310) 372-1274
-84.38109, 39.19854, Trader Joe's, USA-Cincinnati, 7788 Montgomery Road, +1 (513) 984-3452
-122.06822, 37.33779, Trader Joe's, USA-Los Altos, 2310 Homestead Road, +1 (408) 245-1917
-121.15475, 38.66960, Trader Joe's, USA-Folsom, 850 East Bidwell, +1 (916) 817-8820
-70.95436, 42.54978, Trader Joe's, USA-Peabody, 300 Andover Street, +1 (978) 977-5316
-118.42267, 34.02006, Trader Joe's, USA-West Los Angeles, 3456 S. Sepulveda Blvd, +1 (310) 836-2458
-110.97495, 32.35029, Trader Joe's, USA-Tucson, 7912 North Oracle, +1 (520) 797-4207
-87.67569, 41.94955, Trader Joe's, USA-Chicago, 3745 North Lincoln Ave, +1 (773) 248-4920
-73.31317, 40.84037, Trader Joe's, USA-Commack, 5010 Jericho Turnpike, +1 (631) 493-9210
-77.00457, 39.03096, Trader Joe's, USA-Silver Spring, 10741 Columbia Pike, +1 (301) 681-1675
-73.64099, 40.62764, Trader Joe's, USA-Oceanside, 3418 Long Beach Road, +1 (516) 536-9163
-121.84590, 39.76083, Trader Joe's, USA-Chico, 801 East Ave, +1 (530) 343-9920
-77.20414, 38.90416, Trader Joe's, USA-Falls Church, 7514 Leesburg Turnpike, +1 (703) 288-0566
-121.86991, 37.70004, Trader Joe's, USA-Pleasanton, 4040 Pimlico #150, +1 (925) 225-3600
-118.39223, 34.14316, Trader Joe's, USA-Studio City, 11976 Ventura Boulevard, +1 (818) 509-0168
-88.05717, 41.85938, Trader Joe's, USA-Glen Ellyn, 680 Roosevelt Road, +1 (630) 858-5077
-87.85346, 41.61934, Trader Joe's, USA-Orland Park, 14924 S. La Grange Road, +1 (708) 349-9021
-87.86971, 41.81676, Trader Joe's, USA-La Grange, 25 North La Grange Road, +1 (708) 579-0838
-118.54556, 34.41926, Trader Joe's, USA-Valencia, 22360 Cinema Drive, +1 (661) 259-4004
-122.07370, 37.68508, Trader Joe's, USA-Castro Valley, 22224 Redwood Road, +1 (510) 538-2738
-74.03589, 40.99261, Trader Joe's, USA-Westwood, 20 Irvington Street, +1 (201) 263-0134
-122.40771, 37.77065, Trader Joe's, USA-San Francisco, 555 Ninth Street, +1 (415) 863-1292
-122.30176, 37.89919, Trader Joe's, USA-El Cerrito, 225 El Cerrito Plaza, +1 (510) 524-7609
-121.99450, 37.29177, Trader Joe's, USA-San Jose, 5269 Prospect Road, +1 (408) 446-5055
-118.24710, 34.14684, Trader Joe's, USA-Glendale, 130 North Glendale Avenue, +1 (818) 637-2990
-121.40041, 38.61806, Trader Joe's, USA-Sacramento, 2625 Marconi Avenue, +1 (916) 481-8797
-90.46813, 38.60094, Trader Joe's, USA-Des Peres, 13343 Manchester Blvd, +1 (314) 984-5051
-118.34409, 34.06978, Trader Joe's, USA-Los Angeles, 263 South La Brea, +1 (323) 965-1989
-119.21097, 34.25793, Trader Joe's, USA-Ventura, 1795 South Victoria Avenue, +1 (805) 650-9977
-117.25962, 33.04658, Trader Joe's, USA-Encinitas, 115 N. El Camino Real, +1 (760) 634-2114
-83.43551, 42.43736, Trader Joe's, USA-Northville, 20490 Haggerty Rd, +1 (734) 464-3675
-75.12312, 40.10823, Trader Joe's, USA-Jenkintown, 933 Old York Road, +1 (215) 885-5240
-122.62737, 38.25008, Trader Joe's, USA-Petaluma, 169 N. McDowell Blvd, +1 (707) 769-2782
-122.33370, 47.46036, Trader Joe's, USA-Burien, 15868 1st. Avenue South, +1 (206) 901-9339
-121.93185, 37.28940, Trader Joe's, USA-Campbell, 1875 Bascom Avenue, +1 (408) 369-7823
-88.33580, 42.15409, Trader Joe's, USA-Algonquin, 1800 S. Randall Rd, +1 (847) 854-4886
-77.35948, 38.96723, Trader Joe's, USA-Reston, 11958 Killingsworth Ave, +1 (703) 689-0865
-75.38889, 39.91770, Trader Joe's, USA-Media, 12 East State Street, +1 (610) 891-2752
-73.80590, 40.97124, Trader Joe's, USA-Scarsdale, 727 White Plains Road, +1 (914) 472-2988
-118.34903, 34.09082, Trader Joe's, USA-West Hollywood, 7304 Santa Monica Boulevard, +1 (323) 851-9772
-121.92141, 36.60635, Trader Joe's, USA-Pacific Grove, 1170 Forest Avenue, +1 (831) 656-0180
-118.35380, 33.85258, Trader Joe's, USA-Torrance, 19720 Hawthorne Blvd, +1 (310) 793-8585
-71.23503, 42.29224, Trader Joe's, USA-Needham, 958 Highland Ave, +1 (781) 449-6993
-121.27449, 38.74398, Trader Joe's, USA-Roseville, 1117 Douglas Boulevard, +1 (916) 784-9084
-88.08019, 42.19749, Trader Joe's, USA-Lake Zurich, 735 West Main Street, +1 (847) 550-7827
-119.05072, 34.22050, Trader Joe's, USA-Camarillo, 363 Carmen Drive, +1 (805) 388-1925
-122.31771, 47.66227, Trader Joe's, USA-Seattle, 4555 Roosevelt Way, +1 (206) 547-6299
-118.39332, 34.02484, Trader Joe's, USA-Culver City, 9290 Culver Boulevard, +1 (310) 202-1108
-122.51698, 37.97064, Trader Joe's, USA-San Rafael, 337 Third Street, +1 (415) 454-9530
-77.18915, 38.78169, Trader Joe's, USA-Springfield, 6394 Springfield Plaza Road, +1 (703) 569-9301
-118.16351, 34.11583, Trader Joe's, USA-South Pasadena, 613 Mission Street, +1 (626) 441-6263
-74.39356, 40.78874, Trader Joe's, USA-Florham Park, 186 Columbia Turnpike, +1 (973) 514-1511
-77.43508, 38.83895, Trader Joe's, USA-Centreville, 14100 Lee Highway, +1 (703) 815-0697
-73.01915, 41.25236, Trader Joe's, USA-Orange, 560 Boston Post Road, +1 (203) 795-5505
-83.16374, 42.49504, Trader Joe's, USA-Royal Oak, 27880 Woodward Ave, +1 (248) 582-9002
-121.87552, 37.25321, Trader Joe's, USA-San Jose, 5353 Almaden Expressway, +1 (408) 927-9091
-117.24800, 32.79822, Trader Joe's, USA-Pacific Beach, 1211 Garnet Avenue, +1 (858) 272-7235
-73.79258, 41.02492, Trader Joe's, USA-Hartsdale, 215 N. Central Ave, +1 (914) 997-1960
-117.07355, 33.10051, Trader Joe's, USA-Escondido, 1885 South Centre City Parkway, +1 (760) 233-4020
-118.25398, 34.23307, Trader Joe's, USA-La Crescenta, 3433 Foothill Boulevard, +1 (818) 249-3693
-119.79020, 36.81496, Trader Joe's, USA-Fresno, 5376 North Blackstone, +1 (559) 222-4348
-122.12749, 37.89101, Trader Joe's, USA-Lafayette, 3649 Mt. Diablo Boulevard, +1 (925) 299-9344
-122.44688, 37.78597, Trader Joe's, USA-San Francisco, 3 Masonic Avenue, +1 (415) 346-9964
-120.59577, 35.12671, Trader Joe's, USA-Arroyo Grande, 955 Rancho Parkway, +1 (805) 474-6114
-122.41377, 37.80547, Trader Joe's, USA-San Francisco, 401 Bay Street, +1 (415) 351-1013
-90.34133, 38.62780, Trader Joe's, USA-Brentwood, 48 Brentwood Promenade Court, +1 (314) 963-9837
-74.24163, 40.96071, Trader Joe's, USA-Wayne, 1172 Hamburg Turnpike, +1 (973) 692-0050
-70.29187, 41.66707, Trader Joe's, USA-Hyannis, 655 Route 132, +1 (508) 790-3008
-119.82404, 34.44119, Trader Joe's, USA-Goleta, 5767 Calle Real, +1 (805) 692-2234
-71.42343, 42.29818, Trader Joe's, USA-Framingham, 659 Worcester Road, +1 (508) 935-2931
-122.30727, 38.32192, Trader Joe's, USA-Napa, 3654 Bel Aire Plaza, +1 (707) 256-0806
-122.31012, 47.61579, Trader Joe's, USA-Seattle, 1700 Madison Street, +1 (206) 322-7268
-70.90760, 42.47858, Trader Joe's, USA-Swampscott, 419 Paradise Road, +1 (781) 598-8700
-122.55462, 45.61942, Trader Joe's, USA-Vancouver, 305 SE Chkalov Drive, +1 (360) 883-9000
-120.67503, 35.24461, Trader Joe's, USA-San Luis Obispo, 3977 South Higuera, +1 (805) 783-2780
-118.73821, 34.27903, Trader Joe's, USA-Simi Valley, 2975 Cochran Street, +1 (805) 520-3135
-76.60187, 39.40177, Trader Joe's, USA-Towson, 1 E. Joppa Road, +1 (410) 296-9851
-83.19449, 42.68081, Trader Joe's, USA-Rochester Hills, 3044 Walton Blvd, +1 (248) 375-2190
-122.74310, 45.41377, Trader Joe's, USA-Lake Oswego, 15391 S. W. Bangy Road, +1 (503) 639-3238
-118.13242, 34.14016, Trader Joe's, USA-Pasadena, 345 S. Lake Blvd, +1 (626) 395-9553
-111.91130, 33.36308, Trader Joe's, USA-Tempe, 6460 South McClintock, +1 (480) 838-4142
-117.07658, 32.98251, Trader Joe's, USA-Carmel Mountain, 11955 Carmel Mountain Road, +1 (858) 673-0526
-121.05349, 37.68777, Trader Joe's, USA-Modesto, 3250 Dale Road, +1 (209) 491-0445
-77.27117, 38.84130, Trader Joe's, USA-Fairfax, 9464 Main Street, +1 (703) 764-8550
-73.46180, 41.08513, Trader Joe's, USA-Darien, 436 Boston Post Road, +1 (203) 656-1414
-122.61953, 45.53612, Trader Joe's, USA-Portland, 4218 N.E. Sandy Blvd, +1 (503) 284-1694
-117.00675, 32.77866, Trader Joe's, USA-La Mesa, 5495 Grossmont Center Drive, +1 (619) 466-0105
-105.95330, 35.67393, Trader Joe's, USA-Santa Fe, 530 West Cordova Rd, +1 (505) 995-8145
-112.26877, 33.60589, Trader Joe's, USA-Sun City, 13602 N. 99th Avenue, +1 (623) 972-0599
-74.07189, 40.94857, Trader Joe's, USA-Paramus, 404 Route 17 North, +1 (201) 265-9624
-118.82687, 34.16331, Trader Joe's, USA-Westlake Village, 3835 East Thousand Oaks Boulevard, +1 (805) 494-5040
-122.05419, 47.54811, Trader Joe's, USA-Issaquah, 1495 11th Avenue N.W., +1 (425) 837-8088
-81.47474, 41.46256, Trader Joe's, USA-Woodmere, 28809 Chagrin Blvd, +1 (216) 360-9320
-73.74645, 40.93736, Trader Joe's, USA-Larchmont, 1260 Boston Post Road, +1 (914) 833-9110
-87.84302, 42.16320, Trader Joe's, USA-Northbrook, 577 Waukegan Road, +1 (847) 498-9076
-122.69495, 45.52618, Trader Joe's, USA-Portland, 2122 N.W. Glisan, +1 (971) 544-0788
-122.53730, 47.22278, Trader Joe's, USA-University Place (Tacoma), 3800 Bridgeport Way West, +1 (253) 460-2672
