-81.513604,30.061161,Winn Dixie 0002 - 2220 CR 210 W; Jacksonville,FL 32259>904-823-2171
-83.870384,30.534743,Winn Dixie 0003 - 1245 S Jefferson St; Monticello,FL 32344>850-997-2247
-81.388677,30.227194,Winn Dixie 0005 - 290 Solana Rd; Ponte Vedra Beach,FL 32082>904-543-8668
-81.800418,30.121717,Winn Dixie 0008 - 1339 Blanding Blvd; Orange Park,FL 32065>904-272-1547
-81.633103,30.460542,Winn Dixie 0012 - 12333 Sago Ave; Jacksonville,FL 32218>904-757-8982
-81.410317,30.324264,Winn Dixie 0018 - 1209 Atlantic Blvd; Neptune Beach,FL 32266>904-241-4368
-81.384092,31.172998,Winn Dixie 0019 - 220 Retreat Village; St Simons Island,GA 31522>912-638-4805
-81.513604,30.061161,Winn Dixie 0021 Liquor - 2220 CR 210 W; Jacksonville,FL 32259>904-808-9961
-81.59276,30.221742,Winn Dixie 0025 - 8775 Old Kings Rd S; Jacksonville,FL 32217>904-636-8962
-83.426696,30.472007,Winn Dixie 0028 - 1219 W Base St; Madison,FL 32340>850-973-2690
-82.602249,29.840664,Winn Dixie 0030 - 20303 N US Hwy 441; High Springs,FL 32643>386-454-3067
-82.602525,29.84132,Winn Dixie 0031 Liquor - 1070 NW Santa Fe Blvd; High Springs,FL 32643>386-454-4845
-83.217696,30.682088,Winn Dixie 0032 - 1060 Lakes Blvd; Lake Park,GA 31636>229-559-6409
-81.652503,30.3312,Winn Dixie 0037 - 777 N Market St; Jacksonville,FL 32202>904-353-6810
-81.701348,30.167287,Winn Dixie 0040 - 1900-1 Park Ave; Orange Park,FL 32073>904-278-2691
-81.597167,30.366088,Winn Dixie 0051 - 6060-10 Ft Caroline Rd; Jacksonville,FL 32277>904-743-0251
-84.32853,30.501578,Winn Dixie 0052 - 3813-10 N Monroe St; Tallahassee,FL 32303>850-562-1369
-81.527052,30.346344,Winn Dixie 0054 - 1531 Monument Rd; Jacksonville,FL 32225>904-646-0771
-81.477972,31.159704,Winn Dixie 0060 - 1941 Glynn Ave; Brunswick,GA 31520>912-267-0557
-83.263017,30.910206,Winn Dixie 0065 - 4036 Bemiss Rd;  Valdosta,GA 31605>229-247-2775
-81.50649,31.248149,Winn Dixie 0067 - 341 Venture Dr; Brunswick,GA 31525>912-264-0698
-81.587183,31.141048,Winn Dixie 0068 - 284 Hyde Park Commons; Brunswick,GA 31523>912-267-1759
-81.578663,30.754049,Winn Dixie 0070 - 2714 Osborne Rd; Saint Marys,GA 31558>912-882-6714
-81.325083,29.879425,Winn Dixie 0077 - 1010 S Ponce De Leon Blvd; Saint Augustine,FL 32084>904-829-5509
-81.554728,30.218532,Winn Dixie 0080 - 9866 Baymeadows Rd; Jacksonville,FL 32256>904-642-6509
-82.637073,30.179321,Winn Dixie 0081 - 580 S Marion Ave; Lake City,FL 32025>386-755-4404
-82.63785,30.18244,Winn Dixie 0082 Liquor - 580 S Marion Ave; Lake City,FL 32025>386-755-5907
-81.447432,30.679959,Winn Dixie 0084 - 947 Ameila Plaza; Fernandina Beach,FL 32034>904-277-2539
-82.113472,29.944213,Winn Dixie 0085 - 470 W Madison St; Starke,FL 32091>904-964-8673
-84.261624,30.441572,Winn Dixie 0086 - 111-39 S Magnolia Dr; Tallahassee,FL 32301>850-656-2219
-81.698085,30.379071,Winn Dixie 0089 - 2261 Edgewood Ave W; Jacksonville,FL 32209>904-764-3438
-84.261624,30.441572,Winn Dixie 0090 Liquor - 111-39 S Magnolia Dr; Tallahassee,FL 32301>850-656-7800
-81.877246,30.06087,Winn Dixie 0093 - 2720 Blanding Blvd; Middleburg,FL 32068>904-282-3070
-81.877246,30.06087,Winn Dixie 0094 Liquor - 2720 Blanding Blvd; Middleburg,FL 32068>904-291-2418
-81.711149,30.102125,Winn Dixie 0103 - 1545 CR 220; Fleming Island,FL 32003>904-264-0398
-83.583794,30.098492,Winn Dixie 0104 - 2057 S Byron Butler Pkwy; Perry,FL 32348>850-584-5614
-81.410317,30.324264,Winn Dixie 0106 Liquor - 1209 Atlantic Blvd; Neptune Beach,FL 32266>904-249-1917
-81.604671,30.276077,Winn Dixie 0107 - 5909 University Blvd W; Jacksonville,FL 32216>904-448-6100
-84.283314,30.405345,Winn Dixie 0116 - 110 Paul Russell Rd; Tallahassee,FL 32301>850-656-7020
-81.696882,30.245225,Winn Dixie 0123 - 5647 Roosevelt Blvd; Jacksonville,FL 32244>904-384-0711
-84.312676,30.463394,Winn Dixie 0125 - 1625 W Tharpe St; Tallahassee,FL 32303>850-297-2555
-81.314939,29.88173,Winn Dixie 0129 - 3905 A1A S; Saint Augustine,FL 32080>904-471-5115
-81.314939,29.88173,Winn Dixie 0130 Liquor - 3907 A1A S; Saint Augustine,FL 32080>904-471-5065
-81.809172,30.04658,Winn Dixie 0135 - 2851 Henley Rd; Green Cove Springs,FL 32043>904-899-6900
-81.809172,30.04658,Winn Dixie 0136 Liquor - 2851 Henley Rd; Green Cove Springs,FL 32043>904-899-6902
-81.706152,30.023079,Winn Dixie 0138 - 3260 Hwy 17; Green Cove Springs,FL 32043>904-529-8888
-83.292099,30.875226,Winn Dixie 0140 - 3200 N Ashley St; Valdosta,GA 31602>229-242-0917
-81.632438,30.159721,Winn Dixie 0141 - 11701-10 San Jose Blvd; Jacksonville,FL 32223>904-886-1976
-81.877439,30.65528,Winn Dixie 0142 - 541494 US Hwy 1; Hilliard,FL 32046>904-845-3782
-81.632438,30.159721,Winn Dixie 0143 Liquor - 11701-10 San Jose Blvd; Jacksonville,FL 32223>904-680-1032
-82.123039,30.25621,Winn Dixie 0144 - 1436 S SR 121; MacClenny,FL 32063>904-259-2204
-81.745651,30.174331,Winn Dixie 0145 - 248 Blanding Blvd; Orange Park,FL 32073>904-276-4200
-82.328814,29.636361,Winn Dixie 0150 Liquor - 300 SW 16th Ave; Gainesville,FL 32601>352-379-0023
-81.827065,30.566566,Winn Dixie 0151 - 450078 SR 200; Callahan,FL 32011>904-879-4833
-81.779694,30.293544,Winn Dixie 0153 - 7921 Normandy Blvd; Jacksonville,FL 32221>904-783-6901
-81.676816,29.639388,Winn Dixie 0156 Liquor - 901 S SR 19; Palatka,FL 32177>386-328-3053
-81.525143,31.22379,Winn Dixie 0159 - 5420 New Jesup Hwy; Brunswick,GA 31523>912-264-5429
-82.320451,29.676152,Winn Dixie 0160 - 2500 N Main St; Gainesville,FL 32609>580-482-8189
-81.578816,30.312405,Winn Dixie 0161 - 49 Arlington Rd S; Jacksonville,FL 32216>904-721-3069
-81.676816,29.639388,Winn Dixie 0163 - 901 S SR 19; Palatka,FL 32177>386-328-6239
-81.655247,30.789151,Winn Dixie 0166 - 1390 Boone Ave Ext E; Kingsland,GA 31548>912-729-3621
-81.698157,30.438676,Winn Dixie 0167 - 3000 Dunn Ave; Jacksonville,FL 32218>904-765-4543
-84.565279,30.90407,Winn Dixie 0169 - 915 Shotwell St; Bainbridge,GA 39819>229-246-3454
-82.455952,29.38608,Winn Dixie 0171 - 727 W Noble Ave; Williston,FL 32696>352-528-5551
-83.275157,30.817918,Winn Dixie 0173 - 1105 Madison Hwy; Valdosta,GA 31601>229-242-0127
-81.471388,30.319135,Winn Dixie 0174 - 12777 Atlantic Blvd; Jacksonville,FL 32225>904-221-3062
-81.795984,30.196135,Winn Dixie 0176 - 8560 Argyle Forest Blvd; Jacksonville,FL 32244>904-779-5000
-81.735705,30.271143,Winn Dixie 0177 - 3538 Blanding Blvd; Jacksonville,FL 32210>904-779-5906
-81.526301,30.28669,Winn Dixie 0179 - 11380-8 Beach Blvd; Jacksonville,FL 32216>904-996-0990
-81.544472,30.624179,Winn Dixie 0180 - 96076 Lofton Square Ct; Yulee,FL 32097>904-261-6100
-81.325977,29.925075,Winn Dixie 0182 - 3551 N Ponce De Leon Blvd; Saint Augustine,FL 32084>904-824-6233
-81.737588,30.271522,Winn Dixie 0183 Liquor - 3538-A Blanding Blvd; Jacksonville,FL 32210>904-771-2822
-84.594715,30.587349,Winn Dixie 0184 - 1632 W Jefferson St; Quncy,FL 32351>850-627-1134
-84.371484,30.193016,Winn Dixie 0186 - 2629 Crawfordville Hwy; Crawfordville,FL 32327>850-926-2204
-81.795984,30.196135,Winn Dixie 0187 Liquor - 8560 Argyle Forest Blvd; Jacksonville,FL 32244>904-771-5337
-81.644942,30.260738,Winn Dixie 0190 - 1520 University Blvd W; Jacksonville,FL 32217>904-448-5400
-81.735521,30.309278,Winn Dixie 0191 - 5207 Normandy Blvd; Jacksonville,FL 32205>904-786-5181
-81.684612,30.370368,Winn Dixie 0194 - 5250 Moncrief Rd W; Jacksonville,FL 32209>904-768-8600
-82.111243,28.680177,Winn Dixie 0196 - 1115 N Summit St; Crescent City,FL 32112>386-698-4900
-82.259446,29.077367,Winn Dixie 0196 - 8445 SW Hwy 200; Ocala,FL 34481>352-854-1122
-82.328814,29.636361,Winn Dixie 0197 - 300 SW 16th Ave; Gainesville,FL 32601>352-378-5001
-83.235539,30.250405,Winn Dixie 0198 - 911 Pinewood Dr SW; Live Oak,FL 32064>386-362-6300
-81.84844,30.306198,Winn Dixie 0199 - 703 Chaffee Rd S; Jacksonville,FL 32221>904-693-4853
-80.291846,25.881455,Winn Dixie 0201 - 6500 W 4th Ave; Hialeah,FL 33012>305-558-7618
-80.163795,25.983837,Winn Dixie 0203 - 1055 W Hallandale Beach Blvd; Hallandale ,FL 33009>954-457-7380
-80.15416,26.137746,Winn Dixie 0204 - 1035 NW 9th Ave; Fort Lauderdale,FL 33311>954-763-2184
-80.097911,26.273751,Winn Dixie 0207 - 3435 N Federal Hwy; Pompano Beach,FL 33064>954-781-0226
-80.27852,26.014651,Winn Dixie 0209 - 701 NW 99th Ave; Pembroke Pines,FL 33025>954-435-0182
-80.187942,26.186131,Winn Dixie 0210 - 3116 W Commercial Blvd; Fort Lauderdale,FL 33309>954-739-9607
-80.229402,26.707342,Winn Dixie 0212 - 1135 Royal Palm Beach Blvd; West Palm Beach,FL 33411>561-793-0422
-80.215238,25.823327,Winn Dixie 0214 - 1150 NW 54th St; Miami,FL 33127>305-757-0696
-80.296786,26.030552,Winn Dixie 0218 - 2581 N Hiatus Rd; Hollywood,FL 33026>954-436-1165
-80.112975,26.637977,Winn Dixie 0221 - 2675 S Military Trl; West Palm Beach,FL 33415>561-964-1944
-80.130874,26.101434,Winn Dixie 0226 - 1625 Cordova Rd; Fort Lauderdale,FL 33316>954-763-2275
-80.156833,26.227258,Winn Dixie 0228 - 277 S Pompano Pkwy; Pompano,FL 33069>954-974-1263
-80.117167,26.157521,Winn Dixie 0230 - 2420 N Federal Hwy; Fort Lauderdale,FL 33305>954-764-2454
-80.29699,25.939371,Winn Dixie 0231 - 5850 NW 183rd St; Hialeah,FL 33015>305-819-0097
-80.210222,25.875917,Winn Dixie 0233 - 11030 NW 7th Ave; Miami,FL 33168>877-932-7948
-80.22485,25.808126,Winn Dixie 0235 - 3401 NW 18th; Ave Miami,FL 33142>305-634-4492
-80.153504,26.092653,Winn Dixie 0236 - 941 W SR 84; Fort Lauderdale,FL 33315>954-763-2191
-80.137585,26.934662,Winn Dixie 0238 - 6707 W Indiantown Rd; Jupiter,FL 33458>561-575-0944
-80.429325,25.728761,Winn Dixie 0239 - 14555 SW 42nd St; Miami,FL 33175>305-552-8349
-80.260696,25.833709,Winn Dixie 0242 - 1201 E 10th Ave; Hialeah,FL 33010>305-863-3317
-80.293773,25.866743,Winn Dixie 0243 - 541 W 49th St; Hialeah,FL 33012>305-556-6588
-80.211737,25.973789,Winn Dixie 0244 - 6301 County Line Rd; Miramar,FL 33023>954-981-1424
-80.244737,25.931236,Winn Dixie 0246 - 17221 NW 27th Ave; Miami Gardens,FL 33056>305-625-6155
-80.213315,25.784731,Winn Dixie 0247 - 1155 NW 11th St; Miami,FL 33136>305-545-0127
-80.201319,26.257874,Winn Dixie 0248 - 2450 N SR 7; Pompano Beach,FL 33063>954-977-4207
-80.304369,25.733302,Winn Dixie 0249 - 6770 Bird Rd; Miami,FL 33155>305-661-1863
-80.375053,25.978654,Winn Dixie 0250 - 17101 Miramar Pkwy; Hollywood,FL 33027>954-704-1884
-80.248084,25.750163,Winn Dixie 0251 - 3275 SW 22nd; Miami,FL 33145>305-460-9596
-80.219356,25.750999,Winn Dixie 0252 - 1525 Coral Way; Miami,FL 33145>305-854-8479
-80.377773,25.733759,Winn Dixie 0254 - 11241 SW 40th St; Miami,FL 33165>305-221-3660
-80.122793,26.459701,Winn Dixie 0255 - 14595 S Military Trl; Delray Beach,FL 33484>561-637-2360
-80.375253,25.980548,Winn Dixie 0258 Liquor - 17131 Miramar Pkwy; Hollywood,FL 33027>954-704-8559
-80.05878,26.514151,Winn Dixie 0259 - 1620 S Federal Hwy; Boynton Beach,FL 33435>561-736-1264
-80.112975,26.637977,Winn Dixie 0261 Liquor - 2675 S Military Trl; West Palm Beach,FL 33415>561-964-2307
-80.328418,25.91492,Winn Dixie 0262 - 15450 NW 77th Ct; Miami Lakes,FL 33016>305-558-9207
-80.122793,26.459701,Winn Dixie 0266 Liquor - 14595 S Military Trl; Delray Beach,FL 33484>561-637-6105
-81.073457,24.71651,Winn Dixie 0267 - 5585 Overseas Hwy; Marathon,FL 33050>305-743-3636
-80.338587,25.882917,Winn Dixie 0270 - 2750 W 68th St Ste 201; Hialeah,FL 33016>305-828-0812
-80.053724,26.572586,Winn Dixie 0271 - 1491 S Dixie Hwy; Lake Worth,FL 33462>561-586-5820
-80.102596,26.903474,Winn Dixie 0272 - 3757 Military Trl; Jupiter,FL 33458>561-746-9779
-80.22337,26.024649,Winn Dixie 0274 - 6775 Taft St; Hollywood,FL 33024>954-985-0490
-80.097911,26.273751,Winn Dixie 0277 Liquor - 3435 N Federal Hwy; Pompano Beach,FL 33064>954-781-6821
-80.13653,26.131391,Winn Dixie 0279 Liquor - 678 N Federal Hwy; Fort Lauderdale,FL 33304>954-764-2245
-80.367342,25.812728,Winn Dixie 0280 - 10505 NW 41st St; Miami,FL 33178>305-591-0780
-80.338144,25.748537,Winn Dixie 0283 - 855 Coral Way; Miami,FL 33165>305-220-9268
-80.288822,25.702883,Winn Dixie 0285 - 5850 SW 73rd St; Miami,FL 33143>305-666-5241
-80.303881,25.761885,Winn Dixie 0286 - 948 SW 67th Ave; Miami,FL 33144>856-767-7330
-80.4312,25.670376,Winn Dixie 0287 - 14655 SW 104th St; Miami,FL 33186>305-388-1518
-80.143074,25.964841,Winn Dixie 0289 Liquor - 20417 Biscayne Blvd; Miami,FL 33180>305-935-4250
-80.137312,26.131127,Winn Dixie 0290 - 680 N Federal Hwy; Fort Lauderdale,FL 33304>954-764-2454
-80.143074,25.964841,Winn Dixie 0291 - 20417 Biscayne Blvd; Miami,FL 33180>305-935-2969
-80.315441,25.866518,Winn Dixie 0292 - 1630 W 49th St; Hialeah,FL 33012>305-822-7811
-80.315795,25.86494,Winn Dixie 0293 Liquor - 1640 W 49th St; Hialeah,FL 33012>305-822-7740
-80.074549,26.753465,Winn Dixie 0295 - 1225 45th St Ste 301; West Palm Beach,FL 33407>561-845-0559
-80.146477,26.170658,Winn Dixie 0296 - 3500 N Andrews Ave; Fort Lauderdale,FL 33309>954-564-0160
-80.323699,25.673695,Winn Dixie 0297 - 7930 SW 104th St Miami,FL 33156>305-595-0422
-80.108174,26.706619,Winn Dixie 0299 - 4360 Okeechobee Blvd; West Palm Beach,FL 33409>561-616-9525
-80.300132,26.110829,Winn Dixie 0300 Liquor - 11292 W SR 84; Davie,FL 33325>954-916-0733
-80.472496,25.477138,Winn Dixie 0302 - 240 NE 8th St; Homestead,FL 33030>618-252-8677
-80.293735,25.866685,Winn Dixie 0303 Liquor - 539 W 49th St; Hialeah,FL 33012>305-556-0256
-80.20294,26.144844,Winn Dixie 0304 - 1531 N SR 7; Fort Lauderdale,FL 33313>954-791-4516
-80.135139,27.060127,Winn Dixie 0305 - 8867 SE Bridge Rd; Hobe Sound,FL 33455>772-546-3221
-80.132051,25.98699,Winn Dixie 0306 - 1515 E Hallandale Beach Blvd; Hallandale,FL 33009>954-454-6676
-80.238073,27.17891,Winn Dixie 0307 - 2160 SE Federal Hwy; Stuart,FL 34994>772-221-3260
-80.237958,27.245043,Winn Dixie 0308 - 1105 NE Jensen Beach Blvd; Jensen Beach,FL 34957>772-334-7270
-80.056433,26.647074,Winn Dixie 0309 - 7915 S Dixie Hwy; West Palm Beach,FL 33405>561-585-8460
-80.300132,26.110829,Winn Dixie 0311 - 11290 W SR 84; Davie,FL 33325>954-916-4121
-80.13209,25.987105,Winn Dixie 0314 Liquor - 1515 E Hallandale BCH Blvd; Hallandale,FL 33009>954-454-7824
-81.772702,24.565705,Winn Dixie 0317 - 2778 N Roosevelt Blvd; Key West,FL 33040>305-294-0658
-80.163863,25.690031,Winn Dixie 0318 - 604 Crandon Blvd; Key Biscayne,FL 33149>305-361-8261
-80.463444,25.486721,Winn Dixie 0319 - 30346 S Dixie Hwy; Homestead,FL 33030>305-246-3998
-80.056433,26.647074,Winn Dixie 0322 Liquor - 7915 S Dixie Hwy; West Palm Beach,FL 33405>561-585-8950
-81.772732,24.565673,Winn Dixie 0324 Liquor - 2760 N Roosevelt Blvd; Key West,FL 33040>305-294-0658
-80.25264,26.208882,Winn Dixie 0326 - 7015 N University Dr; Tamarac,FL 33321>954-720-4770
-80.23816,27.179233,Winn Dixie 0327 Liquor - 2150 S Federal Hwy; Stuart,FL 34994>772-221-8688
-80.620474,24.93346,Winn Dixie 0328 - 92100 Overseas Hwy Tavernier,FL 33070>305-852-5904
-80.188888,26.10493,Winn Dixie 0330 - 3260 Davie Blvd; Fort Lauderdale,FL 33312>954-587-0624
-80.829596,27.212804,Winn Dixie 0331 - 3246 US Hwy 441 S; Okeechobee,FL 34974>863-763-8354
-80.106152,26.807879,Winn Dixie 0333 - 8924 N Military Trl; Palm Beach Gardens,FL 33410>561-622-0143
-80.190711,26.045098,Winn Dixie 0336 - 3850 N 46th Ave; Hollywood,FL 33021>954-987-7537
-80.212924,25.91187,Winn Dixie 0343 - 14900 NW 7th Ave; Miami,FL 33168>305-685-9586
-80.093228,26.304445,Winn Dixie 0345 - 1019 S Federal Hwy; Deerfield Beach,FL 33441>954-426-4404
-80.268517,26.120948,Winn Dixie 0348 - 7139 W Broward Blvd; Fort Lauderdale,FL 33317>954-792-1405
-80.199963,26.271485,Winn Dixie 0349 - 5600 W Sample Rd; Margate ,FL 33073>954-977-0902
-80.384639,25.160098,Winn Dixie 0352 - 105300 Overseas Hwy; Key Largo,FL 33037>305-451-0328
-80.351181,25.769117,Winn Dixie 0353 - 9565 W Flagler St; Miami,FL 33174>305-221-0640
-80.138465,26.051462,Winn Dixie 0354 - 308 E Dania Beach Blvd; Dania,FL 33004>954-920-0733
-80.154698,26.352005,Winn Dixie 0355 - 7024 Beracasa Way; Boca Raton,FL 33433>561-368-5442
-80.185244,25.96185,Winn Dixie 0357 - 980 Ives Dairy Rd; Miami,FL 33179>305-653-2657
-81.357215,24.672903,Winn Dixie 0358 - 251 Key Deer Blvd; Big Pine Key,FL 33043>305-872-4124
-80.382188,25.698478,Winn Dixie 0359 - 7480 SW 117th Ave; Miami,FL 33183>305-274-7563
-80.435786,25.699185,Winn Dixie 0361 - 15050 SW 72 St; Miami,FL 33193>305-385-0814
-80.208746,27.140982,Winn Dixie 0364 - 3320 SE Salerno Rd; Stuart,FL 34997>772-283-2511
-80.208556,27.141155,Winn Dixie 0365 Liquor - 3310 SE Salerno Rd Stuart,FL 34997>772-283-9565
-80.256236,25.781358,Winn Dixie 0366 - 3701 NW 7th St; Miami,FL 33126>305-541-8688
-80.055944,26.690301,Winn Dixie 0368 - 500 Belvedere Rd; West Palm Beach,FL 33405>561-659-7662
-80.334758,25.700947,Winn Dixie 0370 - 8710 SW 72nd St; Miami,FL 33173>305-279-5719
-80.358672,25.589998,Winn Dixie 0371 - 19167 S Dixie Hwy; Cutler Bay,FL 33157>305-232-1316
-80.163863,25.690031,Winn Dixie 0373 Liquor - 624 Crandon Blvd; Key Biscayne,FL 33149>305-365-0771
-80.090373,26.651175,Winn Dixie 0375 - 3131 Forest Hill Blvd; West Palm Beach,FL 33406>561-967-0499
-80.267868,26.176246,Winn Dixie 0377 - 4201 NW 88th Ave; Fort Lauderdale,FL 33351>954-749-9507
-80.132723,25.929906,Winn Dixie 0378 - 3805 NE 163rd St; North Miami Beach,FL 33160>305-949-8298
-80.670613,26.675491,Winn Dixie 0381 - 900 S Main St; Belle Glade,FL 33430>561-996-7886
-80.388636,25.627662,Winn Dixie 0384 - 12107 SW 152nd St; Miami,FL 33177>305-232-4013
-80.431503,25.512564,Winn Dixie 0385 - 27359 S Dixie Hwy; Homestead,FL 33032>305-248-0660
-80.099357,26.174523,Winn Dixie 0386 - 3800 N Ocean Blvd; Fort Lauderdale,FL 33308>954-563-4110
-80.380869,25.59327,Winn Dixie 0387 - 18801 SW 117th Ave; Miami,FL 33177>305-252-6837
-80.414689,25.597631,Winn Dixie 0388 - 18300 SW 137th Ave; Miami,FL 33177>305-234-3929
-80.414689,25.597631,Winn Dixie 0389 Liquor - 18302 SW 137th Ave; Miami,FL 33177>305-234-0265
-80.054083,26.792192,Winn Dixie 0390 - 3700 Broadway; West Palm Beach,FL 33404>561-494-0858
-80.3884,25.627121,Winn Dixie 0393 Liquor - 12095 SW 152nd St; Miami,FL 33177>305-254-8928
-80.248613,25.750115,Winn Dixie 0394 Liquor - 3299 SW 22nd; Miami,FL 33145>305-445-3938
-80.199963,26.271523,Winn Dixie 0395 Liquor - 5600 W Sample Rd; Margate ,FL 33073>954-984-9824
-80.147681,26.571154,Winn Dixie 0396 Liquor - 6574 Hypoluxo Rd; Lake Worth,FL 33467>561-649-5225
-80.147699,26.571201,Winn Dixie 0397 - 6600 Hypoluxo Rd; Lake Worth,FL 33467>561-966-2177
-80.377773,25.733759,Winn Dixie 0399 Liquor - 11241 SW 40th St; Miami,FL 33165>305-223-4280
-86.353956,33.268548,Winn Dixie 0400 - 33404 US Hwy 280; Childersburg,AL 35044>256-378-7736
-86.878223,33.495973,Winn Dixie 0405 - 2220 Bessemer Rd; Birmingham,AL 35208>205-788-6651
-87.481685,33.197568,Winn Dixie 0407 - 4205 University Blvd E; Tuscaloosa,AL 35404>205-553-3360
-86.283009,33.598547,Winn Dixie 0410 - 1009 Martin St S; Pell City,AL 35128>205-884-1001
-86.633553,32.84992,Winn Dixie 0411 - 640 Ollie Ave; Clanton,AL 35045>205-755-6765
-87.084381,30.38699,Winn Dixie 0412 - 3355 Gulf Breeze Pkwy; Gulf Breeze,FL 32563>850-932-0858
-85.449289,31.233291,Winn Dixie 0422 - 3850 W Main St; Dothan,AL 36305>334-793-4518
-85.431963,31.258484,Winn Dixie 0426 - 1571 Westgate Pkwy; Dothan,AL 36303>334-794-4377
-86.210711,32.518987,Winn Dixie 0428 - 5326 US Hwy 231; Wetumpka,AL 36092>334-567-2386
-85.829877,33.654649,Winn Dixie 0429 - 800 Noble St; Anniston,AL 36201>573-754-5871
-85.098406,32.470392,Winn Dixie 0433 - 3952 Us Hwy 80; W Phenix City,AL 36870>334-214-0123
-85.858238,33.715483,Winn Dixie 0434 - 2495 US Hwy; 431 Anniston,AL 36206>603-635-3001
-86.728174,33.519045,Winn Dixie 0435 - 4476 Montevallo Rd; Birmingham,AL 35213>205-951-6768
-85.64924,30.231578,Winn Dixie 0436 - 1812 S Hwy 77; Lynn Haven,FL 32444>850-271-8016
-85.363446,32.663371,Winn Dixie 0437 - 1441 Foxrun Pkwy; Opwlika,AL 36801>334-741-4140
-84.953804,32.542887,Winn Dixie 0439 - 6770 Veterans Pkwy; Columbus,GA 31909>706-653-0574
-86.036257,33.959428,Winn Dixie 0442 - 3331 Rainbow Dr; Rainbow City,AL 35906>575-347-9998
-84.919075,32.490602,Winn Dixie 0443 - 4231 Macon Rd; Columbus,GA 31907>706-563-6928
-86.694888,33.418396,Winn Dixie 0445-  500 Inverness Corners; Hoover,AL 35242>205-991-0230
-86.349994,32.309928,Winn Dixie 0446 - 4724 Mobile Hwy; Montgomery,AL 36108>334-286-9770
-85.786276,33.629093,Winn Dixie 0447 - 1408 Golden Springs Rd; Anniston,AL 36207>256-831-9960
-86.177145,32.33857,Winn Dixie 0448 - 7946 Vaughn Rd; Montgomery,AL 36116>334-272-5979
-86.377785,32.51468,Winn Dixie 0451 - 3625 Hwy 14; Millbrook,AL 36054>334-285-7997
-87.589461,33.200727,Winn Dixie 0453 - 1503 Culver Rd; Tuscaloosa,AL 35401>205-758-3968
-85.398994,31.189862,Winn Dixie 0454 - 2131 Ross Clark Cir; Dothan,AL 36301>334-677-6067
-85.64924,30.231578,Winn Dixie 0455 Liquor - 1812 S Hwy 77; Lynn Haven,FL 32444>850-271-2023
-85.994476,32.953891,Winn Dixie 0456 - 1061 Hwy 280 E; Alexander City,AL 35010>256-234-5141
-85.361656,31.213051,Winn Dixie 0457 - 1151 Ross Clark Cir; Dothan,AL 36301>334-673-1604
-86.801887,33.622992,Winn Dixie 0458 - 1721 Hwy 31 N; Fultondale,AL 35068>205-841-2420
-86.199711,32.382346,Winn Dixie 0460 - 5841 Atlanta Hwy; Montgomery,AL 36117>334-277-9652
-86.616504,33.616996,Winn Dixie 0461 - 465 Main St; Trussville,AL 35173>205-661-0026
-85.928303,33.596746,Winn Dixie 0462 - 4920 US Hwy 78 W; Oxford,AL 36203>603-749-9361
-86.223876,32.345615,Winn Dixie 0463 - 2730 Easton Blvd; Montgomery,AL 36117>334-272-4513
-86.284148,32.358578,Winn Dixie 0464 - 1740 Carter Hill Rd; Montgomery,AL 36106>334-269-5554
-87.085188,30.385864,Winn Dixie 0466 Liquor - 3327 Gulf Breeze Pkwy; Gulf Breeze,FL 32563>850-916-7872
-85.447794,32.610227,Winn Dixie 0470 - 1625 E University Dr; Auburn,AL 36830>334-887-9517
-86.51847,31.28393,Winn Dixie 0471 - 1130 Dr MLK Expy; Andalusia,AL 36420>334-222-9121
-88.680304,32.377795,Winn Dixie 0472 - 2014 Hwy 45 N; Meridian,MS 39301>601-482-5752
-88.256448,30.778707,Winn Dixie 0473 - 9082 Moffett Rd; Semmes,AL 36575>251-649-1646
-85.832376,31.324758,Winn Dixie 0476 - 705 Boll Weevil Cir; Enterprise,AL 36330>334-347-4303
-85.146834,31.878031,Winn Dixie 0478 - 1055 S Eufaula Ave; Eufaula,AL 36027>334-687-8796
-87.551129,33.115435,Winn Dixie 0479 - 9750 Highway 69 S; Tuscaloosa,AL 35405>205-366-0355
-84.888098,32.524326,Winn Dixie 0480 - 5750 Milgen Rd; Columbus,GA 31907>706-561-1342
-85.606912,30.213839,Winn Dixie 0481 - 3621 N Hwy 231; Panama City ,FL 32404>850-914-2333
-85.606912,30.213839,Winn Dixie 0481 Liquor - 3619 N Hwy 231; Panama City,FL 32404>850-914-0643
-84.916058,32.466745,Winn Dixie 0482 - 1100 Hunt Ave; Columbus,GA 31907>706-562-9919
-87.416243,30.325209,Winn Dixie 0483 Liquor - 13019 Sorrento Rd; Pensacola,FL 32507>850-492-8925
-85.606912,30.213839,Winn Dixie 0485 Liquor - 3619 N Hwy 231; Panama City ,FL 32404>850-785-0643
-85.70252,30.189577,Winn Dixie 0487 - 3157 W 23rd St; Panama City,FL 32405>850-747-0777
-85.974846,30.26276,Winn Dixie 0488 - 23202 Front Beach Rd; Panama City Beach,FL 32413>850-234-2001
-87.055455,30.632286,Winn Dixie 0489 - 5428 Dogwood Dr; Milton,FL 32570>850-626-9800
-87.591128,30.268648,Winn Dixie 0490 - 25405 Perdido Beach Blvd; Orange Beach,AL 36561>508-883-3708
-87.416243,30.325209,Winn Dixie 0493 - 13019 Sorrento Rd; Pensacola,FL 32507>850-492-2076
-85.893012,30.224291,Winn Dixie 0494 - 17184 Front Beach Rd; Panama City Beach,FL 32413>850-234-2289
-87.301063,30.460729,Winn Dixie 0495 - 5975 Mobile Hwy; Pensacola,FL 32526>850-453-3846
-87.245606,33.8421,Winn Dixie 0496 - 2405 Hwy 78 E; Jasper,AL 35501>205-221-2449
-85.893012,30.224291,Winn Dixie 0497 Liquor - 17186 Front Beach Rd; Panama City Beach,FL 32413>850-234-2142
-87.296603,30.579921,Winn Dixie 0498 - 1550 S Hwy 29; Cantonment,FL 32533>850-968-3388
-86.681777,33.694727,Winn Dixie 0500 - 4701 Center Point Rd; Pinson,AL 35126>205-680-2550
-86.859818,30.401967,Winn Dixie 0501 - 8674 Navarre Pkwy; Navarre,FL 32566>850-939-5627
-86.268735,32.420836,Winn Dixie 0503 - 2055 Coliseum Blvd; Montgomery,AL 36110>334-271-6456
-87.18718,30.498277,Winn Dixie 0504 - 7135 N 9th Ave; Pensacola,FL 32504>850-476-0494
-85.974846,30.26276,Winn Dixie 0505 Liquor - 2320 Front Beach Rd; Panama City Beach,FL 32413>850-234-2001
-87.220311,30.524999,Winn Dixie 0506 - 312 E Nine Mile Rd; Pensacola,FL 32514>850-478-7488
-87.147072,30.603949,Winn Dixie 0507 - 4224 Hwy 90; Milton,FL 32571>850-994-4240
-86.630854,33.346473,Winn Dixie 0509 - 150 Chelsea Corners; Chelsea,AL 35043>205-678-8808
-86.352483,30.37733,Winn Dixie 0510 - 65 Poinciana Blvd; Miramar Beach,FL 32550>850-650-2139
-86.352483,30.37733,Winn Dixie 0511 Liquor - 65 Poinciana Blvd; Miramar Beach,FL 32550>850-650-2159
-87.486851,31.022578,Winn Dixie 0512 - 600 E Church St; Atmore,AL 36502>505-473-2204
-86.73955,33.383616,Winn Dixie 0514 - 2653 Valleydale Rd; Birmingham,AL 35244>205-995-4962
-87.301063,30.460729,Winn Dixie 0515 Liquor - 5977 Mobile Hwy; Pensacola,FL 32526>850-453-0292
-86.731179,33.462706,Winn Dixie 0517 - 3925 Crosshaven Dr; Vestavia,AL 35243>205-969-2307
-87.068617,31.135342,Winn Dixie 0518 - 1730 Douglas Ave; Brewton,AL 36426>508-695-9111
-87.040994,32.431905,Winn Dixie 0520 - 1352 E Highland Ave; Selma,AL 36703>334-872-9524
-86.246615,32.383454,Winn Dixie 0521 - 3881 Atlanta Hwy; Montgomery,AL 36109>334-271-0757
-85.76155,33.806659,Winn Dixie 0525 - 815 Pelham Rd S; Jacksonville,AL 36265>256-435-5217
-87.601148,33.304712,Winn Dixie 0526 - 13580 Hwy 43 N; Northport,AL 35475>205-333-0321
-86.454755,32.460484,Winn Dixie 0527 - 701 E Main St; Prattville,AL 36067>334-365-7015
-87.553447,33.236467,Winn Dixie 0528 - 10 McFarland Blvd; Northport,AL 35476>205-345-2735
-86.227153,32.314444,Winn Dixie 0531 - 4035 Eastern Blvd Pkwy; Montgomery,AL 36116>334-284-2611
-88.678701,32.411503,Winn Dixie 0533 - 5100 Hwy 39 N; Meridian,MS 39301>601-485-0808
-87.342331,30.402211,Winn Dixie 0535 - 50 S Blue Angel Pkwy; Pensacola,FL 32506>850-457-1395
-85.591421,30.144888,Winn Dixie 0538 - 132 S Tyndall Pkwy; Panama City,FL 32404>850-913-0086
-86.6388,30.447604,Winn Dixie 0541 - 798 Beal Pkwy NW; Fort Walton Beach ,FL 32547>850-864-3891
-87.065481,32.397702,Winn Dixie 0543 - 1952 W Dallas Ave; Selma,AL 36701>334-872-7007
-85.591421,30.144888,Winn Dixie 0548 Liquor - 120 S Tyndall Pkwy; Panama City,FL 32404>850-763-3830
-88.225298,30.706031,Winn Dixie 0549 - 740 Schillinger Rd N; Mobile,AL 36608>508-428-1278
-86.983648,33.452048,Winn Dixie 0550 - 104 River Square Plz; Bessemer,AL 35023>205-491-5145
-86.42002,30.486407,Winn Dixie 0551 - 4512 E Hwy 20; Niceville,FL 32578>850-897-3535
-85.75296,30.158719,Winn Dixie 0552 - 2533 Thomas Dr; Panama City,FL 32408>850-234-1200
-85.222897,30.774893,Winn Dixie 0555 - 4478 Market St; Marianna,FL 32446>850-482-5303
-87.206948,30.469624,Winn Dixie 0556 - 4751 Bayou Blvd; Pensacola,FL 32503>850-479-9186
-86.558091,30.792672,Winn Dixie 0558 - 1326 N Ferdon Blvd; Crestview,FL 32536>850-689-1551
-86.477791,30.388591,Winn Dixie 0560 - 981 Hwy 98 E; Destin,FL 32541>850-654-5353
-86.350422,30.376232,Winn Dixie 0561 - 130 Scenic Gulf Dr; Miramar Beach,FL 32550>850-837-4849
-88.224838,30.63901,Winn Dixie 0564 - 2502 Schillinger Rd S; Mobile,AL 36695>251-634-8811
-86.60784,30.41738,Winn Dixie 0566 - 99 Eglin Pkwy NE; Fort Walton Beach,FL 32548>850-244-4261
-86.477791,30.388591,Winn Dixie 0567 Liquor - 981 Highway 98 E; Destin,FL 32541>850-654-2649
-87.320024,31.50031,Winn Dixie 0569 - 1834 S Alabama Ave; Monroeville,AL 36460>251-575-3449
-87.683185,30.392897,Winn Dixie 0570 - 1235 S Mckenzie; St Foley,AL 36535>570-895-4700
-87.787895,30.884796,Winn Dixie 0571 - 710 McMeans Ave; Bay Minette,AL 36507>251-937-1122
-88.169719,30.59038,Winn Dixie 0572 - 5440 Hwy 90 W; Mobile,AL 36619>508-240-1021
-86.648717,33.651721,Winn Dixie 0574 - 2402 Old Springville Rd; Birmingham,AL 35215>205-854-8880
-86.123017,30.707763,Winn Dixie 0577 - 1030 US Hwy 331 S; Defuniak Springs,FL 32435>850-892-0668
-88.171796,30.72837,Winn Dixie 0578 - 5651A Moffett Rd; Mobile,AL 36618>501-663-3257
-85.498301,32.576204,Winn Dixie 0579 - 1617 S College St; Auburn,AL 36832>334-826-2220
-88.171509,30.554426,Winn Dixie 0580 - 5827 Hwy 90; Theodore,AL 36582>508-441-5016
-87.688209,30.26944,Winn Dixie 0586 - Hwy 59 And 16th St; Gulf Shores,AL 36542>845-691-9155
-85.222897,30.774893,Winn Dixie 0589 Liquor - 4478 Market St Suite B; Marianna,FL 32446>850-526-2125
-88.190669,30.6612,Winn Dixie 0590 - 6300 Grelot Rd; Mobile,AL 36609>508-366-4368
-88.278225,30.670843,Winn Dixie 0591 - 9948 Airport Blvd; Mobile,AL 36608>508-394-0995
-86.917514,33.336244,Winn Dixie 0595 - 2910 Morgan Rd Suite 128; Bessemer,AL 35022>205-425-2121
-87.905151,30.617647,Winn Dixie 0596 - 3075 US Hwy 98; Daphne,AL 36526>251-621-6660
-87.818619,30.51614,Winn Dixie 0599 - 187 Baldwin Sq; Fairhope,AL 36532>251-990-5188
-82.760004,27.837824,Winn Dixie 0606 - 8740 Park Blvd; Seminole,FL 33777>727-393-6900
-82.818192,27.843741,Winn Dixie 0607 - 12975 Park Blvd; Seminole,FL 33776>727-319-3840
-82.187735,28.341453,Winn Dixie 0608 - 12649 US Hwy 301 Dade City,FL 33525>352-523-2929
-81.514626,27.588199,Winn Dixie 0609 - 802 US Hwy 27 S; Avon Park,FL 33825>863-452-6228
-82.760004,27.837824,Winn Dixie 0610 Liquor - 8740A Park Blvd; Seminole,FL 33777>727-393-4007
-82.462474,28.140686,Winn Dixie 0611 - 18407 N US Hwy 41; Lutz,FL 33549>813-948-1184
-81.775988,28.053633,Winn Dixie 0612 - 445 Havendale Blvd; Auburndale,FL 33823>863-967-7803
-82.818074,27.845023,Winn Dixie 0614 Liquor - 12951 Park Blvd; Seminole,FL 33776>727-393-1050
-81.844119,27.208606,Winn Dixie 0618 - 1330 E Oak St Arcadia,FL 34266>863-494-5400
-82.353237,27.712058,Winn Dixie 0619 - 4445 Sun City Center Blvd; Sun City Center,FL 33573>813-633-9695
-82.788716,27.880866,Winn Dixie 0622 - 11912 Seminole Blvd; Largo,FL 33778>727-584-1075
-82.756448,28.138691,Winn Dixie 0624 - 955 S Pinellas Ave; Tarpon Springs,FL 34689>727-942-2369
-82.432463,28.080613,Winn Dixie 0627 - 2540 E Bearss Ave; Tampa,FL 33613>813-972-2286
-81.906857,28.049007,Winn Dixie 0629 - 2630 US Hwy 92 ELakeland,FL 33801>863-665-4752
-82.553484,27.447541,Winn Dixie 0630 - 1010 53rd Ave E; Bradenton,FL 34203>941-727-2790
-81.922649,28.009657,Winn Dixie 0631 - 2900 Lakeland Highlands Rd; Lakeland,FL 33803>863-666-3350
-81.97235,27.939801,Winn Dixie 0632 - 6902 S Florida Ave; Lakeland,FL 33813>863-644-2214
-82.368045,27.940757,Winn Dixie 0637 - 7851 Palm River Rd; Tampa   ,FL 33619>813-620-1043
-82.48422,28.026242,Winn Dixie 0639 - 8438 N Armenia Ave; Tampa,FL 33604>813-931-5918
-82.759352,28.045764,Winn Dixie 0640 - 1296 Country Lakes Dr; Dunedin,FL 34698>727-733-1760
-82.739973,28.182703,Winn Dixie 0644 - 1640 US Hwy 19; Holiday,FL 34691>727-943-8065
-81.97236,27.939745,Winn Dixie 0645 Liquor - 6902 S Florida Ave; Lakeland,FL 33813>863-648-5153
-82.640024,27.87302,Winn Dixie 0649 - 11100 4th St N Saint Petersburg  closed,FL 33716>727-577-7095
-82.437435,28.187869,Winn Dixie 0651 - 2126 Collier Pkwy; Land O Lakes,FL 34639>813-948-6767
-82.230637,28.522897,Winn Dixie 0652 - 31100 Cortez Blvd; Brooksville,FL 34602>352-799-7700
-82.503754,27.352531,Winn Dixie 0654 - 3301 17th St; Sarasota,FL 34235>941-957-3857
-82.714576,28.217263,Winn Dixie 0655 - 6033 SR 54; New Port Richey,FL 34653>727-847-1044
-82.45744,27.337893,Winn Dixie 0655 Liquor - 5402 Fruitville Rd; Sarasota,FL 34232>941-341-9788
-82.635674,27.462708,Winn Dixie 0656 - 7400 Cortez Rd W; Bradenton,FL 34210>941-795-4638
-82.461345,27.337693,Winn Dixie 0657 - 5400 Fruitville Rd; Sarasota,FL 34232>941-342-8383
-82.801803,27.803834,Winn Dixie 0658 - 15200 Municipal Dr; Madeira Beach,FL 33708>727-392-1003
-82.59786,27.447528,Winn Dixie 0660 - 3500 53rd Ave W; Bradenton,FL 34210>941-752-3448
-82.801803,27.803834,Winn Dixie 0661 Liquor - 15200 Municipal Dr; Madeira Beach,FL 33708>727-392-3540
-82.236915,27.044186,Winn Dixie 0662 - 14275 S Tamiami Trail; North Port,FL 34287>941-426-2529
-81.758535,28.014593,Winn Dixie 0663 - 2700 Recker Hwy; Winter Haven,FL 33880>863-291-3218
-81.947766,28.127325,Winn Dixie 0664 - 6600 N Socrum Loop Rd; Lakeland,FL 33809>863-859-4611
-81.821332,27.588146,Winn Dixie 0667 - 1510 US Hwy 17 N; Wauchula,FL 33873>863-767-1008
-82.71351,27.78235,Winn Dixie 0671 - 1050 58th St N; Saint Petersburg,FL 33710>727-345-0063
-82.603181,28.33365,Winn Dixie 0672 - 12120 Moon Lake Rd; New Port Richey,FL 34654>727-856-3800
-82.392664,27.768194,Winn Dixie 0673 - 6188 N US Hwy 41; Apollo Beach,FL 33572>813-649-1300
-82.284153,27.893602,Winn Dixie 0676 - 179 E Bloomingdale Ave Brandon,FL 33511>813-681-7337
-82.326494,27.856067,Winn Dixie 0678 - 9822 US Hwy 301 S; Riverview,FL 33578>813-677-7252
-82.727126,27.866316,Winn Dixie 0681 - 6501 102 Ave N; Pinellas Park,FL 33782>727-541-2070
-82.215547,28.229804,Winn Dixie 0683 - 36348 SR 54; Zephyrhills,FL 33541>813-788-3322
-82.712905,27.819946,Winn Dixie 0684 - 5802 54th Ave N; Kenneth City,FL 33709>727-544-7211
-81.492605,27.512206,Winn Dixie 0687 - 600 Sebring Sq; Sebring,FL 33870>863-382-6479
-82.583284,28.026969,Winn Dixie 0697 - 8424 Sheldon Rd; Tampa,FL 33615>813-884-6819
-82.64925,27.829612,Winn Dixie 0698 - 1049 62nd Ave N; Saint Petersburg,FL 33702>727-525-4632
-82.679557,27.79094,Winn Dixie 0699 - 2020 34th St N; Saint Petersburg closed,FL 33713>727-323-1001
-81.557649,27.893934,Winn Dixie 0701 - 1860 SR 60 E; Lake Wales,FL 33853>863-676-1223
-82.403365,28.541507,Winn Dixie 0702 - 1230 S Broad St; Brooksville,FL 34601>352-799-2220
-81.639802,28.123667,Winn Dixie 0705 - 36019 Hwy 27 N; Haines City,FL 33844>863-421-6535
-81.975584,28.026941,Winn Dixie 0706 - 1305 Ariana St W; Lakeland,FL 33803>863-683-8352
-82.540767,28.461295,Winn Dixie 0708 - 11092 Spring Hill Dr; Spring Hill,FL 34608>352-686-8057
-82.69431,28.362585,Winn Dixie 0710 - 14134 US Hwy 19; Hudson,FL 34667>727-863-9298
-82.624166,28.46381,Winn Dixie 0711 - 2240 Commercial Way; Spring Hill,FL 34606>352-688-4800
-81.631942,28.016815,Winn Dixie 0713 - 243 US Hwy 27 S; Dundee,FL 33838>863-439-6047
-81.943112,26.492384,Winn Dixie 0717 - 17105 San Carlos Blvd; Fort Myers Beach,FL 33931>425-355-9303
-82.274308,26.933209,Winn Dixie 0720 - 4100 McCall Rd; Englewood,FL 34224>941-473-8909
-81.438149,26.749363,Winn Dixie 0721 - 906 S Main St; Labelle,FL 33935>863-675-3838
-82.274308,26.933209,Winn Dixie 0722 Liquor - 4104 McCall Rd; Englewood,FL 34224>941-474-2226
-81.88382,26.683688,Winn Dixie 0723 - 1850 N Tamiami Trl N; Fort Myers,FL 33903>480-644-8873
-82.113948,26.601544,Winn Dixie 0726 - 9706 Stringfellow Rd; Saint James City,FL 33956>413-447-7301
-81.718423,26.710553,Winn Dixie 0728 - 14600 Palm Beach Blvd; Fort Myers,FL 33905>478-453-3228
-81.730158,25.951894,Winn Dixie 0729 - 625 N Collier Blvd; Marco Island,FL 34145>239-642-9126
-81.730158,25.951894,Winn Dixie 0730 Liquor - 625 N Collier Blvd; Marco Island,FL 34145>239-389-4578
-82.099529,26.983702,Winn Dixie 0736 - 3280 Tamiami Trl; Port Charlotte,FL 33952>941-625-2151
-82.055083,27.003748,Winn Dixie 0737 - 2000 Kings Hwy; Punta Gorda,FL 33980>941-629-2662
-81.998179,26.947361,Winn Dixie 0741 - 27680 Bermont Rd; Punta Gorda,FL 33982>941-505-9208
-81.706128,26.180927,Winn Dixie 0743 - 4849 Golden Gate Pkwy; Naples,FL 34116>239-455-3244
-81.648132,26.605038,Winn Dixie 0745 - 1145 Homestead Rd N; Lehigh Acres,FL 33936>239-368-6001
-81.356219,27.299368,Winn Dixie 0746 - 70 Plaza Ave; Lake Placid,FL 33852>863-465-6821
-82.570138,28.521432,Winn Dixie 0750 - 6270 Commercial Way; Brooksville,FL 34613>352-596-6182
-81.435644,26.433108,Winn Dixie 0751 - 1602 Lake Trafford Rd; Immokalee,FL 34142>425-778-2144
-82.230637,28.522897,Winn Dixie 0753 Liquor - 310800 Cortez Blvd; Brooksville,FL 34602>352-799-1033
-82.756554,28.139828,Winn Dixie 0754 Liquor - 891 S Pinellas Ave; Tarpon Springs,FL 34689>727-943-2850
-82.551951,27.448037,Winn Dixie 0755 Liquor - 1006 53rd Ave E; Bradenton,FL 34203>941-753-5940
-82.64925,27.829612,Winn Dixie 0756 Liquor - 1049 62nd Ave N; Saint Petersburg,FL 33702>727-527-2786
-80.287481,26.13388,Winn Dixie 0757 - 901 N Nob Hill Rd; Fort Lauderdale,FL 33324>954-473-8662
-80.288527,26.134921,Winn Dixie 0758 Liquor - 963 N Nob Hill Rd; Fort Lauderdale,FL 33324>954-473-8054
-82.098036,26.983807,Winn Dixie 0761 - 3280 S Tamiami Trail; Port Charolette,FL 33952>941-764-6387
-82.540651,28.459952,Winn Dixie 0768 Liquor - 11060 Spring Hill Dr; Spring Hill,FL 34608>352-686-9032
-82.333565,28.05415,Winn Dixie 0777 - 9535 E Fowler Ave Thonotosassa,FL 33592>813-986-5798
-90.124802,30.000388,Winn Dixie 1329 - 211 Veterans Memorial Blvd; Metairie,LA 70005>504-831-8544
-88.074283,30.680038,Winn Dixie 1333 - 1550 Government St; Mobile,AL 36604>501-758-9307
-89.331424,31.304212,Winn Dixie 1334 - 2800 Lincoln Rd; Hattiesburg,MS 39401>601-268-9568
-87.70851,30.544788,Winn Dixie 1345 - 21951 SR Hwy 59 S; Robertsdale,AL 36567>508-824-3979
-89.746095,30.310355,Winn Dixie 1353 - 851 Brownswitch Rd; Slidell,LA 70458>985-649-0820
-88.974865,30.403399,Winn Dixie 1356 Liquor - 2386 Pass Rd; Biloxi,MS 39531>228-385-0812
-88.975128,30.402074,Winn Dixie 1357 - 2384 Pass Rd; Biloxi,MS 39531>228-385-2323
-90.212747,29.941432,Winn Dixie 1404 - 8601 Jefferson Hwy; River Ridge,LA 70123>504-738-2682
-90.03423,29.890727,Winn Dixie 1405 - 2112 Belle Chasse Hwy; Gretna,LA 70056>504-433-3646
-90.238789,30.029418,Winn Dixie 1406 - 4041 Williams Ave; Kenner closed,LA 70065>504-443-3846
-90.035436,30.005441,Winn Dixie 1408 - 4600 Chef Menteur; New Orleans,LA 70126>504-947-0212
-90.196299,29.976908,Winn Dixie 1411 - 5901 Airline Hwy; Metairie,LA 70003>504-734-0702
-90.241374,29.9943,Winn Dixie 1412 - 2104 Williams Blvd; Kenner,LA 70065>504-469-0861
-90.111297,29.874809,Winn Dixie 1416 - 5969 Lapalco Blvd; Marrero closed,LA 70072>504-340-0170
-90.205013,29.909958,Winn Dixie 1418 - 3001 Hwy 90; Avondale,LA 70094>504-437-0540
-90.081624,29.872086,Winn Dixie 1425 - 3645 Lapalco Blvd; Harvey,LA 70058>504-348-1059
-90.013748,29.923463,Winn Dixie 1426 - 3008 Holiday Dr; New Orleans,LA 70131>504-398-0313
-90.162671,29.963436,Winn Dixie 1428 - 3623 Jefferson Hwy; New Orleans,LA 70121>504-831-1840
-90.116318,29.916366,Winn Dixie 1430 - 5400 Tchoupitoulas St; New Orleans,LA 70115>504-895-2966
-90.141216,29.897126,Winn Dixie 1431 - 1070 Westbank Expy; Westwego,LA 70094>504-340-9951
-89.960316,29.949798,Winn Dixie 1432 - 3300 Paris Rd; Chalmette,LA 70043>504-271-4664
-89.973057,30.017477,Winn Dixie 1439 - 9701 Chef Menteur Hwy; New Orleans,LA 70127>504-244-0701
-90.107863,29.869126,Winn Dixie 1440 - 4627 Westbank Expy; Marrero,LA 70072>504-340-9898
-90.137799,30.453772,Winn Dixie 1443 - 70431 Hwy 21; Covington,LA 70443>985-871-1179
-90.34059,29.914638,Winn Dixie 1444 - 12125 Hwy 90; Luling,LA 70070>985-785-0610
-90.09183,30.374155,Winn Dixie 1446 - 619 N Causeway Blvd; Mandeville,LA 70448>985-626-5578
-90.083692,30.422294,Winn Dixie 1448 - 1001 Hwy 190; Covington,LA 70433>985-893-1531
-90.520227,30.726736,Winn Dixie 1449 - 804 W Oak St; Amite,LA 70442>985-748-7144
-91.161783,30.391534,Winn Dixie 1454 - 5555 Burbank Dr; Baton Rouge,LA 70820>225-757-0501
-91.802218,29.996862,Winn Dixie 1456 - 1104 E Main St; New Iberia,LA 70560>337-365-6020
-92.269886,30.248933,Winn Dixie 1459 - 1411 The Blvd; Rayne,LA 70578>337-334-2527
-91.071719,30.372767,Winn Dixie 1461 - 8601 Siegen Lane; Baton Rouge,LA 70810>225-766-8400
-90.700312,30.062211,Winn Dixie 1463 - 1803 Hwy 3125; Gramercy,LA 70052>225-869-8090
-91.03215,30.447078,Winn Dixie 1467  - 13555 Old Hammond Hwy; Baton Rouge,LA 70816>225-273-4499; 
-90.099262,29.978292,Winn Dixie 1472 - 401 N Carrolton; New Orleans,LA 70119>504-482-6771
-89.679875,30.549584,Winn Dixie 1477 - 1701 Hwy 43 N; Picayune,MS 39466>601-798-7696
-88.818257,30.416372,Winn Dixie 1478 - 1515 Bienville Blvd; Ocean Springs,MS 39564>228-875-8388
-89.146922,30.35278,Winn Dixie 1479 - 109 N Cleveland Ave; Long Beach,MS 39560>228-863-8680
-89.689111,30.490989,Winn Dixie 1483 - 801 Hwy 11 S; Picayune,MS 39466>601-798-5880
-92.382334,30.230262,Winn Dixie 1490 - 2004 N Parkerson Ave; Crowley,LA 70526>337-785-0010
-90.041272,30.410251,Winn Dixie 1500 - 4100 Hwy 59; Mandeville,LA 70471>985-893-1968
-90.156889,30.844338,Winn Dixie 1501 - 731 Washington St; Franklinton,LA 70438>985-839-5525
-89.722101,30.290692,Winn Dixie 1502 - 2985 Gause Blvd; Sidell,LA 70461>985-639-0021
-89.772694,30.273262,Winn Dixie 1504 - 3030 Pontchartrain Dr; Slidell,LA 70458>985-645-0026
-89.099252,30.450428,Winn Dixie 1511 - 11312 H Hwy 49; Gulfport,MS 39503>228-832-8452
-89.025529,30.39913,Winn Dixie 1512 - 1444 East Pass Rd; Gulfport,MS 39501>228-896-6337
-88.896008,30.438939,Winn Dixie 1513 - 10511 D'iberville Blvd; Diberville,MS 39540>228-392-9298
-89.819796,31.238762,Winn Dixie 1534 - 771 Hwy 98; Columbia,MS 39429>601-736-0551
-90.484571,30.501038,Winn Dixie 1537 - 2302 W Thomas St; Hammond,LA 70401>985-542-8901
-91.890595,30.276641,Winn Dixie 1549 - 924 Rees St; Breaux Bridge,LA 70517>337-332-2599
-92.00823,30.273875,Winn Dixie 1555 - 3803-F Moss St; Lafayette,LA 70507>337-264-9200
-92.153095,29.984768,Winn Dixie 1558 - 2210 Veterans Memorial Dr; Abbeville,LA 70510>337-898-1255
-91.513284,29.812764,Winn Dixie 1559 - 204 Northwest Blvd; Franklin,LA 70538>337-828-9081
-92.43431,30.495045,Winn Dixie 1570 - 1800 W Laurel; Eunice,LA 70535>337-457-0878
-91.464517,30.685317,Winn Dixie 1572 - 420 Hospital Rd; New Roads,LA 70760>225-638-5130
-91.090051,30.420063,Winn Dixie 1576 - 10974 Joor Rd; Baton Rouge,LA 70818>225-261-6001
-91.035056,30.410026,Winn Dixie 1577 - 13002 Coursey Blvd; Baton Rouge,LA 70816>225-756-7102
-91.151253,30.649516,Winn Dixie 1581 - 5005 Church St; Zachary,LA 70791>225-654-5030
-90.501493,30.073704,Winn Dixie 1583 - 1830 W Airline Hwy; LA Place,LA 70068>985-653-0860
-90.352193,29.9845,Winn Dixie 1588 - 12519 Airline Hwy; Destrehan,LA 70047>985-764-1318
-90.985901,30.334165,Winn Dixie 1590 - 17682 Airline Hwy; Prairieville,LA 70769>405-364-9310
-90.863413,30.474677,Winn Dixie 1591 - 28145 Walker Rd S; Walker,LA 70785>406-273-6661
-82.871156,29.501454,Winn Dixie 1680 - 2200 N Young Blvd; Chiefland,FL 32626>352-493-0839
-82.584739,28.892115,Winn Dixie 1733 - 1651 SE Hwy 19; Crystal River,FL 34429>352-563-0100
-82.709011,28.01236,Winn Dixie 1775 - 2514 N McMullen Booth Rd; Clearwater,FL 33761>727-723-0281
-81.813891,27.56035,Winn Dixie 1791 - 1133 US Hwy 17 S; Wauchula,FL 33873>863-773-2300
-82.050584,29.057163,Winn Dixie 1797 - 11310 SE US Hwy 301; Belleview,FL 34420>352-245-7215
-80.89569,28.972,Winn Dixie 2203 - 1838 S Ridgewood Ave; Edgewater,FL 32141>386-427-2094
-82.041796,29.054765,Winn Dixie 2205 - 10393-97 S Hwy 441-27; Belleview,FL 34420>352-307-8255
-81.889061,29.182136,Winn Dixie 2206 - 15912 E SR 40; Silver Springs,FL 34488>352-625-6253
-81.292493,28.195755,Winn Dixie 2207 - 3318 Canoe Creek Rd; Saint Cloud,FL 34772>407-891-0634
-82.328045,28.832121,Winn Dixie 2210 - 333 E Highland Blvd Space 600; Inverness,FL 34452>352-726-4141
-82.101333,29.200439,Winn Dixie 2211 - 2640 NE 14th St; Ocala,FL 34470>352-622-5604
-82.194514,29.211219,Winn Dixie 2213 - 4417 NW Blitchton Rd; Ocala,FL 34482>352-401-7667
-81.50586,28.391985,Winn Dixie 2215 - 11957 S Apopka Vineland Rd; Orlando,FL 32836>407-465-8606
-82.540478,28.881297,Winn Dixie 2217 - 6405 W Gulf To Lake Hwy; Crystal River,FL 34429>352-795-9211
-82.45252,29.077935,Winn Dixie 2219 - 10051 S US Hwy 41; Dunnellon,FL 34432>352-465-4111
-82.471111,28.915988,Winn Dixie 2220 - 3565 N Lecanto Hwy; Beverly Hills,FL 34465>352-746-7080
-82.576595,28.807011,Winn Dixie 2223 - 3792 S Suncoast Blvd; Homosassa,FL 34448>352-628-1918
-81.746362,28.548652,Winn Dixie 2225 - 684 E Hwy 50; Clermont,FL 34711>352-242-2326
-81.292493,28.195755,Winn Dixie 2226 Liquor - 3320 Canoe Creek Rd; Saint Cloud,FL 34772>407-957-4681
-82.146869,29.222274,Winn Dixie 2228 - 3435 NW Pine Ave; Ocala,FL 34475>352-368-2096
-82.178098,29.014368,Winn Dixie 2229 - 184 Marion Oaks Blvd; Ocala,FL 34473>352-347-6990
-80.674761,27.998926,Winn Dixie 2230 - 190 Malabar Rd SW; Palm Bay,FL 32907>321-952-1680
-81.361031,28.698089,Winn Dixie 2233 - 951 W SR 434; Longwood,FL 32750>407-332-8025
-81.35173,28.553409,Winn Dixie 2235 - 2415 E Colonial Dr; Orlando,FL 32803>407-898-2489
-81.312909,28.87438,Winn Dixie 2237 - 2 N Charles Richard Beall Blvd; Debary,FL 32713>386-668-8845
-81.246019,28.246321,Winn Dixie 2238 - 4855 E Irlo Bronson Memorial Hwy; Saint Cloud,FL 34771>407-892-3755
-81.271428,28.896475,Winn Dixie 2241 - 1200 Deltona Blvd; Deltona,FL 32725>386-574-6023
-81.179468,29.475664,Winn Dixie 2244 - 111 Flager Plaza Dr; Palm Coast,FL 32137>386-439-4301
-81.766519,28.551297,Winn Dixie 2245 Liquor - 682 E Hwy 50; Clermont,FL 34711>352-242-0027
-81.587123,28.714565,Winn Dixie 2246 - 1565 US 441 N; Apopka,FL 32712>407-880-8299
-81.232798,29.553553,Winn Dixie 2247 - 1260 Palm Coast Pkwy NW; Palm Coast,FL 32137>386-446-4774
-81.240931,28.88235,Winn Dixie 2249 - 1229 A Providence Blvd; Deltona,FL 32725>386-574-2698
-81.520892,28.573535,Winn Dixie 2250 - 1531 E Silver Star Rd; Ocoee,FL 34761>407-296-9296
-81.361526,28.697979,Winn Dixie 2253 Liquor - 955 W SR 434; Longwood,FL 32750>407-331-1484
-81.056587,29.23721,Winn Dixie 2258 - 1541 N Nova Rd; Daytona Beach,FL 32117>386-257-7774
-81.389244,28.304513,Winn Dixie 2260 - 1347 E Vine St; Kissimmee,FL 34744>407-933-7525
-81.724526,28.817333,Winn Dixie 2261 - 450 E Burleigh Blvd; Tavares,FL 32778>352-343-2002
-80.993265,29.196187,Winn Dixie 2263 - 2200 S Atlantic Ave; Daytona Beach,FL 32118>386-253-7713
-81.348644,28.652285,Winn Dixie 2266 - 7800 S Hwy 17-92 Suite 190; Fern Park,FL 32730>407-339-0154
-81.288001,28.514395,Winn Dixie 2267 - 7382 Curry Ford Rd; Orlando,FL 32822>407-282-4527
-80.673812,28.079113,Winn Dixie 2268 - 3170 W New Haven Ave; Melbourne,FL 32904>321-725-9311
-81.186461,28.565137,Winn Dixie 2269 - 13200 E Colonial Dr; Orlando,FL 32826>407-380-5445
-81.201823,28.546593,Winn Dixie 2270 - 12500 Lake Underhill Rd; Orlando,FL 32828>407-384-1774
-81.179017,28.656869,Winn Dixie 2271 - 1021 Lockwood Blvd; Oviedo,FL 32765>407-977-0066
-81.320618,28.696789,Winn Dixie 2273 - 1750 Sunshadow Dr; Casselberry,FL 32707>407-696-9656
-81.327722,28.513462,Winn Dixie 2276 - 4686 E Michigan St; Orlando,FL 32812>407-281-7768
-81.47083,28.524094,Winn Dixie 2278 - 1401 S Hiawassee Rd; Orlando,FL 32835>407-521-9333
-82.087972,29.158765,Winn Dixie 2286 - 3535 SE Maricamp Rd Ste 400; Ocala,FL 34471>352-694-5565
-82.036487,29.127165,Winn Dixie 2287 - 6851 SE Maricamp Rd; Ocala,FL 34472>352-687-4406
-81.345161,28.524028,Winn Dixie 2288 - 2960 Curry Ford Rd; Orlando,FL 32806>407-897-3579
-81.47326,28.519693,Winn Dixie 2299 Liquor - 1403 S Hiawassee Rd; Orlando,FL 32835>407-521-2276
-81.451694,28.579397,Winn Dixie 2301 - 2722 N Pine Hills Rd; Orlando,FL 32808>407-292-3300
-80.943159,29.014425,Winn Dixie 2304 - 1835 SR 44; New Smyrna Beach,FL 32168>386-423-3111
-81.273234,28.798349,Winn Dixie 2306 - 1514 S French Ave; Sanford,FL 32771>407-323-6664
-81.066812,29.281058,Winn Dixie 2309 - 352 W Granada Blvd; Ormond Beach,FL 32174>386-677-4070
-80.994063,29.117451,Winn Dixie 2311 - 4025 S Nova Rd; Port Orange,FL 32127>386-756-4814
-81.22537,28.944123,Winn Dixie 2313 - 2880 Howland Blvd; Deltona,FL 32725>386-532-7168
-80.754882,28.372427,Winn Dixie 2314 - 1066 Clearlake Rd; Cocoa,FL 32922>321-631-5295
-82.111243,28.680177,Winn Dixie 2320 - 1122 N Main St; Bushnell,FL 33513>352-568-0663
-82.048234,28.846978,Winn Dixie 2321 - 440 W Gulf Atlantic Hwy; Wildwood,FL 34785>352-330-4100
-82.046689,28.847089,Winn Dixie 2322 Liquor - 438 W Gulf Atlantic Hwy Wildwood,FL 34785>352-330-4268
-80.60955,28.355925,Winn Dixie 2325 - 100 Canaveral Plaza Blvd; Cocoa Beach,FL 32931>321-783-7265
-80.819873,28.585855,Winn Dixie 2326 - 1564 Harrison St; Titusville,FL 32780>321-383-1198
-80.846089,28.638187,Winn Dixie 2327 - 1535 N Singleton Ave; Titusville,FL 32796>321-267-6977
-80.582783,28.138524,Winn Dixie 2328 - 961 E Eau Gallie Blvd; Satellite Beach,FL 32937>321-773-0216
-80.766971,28.471954,Winn Dixie 2329 - 6257 N US Hwy 1; Cocoa,FL 32927>321-636-3801
-80.61142,28.037889,Winn Dixie 2333 - 5270 Babcock St NE; Palm Bay,FL 32905>321-728-1876
-81.687675,28.87437,Winn Dixie 2335 - 1955 N Hwy 19; Eustis,FL 32726>352-589-2644
-81.873641,28.740769,Winn Dixie 2336 - 27405 US Hwy 27 Suite 119; Leesburg,FL 34748>352-315-4188
-81.944292,28.936331,Winn Dixie 2337 - 944 Bichara Blvd; Lady Lake,FL 32159>352-753-5073
-80.846176,28.637939,Winn Dixie 2338 Liquor - 1529 N Singleton Ave; Titusville,FL 32796>321-267-3142
-81.299256,28.980575,Winn Dixie 2341 - 2701 S Woodland Blvd; Deland,FL 32720>386-736-6003
-81.321739,29.085349,Winn Dixie 2342 - 3120 N Woodland Blvd; Deland,FL 32720>386-738-1272
-81.323529,29.027812,Winn Dixie 2343 - 1050 W New York Ave; Deland,FL 32720>386-738-5321
-80.354409,27.274459,Winn Dixie 2348 - 281 SW Port St Lucie Blvd; Port Saint Lucie,FL 34984>772-340-0446
-80.398167,27.522438,Winn Dixie 2349 - 4870 N Kings Hwy; Fort Pierce,FL 34951>772-464-8889
-80.496292,27.779935,Winn Dixie 2354 - 995 Sebastian Blvd; Sebastian,FL 32958>772-388-4866
-80.326004,27.374885,Winn Dixie 2355 - 4967 S US Hwy 1; Fort Pierce,FL 34982>772-466-5308
-80.326067,27.427978,Winn Dixie 2358 - 2009 S US Hwy 1; Fort Pierce,FL 34950>772-461-3503
-81.348644,28.652285,Winn Dixie 2364 Liquor - 7800 S Hwy 17-92; Fern Park,FL 32730>407-339-0154
-80.416485,27.587336,Winn Dixie 2366 - 2950 9th St SW; Vero Beach,FL 32968>772-562-4303
-80.502431,27.882072,Winn Dixie 2367 - 7960 US Hwy 1; Sebastian,FL 32976>772-663-0835
-81.600529,28.340537,Winn Dixie 2379 - 7840 W Irlo Bronson Hwy; Kissimmee,FL 34747>407-397-2210
-81.368341,28.756827,Winn Dixie 2380 - 120 International Pkwy; Lake Mary,FL 32746>407-333-9792
-81.285172,28.597206,Winn Dixie 2383 - 7580 University Blvd; Winter Park,FL 32792>407-677-4500
-81.419674,28.657149,Winn Dixie 2388 - 340 S SR 434; Altamonte Springs,FL 32714>407-682-1703
-81.419674,28.657149,Winn Dixie 2389 Liquor - 340 S SR 434; Altamonte Springs,FL 32714>407-788-0138
-81.4763,28.614838,Winn Dixie 2390 - 5732 N Hiawassee Rd; Orlando,FL 32818>407-523-2427
-81.39691,28.463669,Winn Dixie 2392 - 7053 S Orange Blossom Trl; Orlando,FL 32809>407-240-0817
-81.469883,28.67318,Winn Dixie 2393 - 2231 E Semoran Blvd; Apopka,FL 32703>407-884-7788
-80.354932,27.275514,Winn Dixie 2398 Liquor - 255 SW Port St Lucie Blvd; Port Saint Lucie,FL 34984>772-340-4433
-82.433667,27.094398,Winn Dixie 2400 - 458 Venice By-Pass; Venice,FL 34285>941-485-2912
-81.803467,26.329919,Winn Dixie 2402 - 8951 Bonita Beach Rd SE; Bonita Springs,FL 34135>239-947-0329
-82.619087,27.494791,Winn Dixie 2404 - 5805 Manatee Ave; Bradenton,FL 34209>941-792-2857
-82.619087,27.494791,Winn Dixie 2405 Liquor - 5805 Manatee Ave; Bradenton,FL 34209>941-795-6409
-82.528678,27.321425,Winn Dixie 2406 - 1325 S Tamiami Trail; Sarasota,FL 34239>941-366-9698
-82.504347,27.96401,Winn Dixie 2407 - 2525 N Dale Mabry Hwy; Tampa,FL 33607>813-871-1888
-82.504347,27.96401,Winn Dixie 2408 Liquor - 2525 N Dale Mabry Hwy; Tampa,FL 33607>813-871-1888
-82.67817,27.790855,Winn Dixie 2409 - 2139 34th St N; Saint Petersburg,FL 33713>727-323-2900
-82.801803,27.803834,Winn Dixie 2410 Liquor - 3350 22nd Ave N ; Madeira Beach,FL 33713>727-323-2900
-82.734083,27.759286,Winn Dixie 2411 - 6851 Gulfport Blvd; South Pasadena,FL 33707>727-344-5491
-82.734083,27.759286,Winn Dixie 2412 Liquor - 6851 Gulfport Blvd; South Pasadena,FL 33707>727-344-5491
-82.503625,28.094686,Winn Dixie 2413 - 15692 N Dale Mabry Hwy; Tampa,FL 33618>813-963-7883
-82.503625,28.094686,Winn Dixie 2414 Liquor - 15690 N Dale Mabry Hwy; Tampa,FL 33618>813-963-7883
-82.460411,28.070244,Winn Dixie 2415 - 13508 N Florida Ave; Tampa,FL 33612>813-962-0774
-82.460411,28.070244,Winn Dixie 2416 Liquor - 13508 N Florida Ave; Tampa,FL 33612>813-960-0694
-82.516817,27.894711,Winn Dixie 2417 - 4317 W Gandy Blvd; Tampa,FL 33611>813-839-6331
-82.516817,27.894711,Winn Dixie 2418 Liquor - 4315 W Gandy Blvd; Tampa,FL 33611>813-839-6331
-82.586725,27.461346,Winn Dixie 2419 - 2501 Cortez Rd W; Bradenton,FL 34207>941-756-0681
-82.354853,28.031282,Winn Dixie 2423 - 8775 Temple Terrace Hwy; Tampa,FL 33637>813-985-4439
-82.354853,28.031282,Winn Dixie 2424 Liquor - 8775 Temple Terrace Hwy; Tampa ,FL 33637>813-985-4439
-82.76186,28.068004,Winn Dixie 2425 - 1360 Tampa Rd; Palm Harbor,FL 34683>727-787-3599
-82.76186,28.068004,Winn Dixie 2426 Liquor - 1360 Tampa Rd; Palm Harbor,FL 34683>727-787-3925
-82.388828,27.080066,Winn Dixie 2427 - 1254 Jacaranda Blvd; Venice,FL 34292>941-497-2602
-82.708153,28.258516,Winn Dixie 2429 - 6400 Massachusetts Ave; New Port Richey,FL 34652>727-841-7381
-82.70862,28.257407,Winn Dixie 2430 Liquor - 6416 Massachusetts Ave; New Port Richey,FL 34652>727-841-7381
-82.559349,28.025931,Winn Dixie 2431 - 7095 W Waters Ave; Tampa,FL 33634>813-886-2365
-82.480967,27.937364,Winn Dixie 2433 - 2100 W Swann Ave; Tampa,FL 33606>813-254-6800
-82.480967,27.937364,Winn Dixie 2434 Liquor - 2100 W Swann Ave; Tampa,FL 33606>813-254-6800
-82.123851,27.989221,Winn Dixie 2435 - 205 W Alexander St; Plant City,FL 33566>813-754-9338
-82.150662,29.260961,Winn Dixie 2437 - 7131 N US Hwy 441; Ocala,FL 34475>352-351-0100
-82.336116,26.936698,Winn Dixie 2439 - 1951 S McCall Rd; Englewood,FL 34223>941-475-9590
-82.392402,28.02903,Winn Dixie 2441 - 8837 N 56th St; Temple Terrace,FL 33617>813-988-4155
-82.392402,28.02903,Winn Dixie 2442 Liquor - 8841 N 56th St; Temple Terrace ,FL 33617>813-988-4155
-82.646751,27.802389,Winn Dixie 2443 - 3327 9th St N; Saint Petersburg,FL 33704>727-823-3538
-82.434213,27.710629,Winn Dixie 2444 - 1023 N Tamiami Trail; Ruskin,FL 33570>813-645-9157
-82.637593,27.84052,Winn Dixie 2446 - 7489 4th St N; Saint Petersburg,FL 33702>727-528-2121
-82.637593,27.84052,Winn Dixie 2447 Liquor - 7489 4th St N; Saint Petersburg,FL 33702>727-528-0490
-82.570107,27.51673,Winn Dixie 2448 - 515 7th St; Palmetto,FL 34220>941-722-1954
-82.570107,27.51673,Winn Dixie 2449 Liquor - 519 7th St; Palmetto,FL 34220>941-723-0400
-82.484754,27.975504,Winn Dixie 2450 - 4056 N Armenia Ave; Tampa,FL 33607>813-876-3280
-82.484754,27.975504,Winn Dixie 2451 Liquor - 4056 N Armenia Ave; Tampa,FL 33607>813-876-3280
-82.709011,28.01236,Winn Dixie 2452 - 2519 N McMullen Booth Rd; Clearwater,FL 33761>727-726-7635
-82.709011,28.01236,Winn Dixie 2453 Liquor - 2519 N McMullen Booth Rd; Clearwater,FL 33761>727-726-7635
-82.288252,27.979587,Winn Dixie 2454 - 750 W Dr. MLK Blvd; Seffner,FL 33584>813-685-3843
-82.288634,27.980149,Winn Dixie 2455 Liquor - 778 W Dr MLK Blvd; Seffner,FL 33584>813-651-1588
-82.761769,27.917888,Winn Dixie 2456 - 2460 E Bay Blvd; Largo,FL 33771>727-535-1322
-82.373729,29.633671,Winn Dixie 2457 - 2002 SW 34th St; Gainesville,FL 32608>352-371-3500
-82.372625,29.633859,Winn Dixie 2458 Liquor - 2020 SW 34th St; Gainesville,FL 32608>352-371-3500
-82.677292,28.289459,Winn Dixie 2459 - 9101 Little Rd; New Port Richey,FL 34654>727-868-9228
-82.677292,28.289459,Winn Dixie 2460 Liquor - 9111 Little Rd; New Port Richey,FL 34654>727-868-9228
-82.42851,28.054954,Winn Dixie 2461 - 2770 E Fowler Ave; Tampa,FL 33612>904-555-1212
-82.42851,28.054954,Winn Dixie 2462 Liquor - 2712 Fowler Ave; Tampa,FL 33612>813-971-5149
-81.440434,27.469688,Winn Dixie 2465 - 3250 US 27 S; Sebring,FL 33870>863-385-3555
-81.440434,27.469688,Winn Dixie 2466 Liquor - 3250 US 27 S; Sebring,FL 33870>863-385-2586
-82.456369,29.058939,Winn Dixie 2467 - 11352 N Williams St; Dunnellon,FL 34432>352-489-6607
-82.452223,27.980776,Winn Dixie 2472 - 805 E Dr. MLK Blvd; Tampa,FL 33603>813-301-0210
-82.452223,27.980776,Winn Dixie 2473 Liquor - 805 E Dr. MLK Blvd; Tampa,FL 33603>813-301-0210
-81.612499,26.602607,Winn Dixie 2474 - 61 Bell Blvd N; Lehigh Acres,FL 33936>239-369-6200
-82.326826,27.880558,Winn Dixie 2475 - 6929 US Hwy 301 S; Riverview,FL 33569>813-672-8455
-82.326826,27.880558,Winn Dixie 2476 Liquor - 6927 US Hwy 301 S; Riverview,FL 33569>813-672-8455
-82.738172,28.208449,Winn Dixie 2477 - 3406 US Hwy 19 N; Holiday,FL 34690>727-842-5533
-82.739502,28.208373,Winn Dixie 2478 - 3408 US Hwy 19; Holiday,FL 34691>727-842-5533
-82.738172,28.208449,Winn Dixie 2478 Liquor - 3406 US Hwy 19 N; Holiday,FL 34690>727-842-5533
-81.490549,28.4514,Winn Dixie 2479 - 7600 Dr Phillips Blvd; Orlando,FL 32819>407-578-4011
-82.750211,27.744364,Winn Dixie 2479 - 7625 Blind Pass Rd; Saint Petersburg,FL 33706>727-363-3808
-81.864764,26.687234,Winn Dixie 2480 - 5660 Bayshore Rd; Fort Myers,FL 33917>239-731-1007
-81.863642,26.689003,Winn Dixie 2481 - 5696 Bayshore Rd; Fort Myers,FL 33917>239-731-1007
-81.863642,26.689003,Winn Dixie 2481 Liquor - 5696 Bayshore Rd; Fort Myers,FL 33917>239-731-1007
-82.512827,27.269725,Winn Dixie 2482 - 2881 Clark Rd; Sarasota,FL 34231>941-923-2676
-82.512827,27.269725,Winn Dixie 2483 Liquor - 2879 Clark Rd; Sarasota,FL 34231>941-923-2549
-82.539583,28.49354,Winn Dixie 2484 - 4221 Mariner Blvd; Spring Hill,FL 34608>352-688-1771
-82.539583,28.49354,Winn Dixie 2485 Liquor - 4213 Mariner Blvd; Spring Hill,FL 34608>352-688-1771
-82.182309,28.233312,Winn Dixie 2487 - 38901 SR 54 E; Zephyrhills,FL 33540>813-782-6465
-82.172063,28.251978,Winn Dixie 2488 Liquor - 38935 SR 54 E; Zephyrhills,FL 33540>813-782-6465
-81.838056,27.209797,Winn Dixie 2491 - 1737 E Oak St; Arcadia,FL 34266>863-993-3293
-81.838056,27.209797,Winn Dixie 2492 Liquor - 1737 E Oak St; Arcadia,FL 34266>863-494-4047
-81.792185,26.469738,Winn Dixie 2493 - 18731 Three Oaks Pkwy; Fort Myers,FL 33912>239-267-0333
-82.308899,27.982786,Winn Dixie 2495 - 11230 MLK Blvd; Seffner,FL 33584>813-684-4949
-82.308899,27.982786,Winn Dixie 2496 Liquor - 11230 MLK Blvd; Seffner,FL 33584>813-684-4949
-82.204873,27.856729,Winn Dixie 2500 - 16751 Fishhawk Blvd; Lithia,FL 33547>813-643-5564
-82.757098,28.136636,Winn Dixie 2500 Liquor - 16741 Fishhawk Blvd; Lithia,FL 33547>813-643-5564
-82.483112,27.298752,Winn Dixie 2501 - 4230 Bee Ridge Rd; Sarasota,FL 34233>941-377-4047
-82.483112,27.298752,Winn Dixie 2502 Liquor - 4240 Bee Ridge Rd; Sarasota,FL 34233>941-377-4047
-82.364701,28.238402,Winn Dixie 2503 - 27301 SR 54; Wesley Chapel,FL 33543>813-994-5570
-82.364701,28.238402,Winn Dixie 2504 Liquor - 27303 SR 54; Wesley Chapel,FL 33543>813-994-5570
-82.242761,27.937726,Winn Dixie 2505 - 2535 SR 60 E; Valrico,FL 33594>813-651-9535
-82.242761,27.937726,Winn Dixie 2506 Liquor - 2535 SR 60 E; Valrico,FL 33594>813-651-9535
-82.574998,28.127756,Winn Dixie 2507 - 17649 Gunn Hwy; Odessa,FL 33556>813-920-7626
-82.574998,28.127756,Winn Dixie 2508 Liquor - 17641 Gunn Hwy; Odessa,FL 33556>813-920-7626
-82.329479,27.791992,Winn Dixie 2509 - 10579 Big Bend Rd; Riverview,FL 33579>813-234-0865
-82.329479,27.791992,Winn Dixie 2510 Liquor - 10667 Big Bend Rd; Riverview,FL 33579>813-234-0865
-82.7882,27.86642,Winn Dixie 2511 - 10202 Seminole Blvd; Seminole,FL 33772>727-392-8211
-82.786351,27.854714,Winn Dixie 2512 Liquor - 10368 Seminole Blvd; Seminole,FL 33772>727-392-8211
-81.896683,26.520705,Winn Dixie 2513 - 8650 Gladiolus Dr; Fort Myers,FL 33908>239-432-2630
-81.896683,26.520705,Winn Dixie 2514 Liquor - 8652 Gladiolus Dr; Fort Myers,FL 33908>239-432-2630
-81.68893,26.243864,Winn Dixie 2515 - 7575 Vanderbilt Beach Rd; Naples,FL 34119>239-304-3340
-82.63306,28.070783,Winn Dixie 2517 - 13016 Race Track Rd; Tampa,FL 33626>813-814-0394
-82.63306,28.070783,Winn Dixie 2518 Liquor - 13016 Race Track Rd; Tampa,FL 33626>813-814-0394
-82.576564,27.438055,Winn Dixie 2519 - 5802 14th St W; Bradenton,FL 34207>941-751-4394
-82.576564,27.438055,Winn Dixie 2520 Liquor - 5824 14th St W; Bradenton,FL 34207>941-751-4394
-81.783385,26.611135,Winn Dixie 2521 - 10580 Colonial Blvd; Fort Myers,FL 33913>239-561-0493
-81.783385,26.611135,Winn Dixie 2522 Liquor - 10580 Colonial Blvd; Ft. Myers,FL 33913>239-561-0493
-81.970222,28.907201,Winn Dixie 2523 -  820 Old Camp Rd; The Villages,FL 32162>352-391-1594
-81.788692,26.397208,Winn Dixie 2525 - 10026 Coconut Rd; Bonita Springs,FL 34135>239-495-2598
-82.412705,27.751923,Winn Dixie 2527 - 252 Harbor Village Lane; Apollo Beach,FL 33572>813-645-9674
-82.412705,27.751923,Winn Dixie 2528 Liquor - 252 Harbor Village Lane; Apollo Beach,FL 33572>813-645-9674
-82.354776,28.169878,Winn Dixie 2529 - 6425 County Line Rd; Tampa,FL 33647>813-907-2024
-82.414174,28.17129,Winn Dixie 2530 Liquor - 6427 County Line Rd; Tampa,FL 33647>813-907-2024
-82.757098,28.136636,Winn Dixie 2531 - 1171 S Pinellas Ave; Tarpon Springs,FL 34689>727-937-4074
-82.757098,28.136636,Winn Dixie 2532 Liquor - 1167 S Pinellas Ave; Tarpon Springs,FL 34689>727-937-4074
-81.951771,26.56225,Winn Dixie 2533 - 1016 Cape Coral Pkwy Suite 110 Cape Coral,FL 33904>239-542-6464
-81.951771,26.56225,Winn Dixie 2534 Liquor - 1016 Cape Coral Pkwy; Cape Coral,FL 33904>239-542-6464
-82.016709,28.86485,Winn Dixie 2545 - 2458 Burnsed Blvd; The Villages,FL 34785>904-555-1212
-81.32856,27.173154,Winn Dixie 2548 - 1519 US Hwy 27 S; Lake Placid,FL 33852>863-465-0416
-81.731284,30.336977,Winn Dixie 2601 - 1012 Edgewood Ave; Jacksonville,FL 32254>904-786-2421
-81.654697,30.375865,Winn Dixie 2603 - 201 W 48th St; Jacksonville,FL 32208>904-764-6178
-89.354545,31.324575,Winn Dixie 2626 - 4400 Hardy St; Hattiesburg,MS 39402>601-268-1683
-89.133942,31.690664,Winn Dixie 2628 - 170 Beacon St; Laurel,MS 39440>601-426-2161
-81.417151,28.553016,Winn Dixie 2656 - 3201 E Colonial Dr Orlando,FL 32803>407-297-0027
-81.417151,28.553016,Winn Dixie 2656 Liquor - 3201 W Colonial Dr; Orlando,FL 32804>407-297-1401
-81.417151,28.553016,Winn Dixie 2657 - 3201 W Colonial Dr; Orlando,FL 32804>407-578-8151
-82.431102,27.994654,Winn Dixie 2659 - 2525 E Hillsboroug Ave; Tampa,FL 33610>813-239-9603
-81.944653,30.299738,Winn Dixie Regional HQ - 15500 Beaver St W; Jacksonville,FL 32234>904-266-8000